opportunity_type,hold_percentage,sport,market_type,prop_description,market_point,game,commence_time,team1_name,team1_book,team1_odds,team1_point,team1_stake,team1_link,team2_name,team2_book,team2_odds,team2_point,team2_stake,team2_link,profit_percentage,timestamp
Low Hold,2.83,NCAAF,h2h,,,Penn State Nittany Lions vs Notre Dame Fighting Irish,2025-01-10T00:30:00Z,Notre Dame Fighting Irish,DraftKings,-118,,52.56,https://sportsbook.draftkings.com/event/31567253?outcomes=0ML78040087_3,Penn State Nittany Lions,BetMGM,105,,47.44,https://sports.{state}.betmgm.com/en/sports?options=16844802-1224625100--799912615&type=Single,0.0,2025-01-07 22:50:27.186821+00:00
Low Hold,2.91,NCAAF,h2h_q1,,,Penn State Nittany Lions vs Notre Dame Fighting Irish,2025-01-10T00:30:00Z,Notre Dame Fighting Irish,DraftKings,-112,,51.41,https://sportsbook.draftkings.com/event/31567253?outcomes=0ML78135419_3,Penn State Nittany Lions,BetMGM,100,,48.59,https://sports.{state}.betmgm.com/en/sports?options=16844802-1225788021--796895707&type=Single,0.0,2025-01-07 22:50:27.186821+00:00
Low Hold,2.91,NCAAF,h2h_h1,,,Penn State Nittany Lions vs Notre Dame Fighting Irish,2025-01-10T00:30:00Z,Notre Dame Fighting Irish,FanDuel,-112,,51.41,https://sportsbook.fanduel.com/addToBetslip?marketId=42.472045759&selectionId=484735,Penn State Nittany Lions,DraftKings,100,,48.59,https://sportsbook.draftkings.com/event/31567253?outcomes=0ML78135418_1,0.0,2025-01-07 22:50:27.186821+00:00
Low Hold,2.78,NCAAF,h2h,,,Texas Longhorns vs Ohio State Buckeyes,2025-01-11T00:30:00Z,Ohio State Buckeyes,BetMGM,-227,,67.57,https://sports.{state}.betmgm.com/en/sports?options=16844804-1224625108--799912600&type=Single,Texas Longhorns,BetRivers,200,,32.43,https://{state}.betrivers.com/?page=sportsbook#event/1022476634?coupon={pickType}|3604125031|{wagerAmount},0.0,2025-01-07 22:50:27.186821+00:00
Low Hold,2.3,NCAAF,spreads,,-5.5,Texas Longhorns vs Ohio State Buckeyes,2025-01-11T00:30:00Z,Ohio State Buckeyes,Caesars,-105,-5.5,50.13,https://sportsbook.caesars.com/us/{state}/bet/betslip?selectionIds=e69ac91c-8171-3282-8fad-935c5f964405,Texas Longhorns,FanDuel,-104,5.5,49.87,https://sportsbook.fanduel.com/addToBetslip?marketId=42.470749961&selectionId=484725,0.0,2025-01-07 22:50:27.186821+00:00
Low Hold,2.36,NCAAB,h2h,,,Xavier Musketeers vs St. John's Red Storm,2025-01-07T23:30:00Z,St. John's Red Storm,FanDuel,-110,,51.15,https://sportsbook.fanduel.com/addToBetslip?marketId=42.472503028&selectionId=4360199,Xavier Musketeers,Caesars,100,,48.85,https://sportsbook.caesars.com/us/{state}/bet/betslip?selectionIds=b3e1e7e6-e2bb-3e43-a829-e96da3246d91,0.0,2025-01-07 22:50:27.186821+00:00
Low Hold,2.19,NCAAB,alternate_spreads,,5.5,Xavier Musketeers vs St. John's Red Storm,2025-01-07T23:30:00Z,St. John's Red Storm,FanDuel,-233,5.5,68.43,https://sportsbook.fanduel.com/addToBetslip?marketId=42.472619442&selectionId=4360199,Xavier Musketeers,BetRivers,210,-5.5,31.57,https://{state}.betrivers.com/?page=sportsbook#event/1021867476?coupon={pickType}|3608322963|{wagerAmount},0.0,2025-01-07 22:50:27.186821+00:00
Low Hold,1.55,NCAAB,alternate_spreads,,-3.5,Xavier Musketeers vs St. John's Red Storm,2025-01-07T23:30:00Z,St. John's Red Storm,DraftKings,140,-3.5,41.03,https://sportsbook.draftkings.com/event/31629483?outcomes=0HC78187058N350_3,Xavier Musketeers,BetRivers,-149,3.5,58.97,https://{state}.betrivers.com/?page=sportsbook#event/1021867476?coupon={pickType}|3608323019|{wagerAmount},0.0,2025-01-07 22:50:27.186821+00:00
Low Hold,2.09,NCAAB,alternate_spreads,,2.5,Xavier Musketeers vs St. John's Red Storm,2025-01-07T23:30:00Z,St. John's Red Storm,FanDuel,-145,2.5,57.96,https://sportsbook.fanduel.com/addToBetslip?marketId=42.472619474&selectionId=4360199,Xavier Musketeers,BetRivers,133,-2.5,42.04,https://{state}.betrivers.com/?page=sportsbook#event/1021867476?coupon={pickType}|3607751212|{wagerAmount},0.0,2025-01-07 22:50:27.186821+00:00
Low Hold,1.6,NCAAB,alternate_spreads,,-5.5,Xavier Musketeers vs St. John's Red Storm,2025-01-07T23:30:00Z,St. John's Red Storm,DraftKings,190,-5.5,33.94,https://sportsbook.draftkings.com/event/31629483?outcomes=0HC78187058N550_3,Xavier Musketeers,BetRivers,-204,5.5,66.06,https://{state}.betrivers.com/?page=sportsbook#event/1021867476?coupon={pickType}|3608322999|{wagerAmount},0.0,2025-01-07 22:50:27.186821+00:00
Low Hold,1.32,NCAAB,alternate_spreads,,-2.5,Xavier Musketeers vs St. John's Red Storm,2025-01-07T23:30:00Z,St. John's Red Storm,DraftKings,120,-2.5,44.86,https://sportsbook.draftkings.com/event/31629483?outcomes=0HC78187058N250_3,Xavier Musketeers,BetRivers,-127,2.5,55.14,https://{state}.betrivers.com/?page=sportsbook#event/1021867476?coupon={pickType}|3608323026|{wagerAmount},0.0,2025-01-07 22:50:27.186821+00:00
Low Hold,2.16,NCAAB,alternate_spreads,,-4.5,Xavier Musketeers vs St. John's Red Storm,2025-01-07T23:30:00Z,St. John's Red Storm,DraftKings,160,-4.5,37.65,https://sportsbook.draftkings.com/event/31629483?outcomes=0HC78187058N450_3,Xavier Musketeers,BetRivers,-175,4.5,62.35,https://{state}.betrivers.com/?page=sportsbook#event/1021867476?coupon={pickType}|3608323031|{wagerAmount},0.0,2025-01-07 22:50:27.186821+00:00
Low Hold,2.91,NCAAB,alternate_totals,,148.5,Xavier Musketeers vs St. John's Red Storm,2025-01-07T23:30:00Z,Over,DraftKings,-175,148.5,61.89,https://sportsbook.draftkings.com/event/31629483?outcomes=0OU78187058O14850_1,Under,BetRivers,155,148.5,38.11,https://{state}.betrivers.com/?page=sportsbook#event/1021867476?coupon={pickType}|3608323022|{wagerAmount},0.0,2025-01-07 22:50:27.186821+00:00
Low Hold,2.0,NCAAB,h2h,,,Akron Zips vs Central Michigan Chippewas,2025-01-08T00:00:00Z,Akron Zips,BetRivers,-370,,77.2,https://{state}.betrivers.com/?page=sportsbook#event/1021853117?coupon={pickType}|3608015029|{wagerAmount},Central Michigan Chippewas,DraftKings,330,,22.8,https://sportsbook.draftkings.com/event/31629484?outcomes=0ML78184590_3,0.0,2025-01-07 22:50:27.186821+00:00
Low Hold,2.56,NCAAB,totals,,145.5,Akron Zips vs Central Michigan Chippewas,2025-01-08T00:00:00Z,Over,Caesars,-105,145.5,50.0,https://sportsbook.caesars.com/us/{state}/bet/betslip?selectionIds=f59b3268-6d59-3d17-b0c5-c181f223de47,Under,FanDuel,-105,145.5,50.0,https://sportsbook.fanduel.com/addToBetslip?marketId=42.472531176&selectionId=7017824,0.0,2025-01-07 22:50:27.186821+00:00
Low Hold,2.3,NCAAB,alternate_spreads,,-8.5,Akron Zips vs Central Michigan Chippewas,2025-01-08T00:00:00Z,Akron Zips,BetRivers,-104,-8.5,49.87,https://{state}.betrivers.com/?page=sportsbook#event/1021853117?coupon={pickType}|3608015057|{wagerAmount},Central Michigan Chippewas,BetMGM,-105,8.5,50.13,https://sports.{state}.betmgm.com/en/sports?options=16865791-1227302465--793009225&type=Single,0.0,2025-01-07 22:50:27.186821+00:00
Low Hold,2.18,NCAAB,h2h,,,West Virginia Mountaineers vs Arizona Wildcats,2025-01-08T00:00:00Z,Arizona Wildcats,FanDuel,-167,,61.17,https://sportsbook.fanduel.com/addToBetslip?marketId=42.472503124&selectionId=29835,West Virginia Mountaineers,Caesars,152,,38.83,https://sportsbook.caesars.com/us/{state}/bet/betslip?selectionIds=e78540fc-13d2-3fcb-97ab-1c1c0f41d6a2,0.0,2025-01-07 22:50:27.186821+00:00
Low Hold,2.56,NCAAB,totals,,143.5,West Virginia Mountaineers vs Arizona Wildcats,2025-01-08T00:00:00Z,Over,BetMGM,-105,143.5,50.0,https://sports.{state}.betmgm.com/en/sports?options=16865798-1227319636--792965384&type=Single,Under,FanDuel,-105,143.5,50.0,https://sportsbook.fanduel.com/addToBetslip?marketId=42.472503122&selectionId=7017824,0.0,2025-01-07 22:50:27.186821+00:00
Low Hold,2.71,NCAAB,alternate_spreads,,-6.5,West Virginia Mountaineers vs Arizona Wildcats,2025-01-08T00:00:00Z,Arizona Wildcats,FanDuel,144,-6.5,39.9,https://sportsbook.fanduel.com/addToBetslip?marketId=42.472620131&selectionId=29835,West Virginia Mountaineers,BetMGM,-161,6.5,60.1,https://sports.{state}.betmgm.com/en/sports?options=16865798-1227688842--791948533&type=Single,0.0,2025-01-07 22:50:27.186821+00:00
Low Hold,2.3,NCAAB,alternate_spreads,,2.5,West Virginia Mountaineers vs Arizona Wildcats,2025-01-08T00:00:00Z,Arizona Wildcats,FanDuel,-222,2.5,67.42,https://sportsbook.fanduel.com/addToBetslip?marketId=42.472620069&selectionId=29835,West Virginia Mountaineers,DraftKings,200,-2.5,32.58,https://sportsbook.draftkings.com/event/31629490?outcomes=0HC78187082N250_1,0.0,2025-01-07 22:50:27.186821+00:00
Low Hold,1.28,NCAAB,alternate_spreads,,-9.5,West Virginia Mountaineers vs Arizona Wildcats,2025-01-08T00:00:00Z,Arizona Wildcats,FanDuel,235,-9.5,29.47,https://sportsbook.fanduel.com/addToBetslip?marketId=42.472620158&selectionId=29835,West Virginia Mountaineers,BetRivers,-250,9.5,70.53,https://{state}.betrivers.com/?page=sportsbook#event/1021850363?coupon={pickType}|3608347417|{wagerAmount},0.0,2025-01-07 22:50:27.186821+00:00
Low Hold,2.27,NCAAB,alternate_spreads,,5.5,West Virginia Mountaineers vs Arizona Wildcats,2025-01-08T00:00:00Z,Arizona Wildcats,FanDuel,-370,5.5,76.99,https://sportsbook.fanduel.com/addToBetslip?marketId=42.472620156&selectionId=29835,West Virginia Mountaineers,DraftKings,325,-5.5,23.01,https://sportsbook.draftkings.com/event/31629490?outcomes=0HC78187082N550_1,0.0,2025-01-07 22:50:27.186821+00:00
Low Hold,2.78,NCAAB,alternate_spreads,,4.5,West Virginia Mountaineers vs Arizona Wildcats,2025-01-08T00:00:00Z,Arizona Wildcats,BetRivers,-312,4.5,73.71,https://{state}.betrivers.com/?page=sportsbook#event/1021850363?coupon={pickType}|3607757697|{wagerAmount},West Virginia Mountaineers,DraftKings,270,-4.5,26.29,https://sportsbook.draftkings.com/event/31629490?outcomes=0HC78187082N450_1,0.0,2025-01-07 22:50:27.186821+00:00
Low Hold,1.88,NCAAB,alternate_spreads,,3.5,West Virginia Mountaineers vs Arizona Wildcats,2025-01-08T00:00:00Z,Arizona Wildcats,BetRivers,-263,3.5,71.13,https://{state}.betrivers.com/?page=sportsbook#event/1021850363?coupon={pickType}|3608347399|{wagerAmount},West Virginia Mountaineers,DraftKings,240,-3.5,28.87,https://sportsbook.draftkings.com/event/31629490?outcomes=0HC78187082N350_1,0.0,2025-01-07 22:50:27.186821+00:00
Low Hold,2.98,NCAAB,alternate_totals,,142.5,West Virginia Mountaineers vs Arizona Wildcats,2025-01-08T00:00:00Z,Over,BetMGM,-115,142.5,51.93,https://sports.{state}.betmgm.com/en/sports?options=16865798-1227319705--792965240&type=Single,Under,BetRivers,102,142.5,48.07,https://{state}.betrivers.com/?page=sportsbook#event/1021850363?coupon={pickType}|3608347381|{wagerAmount},0.0,2025-01-07 22:50:27.186821+00:00
Low Hold,2.69,NCAAB,h2h,,,Ball State Cardinals vs Miami (OH) RedHawks,2025-01-08T00:00:00Z,Ball State Cardinals,Caesars,115,,45.29,https://sportsbook.caesars.com/us/{state}/bet/betslip?selectionIds=2eaa69c9-f5e2-33df-af77-ed89fe2d376b,Miami (OH) RedHawks,BetRivers,-128,,54.71,https://{state}.betrivers.com/?page=sportsbook#event/1021853136?coupon={pickType}|3608034807|{wagerAmount},0.0,2025-01-07 22:50:27.186821+00:00
Low Hold,2.11,NCAAB,alternate_spreads,,-2.5,Ball State Cardinals vs Miami (OH) RedHawks,2025-01-08T00:00:00Z,Ball State Cardinals,DraftKings,150,-2.5,39.17,https://sportsbook.draftkings.com/event/31629485?outcomes=0HC78187067N250_1,Miami (OH) RedHawks,BetRivers,-164,2.5,60.83,https://{state}.betrivers.com/?page=sportsbook#event/1021853136?coupon={pickType}|3608314221|{wagerAmount},0.0,2025-01-07 22:50:27.186821+00:00
Low Hold,1.94,NCAAB,alternate_spreads,,-3.5,Ball State Cardinals vs Miami (OH) RedHawks,2025-01-08T00:00:00Z,Ball State Cardinals,DraftKings,180,-3.5,35.03,https://sportsbook.draftkings.com/event/31629485?outcomes=0HC78187067N350_1,Miami (OH) RedHawks,BetRivers,-196,3.5,64.97,https://{state}.betrivers.com/?page=sportsbook#event/1021853136?coupon={pickType}|3608314226|{wagerAmount},0.0,2025-01-07 22:50:27.186821+00:00
Low Hold,2.19,NCAAB,alternate_spreads,,-4.5,Ball State Cardinals vs Miami (OH) RedHawks,2025-01-08T00:00:00Z,Ball State Cardinals,DraftKings,210,-4.5,31.57,https://sportsbook.draftkings.com/event/31629485?outcomes=0HC78187067N450_1,Miami (OH) RedHawks,BetRivers,-233,4.5,68.43,https://{state}.betrivers.com/?page=sportsbook#event/1021853136?coupon={pickType}|3608314252|{wagerAmount},0.0,2025-01-07 22:50:27.186821+00:00
Low Hold,2.94,NCAAB,alternate_spreads,,-5.5,Ball State Cardinals vs Miami (OH) RedHawks,2025-01-08T00:00:00Z,Ball State Cardinals,DraftKings,240,-5.5,28.57,https://sportsbook.draftkings.com/event/31629485?outcomes=0HC78187067N550_1,Miami (OH) RedHawks,BetRivers,-278,5.5,71.43,https://{state}.betrivers.com/?page=sportsbook#event/1021853136?coupon={pickType}|3608314208|{wagerAmount},0.0,2025-01-07 22:50:27.186821+00:00
Low Hold,2.07,NCAAB,alternate_spreads,,-6.5,Ball State Cardinals vs Miami (OH) RedHawks,2025-01-08T00:00:00Z,Ball State Cardinals,DraftKings,280,-6.5,25.78,https://sportsbook.draftkings.com/event/31629485?outcomes=0HC78187067N650_1,Miami (OH) RedHawks,BetRivers,-312,6.5,74.22,https://{state}.betrivers.com/?page=sportsbook#event/1021853136?coupon={pickType}|3608314241|{wagerAmount},0.0,2025-01-07 22:50:27.186821+00:00
Low Hold,2.82,NCAAB,alternate_totals,,142.5,Ball State Cardinals vs Miami (OH) RedHawks,2025-01-08T00:00:00Z,Over,DraftKings,-167,142.5,60.78,https://sportsbook.draftkings.com/event/31629485?outcomes=0OU78187067O14250_1,Under,BetRivers,148,142.5,39.22,https://{state}.betrivers.com/?page=sportsbook#event/1021853136?coupon={pickType}|3608314206|{wagerAmount},0.0,2025-01-07 22:50:27.186821+00:00
Low Hold,2.07,NCAAB,h2h_h1,,,Ball State Cardinals vs Miami (OH) RedHawks,2025-01-08T00:00:00Z,Ball State Cardinals,Caesars,115,,45.57,https://sportsbook.caesars.com/us/{state}/bet/betslip?selectionIds=b2f8526a-4458-3fb3-b9c9-b2f5ec7d8ba8,Miami (OH) RedHawks,DraftKings,-125,,54.43,https://sportsbook.draftkings.com/event/31629485?outcomes=0ML78192452_3,0.0,2025-01-07 22:50:27.186821+00:00
Low Hold,2.81,NCAAB,h2h,,,Western Michigan Broncos vs Bowling Green Falcons,2025-01-08T00:00:00Z,Bowling Green Falcons,DraftKings,164,,36.84,https://sportsbook.draftkings.com/event/31629487?outcomes=0ML78184593_3,Western Michigan Broncos,BetRivers,-185,,63.16,https://{state}.betrivers.com/?page=sportsbook#event/1021850358?coupon={pickType}|3608034844|{wagerAmount},0.0,2025-01-07 22:50:27.186821+00:00
Low Hold,1.81,NCAAB,totals,,151.0,Western Michigan Broncos vs Bowling Green Falcons,2025-01-08T00:00:00Z,Over,DraftKings,-108,151.0,50.89,https://sportsbook.draftkings.com/event/31629487?outcomes=0OU78184593O15100_1,Under,Caesars,100,151.0,49.11,https://sportsbook.caesars.com/us/{state}/bet/betslip?selectionIds=e8638fb6-67ae-3c23-94a4-e8dfc21d16db,0.0,2025-01-07 22:50:27.186821+00:00
Low Hold,2.65,NCAAB,alternate_spreads,,-3.5,Western Michigan Broncos vs Bowling Green Falcons,2025-01-08T00:00:00Z,Bowling Green Falcons,DraftKings,250,-3.5,27.84,https://sportsbook.draftkings.com/event/31629487?outcomes=0HC78187070N350_3,Western Michigan Broncos,BetRivers,-286,3.5,72.16,https://{state}.betrivers.com/?page=sportsbook#event/1021850358?coupon={pickType}|3608337963|{wagerAmount},0.0,2025-01-07 22:50:27.186821+00:00
Low Hold,1.92,NCAAB,alternate_spreads,,-4.5,Western Michigan Broncos vs Bowling Green Falcons,2025-01-08T00:00:00Z,Bowling Green Falcons,DraftKings,300,-4.5,24.53,https://sportsbook.draftkings.com/event/31629487?outcomes=0HC78187070N450_3,Western Michigan Broncos,BetRivers,-333,4.5,75.47,https://{state}.betrivers.com/?page=sportsbook#event/1021850358?coupon={pickType}|3608337926|{wagerAmount},0.0,2025-01-07 22:50:27.186821+00:00
Low Hold,2.05,NCAAB,alternate_totals,,147.5,Western Michigan Broncos vs Bowling Green Falcons,2025-01-08T00:00:00Z,Over,DraftKings,-161,147.5,60.49,https://sportsbook.draftkings.com/event/31629487?outcomes=0OU78187070O14750_1,Under,BetRivers,148,147.5,39.51,https://{state}.betrivers.com/?page=sportsbook#event/1021850358?coupon={pickType}|3608337943|{wagerAmount},0.0,2025-01-07 22:50:27.186821+00:00
Low Hold,2.58,NCAAB,alternate_totals,,149.5,Western Michigan Broncos vs Bowling Green Falcons,2025-01-08T00:00:00Z,Over,DraftKings,-130,149.5,55.08,https://sportsbook.draftkings.com/event/31629487?outcomes=0OU78187070O14950_1,Under,BetRivers,117,149.5,44.92,https://{state}.betrivers.com/?page=sportsbook#event/1021850358?coupon={pickType}|3608337965|{wagerAmount},0.0,2025-01-07 22:50:27.186821+00:00
Low Hold,2.28,NCAAB,alternate_totals,,148.5,Western Michigan Broncos vs Bowling Green Falcons,2025-01-08T00:00:00Z,Over,DraftKings,-145,148.5,57.86,https://sportsbook.draftkings.com/event/31629487?outcomes=0OU78187070O14850_1,Under,BetRivers,132,148.5,42.14,https://{state}.betrivers.com/?page=sportsbook#event/1021850358?coupon={pickType}|3608337920|{wagerAmount},0.0,2025-01-07 22:50:27.186821+00:00
Low Hold,2.93,NCAAB,alternate_totals,,153.5,Western Michigan Broncos vs Bowling Green Falcons,2025-01-08T00:00:00Z,Over,DraftKings,120,153.5,44.16,https://sportsbook.draftkings.com/event/31629487?outcomes=0OU78187070O15350_1,Under,BetRivers,-135,153.5,55.84,https://{state}.betrivers.com/?page=sportsbook#event/1021850358?coupon={pickType}|3608337891|{wagerAmount},0.0,2025-01-07 22:50:27.186821+00:00
Low Hold,2.5,NCAAB,alternate_totals,,150.5,Western Michigan Broncos vs Bowling Green Falcons,2025-01-08T00:00:00Z,Over,BetMGM,-115,150.5,52.17,https://sports.{state}.betmgm.com/en/sports?options=16865794-1227251688--793138987&type=Single,Under,BetRivers,104,150.5,47.83,https://{state}.betrivers.com/?page=sportsbook#event/1021850358?coupon={pickType}|3608034850|{wagerAmount},0.0,2025-01-07 22:50:27.186821+00:00
Low Hold,2.89,NCAAB,h2h_h1,,,Western Michigan Broncos vs Bowling Green Falcons,2025-01-08T00:00:00Z,Bowling Green Falcons,DraftKings,150,,38.88,https://sportsbook.draftkings.com/event/31629487?outcomes=0ML78192453_3,Western Michigan Broncos,Caesars,-169,,61.12,https://sportsbook.caesars.com/us/{state}/bet/betslip?selectionIds=defdc59e-5d4c-3ca0-bfa7-8772f056466e,0.0,2025-01-07 22:50:27.186821+00:00
Low Hold,1.59,NCAAB,h2h,,,Buffalo Bulls vs Ohio Bobcats,2025-01-08T00:00:00Z,Buffalo Bulls,BetMGM,550,,15.14,https://sports.{state}.betmgm.com/en/sports?options=16865799-1227003386--793784344&type=Single,Ohio Bobcats,BetRivers,-625,,84.86,https://{state}.betrivers.com/?page=sportsbook#event/1021850361?coupon={pickType}|3608029672|{wagerAmount},0.0,2025-01-07 22:50:27.186821+00:00
Low Hold,1.28,NCAAB,spreads,,11.5,Buffalo Bulls vs Ohio Bobcats,2025-01-08T00:00:00Z,Buffalo Bulls,BetMGM,100,11.5,49.37,https://sports.{state}.betmgm.com/en/sports?options=16865799-1227640073--792103170&type=Single,Ohio Bobcats,Caesars,-105,-11.5,50.63,https://sportsbook.caesars.com/us/{state}/bet/betslip?selectionIds=604e1807-553e-3d37-ae72-605a7c84de5c,0.0,2025-01-07 22:50:27.186821+00:00
Low Hold,2.08,NCAAB,alternate_spreads,,11.5,Buffalo Bulls vs Ohio Bobcats,2025-01-08T00:00:00Z,Buffalo Bulls,BetMGM,100,11.5,48.98,https://sports.{state}.betmgm.com/en/sports?options=16865799-1227640073--792103170&type=Single,Ohio Bobcats,BetRivers,-109,-11.5,51.02,https://{state}.betrivers.com/?page=sportsbook#event/1021850361?coupon={pickType}|3608029704|{wagerAmount},0.0,2025-01-07 22:50:27.186821+00:00
Low Hold,2.79,NCAAB,alternate_totals,,151.5,Buffalo Bulls vs Ohio Bobcats,2025-01-08T00:00:00Z,Over,DraftKings,-130,151.5,54.96,https://sportsbook.draftkings.com/event/31629494?outcomes=0OU78187094O15150_1,Under,BetRivers,116,151.5,45.04,https://{state}.betrivers.com/?page=sportsbook#event/1021850361?coupon={pickType}|3608323331|{wagerAmount},0.0,2025-01-07 22:50:27.186821+00:00
Low Hold,2.54,NCAAB,alternate_totals,,149.5,Buffalo Bulls vs Ohio Bobcats,2025-01-08T00:00:00Z,Over,DraftKings,-161,149.5,60.2,https://sportsbook.draftkings.com/event/31629494?outcomes=0OU78187094O14950_1,Under,BetRivers,145,149.5,39.8,https://{state}.betrivers.com/?page=sportsbook#event/1021850361?coupon={pickType}|3608323328|{wagerAmount},0.0,2025-01-07 22:50:27.186821+00:00
Low Hold,2.65,NCAAB,alternate_totals,,150.5,Buffalo Bulls vs Ohio Bobcats,2025-01-08T00:00:00Z,Over,DraftKings,-145,150.5,57.64,https://sportsbook.draftkings.com/event/31629494?outcomes=0OU78187094O15050_1,Under,BetRivers,130,150.5,42.36,https://{state}.betrivers.com/?page=sportsbook#event/1021850361?coupon={pickType}|3608029706|{wagerAmount},0.0,2025-01-07 22:50:27.186821+00:00
Low Hold,2.5,NCAAB,alternate_totals,,152.5,Buffalo Bulls vs Ohio Bobcats,2025-01-08T00:00:00Z,Over,BetMGM,-115,152.5,52.17,https://sports.{state}.betmgm.com/en/sports?options=16865799-1227252686--793136497&type=Single,Under,BetRivers,104,152.5,47.83,https://{state}.betrivers.com/?page=sportsbook#event/1021850361?coupon={pickType}|3608029703|{wagerAmount},0.0,2025-01-07 22:50:27.186821+00:00
Low Hold,2.52,NCAAB,h2h_h1,,,Buffalo Bulls vs Ohio Bobcats,2025-01-08T00:00:00Z,Buffalo Bulls,BetMGM,300,,24.39,https://sports.{state}.betmgm.com/en/sports?options=16865799-1227619877--792158870&type=Single,Ohio Bobcats,Caesars,-345,,75.61,https://sportsbook.caesars.com/us/{state}/bet/betslip?selectionIds=2d09751b-9487-3212-9a98-adbb0b81d84b,0.0,2025-01-07 22:50:27.186821+00:00
Low Hold,2.3,NCAAB,spreads_h2,,5.5,Buffalo Bulls vs Ohio Bobcats,2025-01-08T00:00:00Z,Buffalo Bulls,Caesars,-105,5.5,50.13,https://sportsbook.caesars.com/us/{state}/bet/betslip?selectionIds=b50c325f-a71e-3ed1-be80-8e24454cb939,Ohio Bobcats,FanDuel,-104,-5.5,49.87,https://sportsbook.fanduel.com/addToBetslip?marketId=42.472532556&selectionId=711052,0.0,2025-01-07 22:50:27.186821+00:00
Low Hold,1.76,NCAAB,h2h,,,Louisville Cardinals vs Clemson Tigers,2025-01-08T00:00:00Z,Clemson Tigers,BetRivers,143,,40.44,https://{state}.betrivers.com/?page=sportsbook#event/1021850365?coupon={pickType}|3607771009|{wagerAmount},Louisville Cardinals,FanDuel,-154,,59.56,https://sportsbook.fanduel.com/addToBetslip?marketId=42.472503918&selectionId=332190,0.0,2025-01-07 22:50:27.186821+00:00
Low Hold,2.83,NCAAB,totals,,146.5,Louisville Cardinals vs Clemson Tigers,2025-01-08T00:00:00Z,Over,BetRivers,-106,146.5,50.13,https://{state}.betrivers.com/?page=sportsbook#event/1021850365?coupon={pickType}|3607771091|{wagerAmount},Under,BetMGM,-105,146.5,49.87,https://sports.{state}.betmgm.com/en/sports?options=16865801-1227252813--793136185&type=Single,0.0,2025-01-07 22:50:27.186821+00:00
Low Hold,1.81,NCAAB,totals,,147.0,Louisville Cardinals vs Clemson Tigers,2025-01-08T00:00:00Z,Over,DraftKings,-108,147.0,50.89,https://sportsbook.draftkings.com/event/31629491?outcomes=0OU78184600O14700_1,Under,Caesars,100,147.0,49.11,https://sportsbook.caesars.com/us/{state}/bet/betslip?selectionIds=082ea953-f343-3c05-b3bb-9c189eaf6ef3,0.0,2025-01-07 22:50:27.186821+00:00
Low Hold,2.65,NCAAB,alternate_spreads,,-5.5,Louisville Cardinals vs Clemson Tigers,2025-01-08T00:00:00Z,Clemson Tigers,DraftKings,280,-5.5,25.64,https://sportsbook.draftkings.com/event/31629491?outcomes=0HC78187091N550_3,Louisville Cardinals,FanDuel,-323,5.5,74.36,https://sportsbook.fanduel.com/addToBetslip?marketId=42.472622447&selectionId=332190,0.0,2025-01-07 22:50:27.186821+00:00
Low Hold,2.4,NCAAB,alternate_spreads,,9.5,Louisville Cardinals vs Clemson Tigers,2025-01-08T00:00:00Z,Clemson Tigers,DraftKings,-270,9.5,71.28,https://sportsbook.draftkings.com/event/31629491?outcomes=0HC78187091P950_3,Louisville Cardinals,FanDuel,240,-9.5,28.72,https://sportsbook.fanduel.com/addToBetslip?marketId=42.472622490&selectionId=332190,0.0,2025-01-07 22:50:27.186821+00:00
Low Hold,1.15,NCAAB,alternate_spreads,,-2.5,Louisville Cardinals vs Clemson Tigers,2025-01-08T00:00:00Z,Clemson Tigers,DraftKings,190,-2.5,34.09,https://sportsbook.draftkings.com/event/31629491?outcomes=0HC78187091N250_3,Louisville Cardinals,FanDuel,-200,2.5,65.91,https://sportsbook.fanduel.com/addToBetslip?marketId=42.472622455&selectionId=332190,0.0,2025-01-07 22:50:27.186821+00:00
Low Hold,2.43,NCAAB,alternate_spreads,,6.5,Louisville Cardinals vs Clemson Tigers,2025-01-08T00:00:00Z,Clemson Tigers,BetMGM,-164,6.5,60.64,https://sports.{state}.betmgm.com/en/sports?options=16865801-1227688774--791948674&type=Single,Louisville Cardinals,FanDuel,148,-6.5,39.36,https://sportsbook.fanduel.com/addToBetslip?marketId=42.472622469&selectionId=332190,0.0,2025-01-07 22:50:27.186821+00:00
Low Hold,2.09,NCAAB,alternate_totals,,149.5,Louisville Cardinals vs Clemson Tigers,2025-01-08T00:00:00Z,Over,BetRivers,133,149.5,42.04,https://{state}.betrivers.com/?page=sportsbook#event/1021850365?coupon={pickType}|3607771003|{wagerAmount},Under,DraftKings,-145,149.5,57.96,https://sportsbook.draftkings.com/event/31629491?outcomes=0OU78187091U14950_3,0.0,2025-01-07 22:50:27.186821+00:00
Low Hold,2.83,NCAAB,alternate_totals,,146.5,Louisville Cardinals vs Clemson Tigers,2025-01-08T00:00:00Z,Over,BetRivers,-106,146.5,50.13,https://{state}.betrivers.com/?page=sportsbook#event/1021850365?coupon={pickType}|3607771091|{wagerAmount},Under,BetMGM,-105,146.5,49.87,https://sports.{state}.betmgm.com/en/sports?options=16865801-1227252813--793136185&type=Single,0.0,2025-01-07 22:50:27.186821+00:00
Low Hold,2.6,NCAAB,alternate_totals,,144.5,Louisville Cardinals vs Clemson Tigers,2025-01-08T00:00:00Z,Over,BetRivers,-133,144.5,55.7,https://{state}.betrivers.com/?page=sportsbook#event/1021850365?coupon={pickType}|3608018177|{wagerAmount},Under,BetMGM,120,144.5,44.3,https://sports.{state}.betmgm.com/en/sports?options=16865801-1227688781--791948657&type=Single,0.0,2025-01-07 22:50:27.186821+00:00
Low Hold,2.37,NCAAB,alternate_totals,,148.5,Louisville Cardinals vs Clemson Tigers,2025-01-08T00:00:00Z,Over,BetRivers,118,148.5,44.81,https://{state}.betrivers.com/?page=sportsbook#event/1021850365?coupon={pickType}|3608261366|{wagerAmount},Under,BetMGM,-130,148.5,55.19,https://sports.{state}.betmgm.com/en/sports?options=16865801-1227688783--791948646&type=Single,0.0,2025-01-07 22:50:27.186821+00:00
Low Hold,1.79,NCAAB,alternate_totals,,147.5,Louisville Cardinals vs Clemson Tigers,2025-01-08T00:00:00Z,Over,BetRivers,107,147.5,47.46,https://{state}.betrivers.com/?page=sportsbook#event/1021850365?coupon={pickType}|3608261387|{wagerAmount},Under,BetMGM,-115,147.5,52.54,https://sports.{state}.betmgm.com/en/sports?options=16865801-1227688761--791948693&type=Single,0.0,2025-01-07 22:50:27.186821+00:00
Low Hold,2.82,NCAAB,alternate_totals,,150.5,Louisville Cardinals vs Clemson Tigers,2025-01-08T00:00:00Z,Over,BetRivers,148,150.5,39.22,https://{state}.betrivers.com/?page=sportsbook#event/1021850365?coupon={pickType}|3608262822|{wagerAmount},Under,DraftKings,-167,150.5,60.78,https://sportsbook.draftkings.com/event/31629491?outcomes=0OU78187091U15050_3,0.0,2025-01-07 22:50:27.186821+00:00
Low Hold,1.67,NCAAB,alternate_spreads,,-20.5,Duke Blue Devils vs Pittsburgh Panthers,2025-01-08T00:00:00Z,Duke Blue Devils,DraftKings,220,-20.5,30.74,https://sportsbook.draftkings.com/event/31629492?outcomes=0HC78187085N2050_1,Pittsburgh Panthers,FanDuel,-238,20.5,69.26,https://sportsbook.fanduel.com/addToBetslip?marketId=42.472622764&selectionId=284246,0.0,2025-01-07 22:50:27.186821+00:00
Low Hold,2.11,NCAAB,alternate_spreads,,-17.5,Duke Blue Devils vs Pittsburgh Panthers,2025-01-08T00:00:00Z,Duke Blue Devils,DraftKings,150,-17.5,39.17,https://sportsbook.draftkings.com/event/31629492?outcomes=0HC78187085N1750_1,Pittsburgh Panthers,FanDuel,-164,17.5,60.83,https://sportsbook.fanduel.com/addToBetslip?marketId=42.472622721&selectionId=284246,0.0,2025-01-07 22:50:27.186821+00:00
Low Hold,2.27,NCAAB,alternate_spreads,,-23.5,Duke Blue Devils vs Pittsburgh Panthers,2025-01-08T00:00:00Z,Duke Blue Devils,DraftKings,325,-23.5,23.01,https://sportsbook.draftkings.com/event/31629492?outcomes=0HC78187085N2350_1,Pittsburgh Panthers,FanDuel,-370,23.5,76.99,https://sportsbook.fanduel.com/addToBetslip?marketId=42.472622694&selectionId=284246,0.0,2025-01-07 22:50:27.186821+00:00
Low Hold,2.4,NCAAB,alternate_totals,,135.5,Duke Blue Devils vs Pittsburgh Panthers,2025-01-08T00:00:00Z,Over,Caesars,-270,135.5,71.28,,Under,FanDuel,240,135.5,28.72,https://sportsbook.fanduel.com/addToBetslip?marketId=42.472622691&selectionId=7017824,0.0,2025-01-07 22:50:27.186821+00:00
Low Hold,0.36,NCAAB,alternate_totals,,141.5,Duke Blue Devils vs Pittsburgh Panthers,2025-01-08T00:00:00Z,Over,Caesars,-137,141.5,57.6,,Under,BetMGM,135,141.5,42.4,https://sports.{state}.betmgm.com/en/sports?options=16865800-1227688933--791948347&type=Single,0.0,2025-01-07 22:50:27.186821+00:00
Low Hold,2.12,NCAAB,alternate_totals,,138.5,Duke Blue Devils vs Pittsburgh Panthers,2025-01-08T00:00:00Z,Over,Caesars,-189,138.5,64.0,,Under,FanDuel,172,138.5,36.0,https://sportsbook.fanduel.com/addToBetslip?marketId=42.472622678&selectionId=7017824,0.0,2025-01-07 22:50:27.186821+00:00
Low Hold,2.09,NCAAB,alternate_totals,,147.5,Duke Blue Devils vs Pittsburgh Panthers,2025-01-08T00:00:00Z,Over,Caesars,133,147.5,42.04,,Under,BetMGM,-145,147.5,57.96,https://sports.{state}.betmgm.com/en/sports?options=16865800-1227818486--791628718&type=Single,0.0,2025-01-07 22:50:27.186821+00:00
Low Hold,2.68,NCAAB,alternate_totals,,136.5,Duke Blue Devils vs Pittsburgh Panthers,2025-01-08T00:00:00Z,Over,Caesars,-238,136.5,68.58,,Under,DraftKings,210,136.5,31.42,https://sportsbook.draftkings.com/event/31629492?outcomes=0OU78187085U13650_3,0.0,2025-01-07 22:50:27.186821+00:00
Low Hold,1.01,NCAAB,alternate_totals,,142.5,Duke Blue Devils vs Pittsburgh Panthers,2025-01-08T00:00:00Z,Over,Caesars,-125,142.5,55.0,,Under,BetMGM,120,142.5,45.0,https://sports.{state}.betmgm.com/en/sports?options=16865800-1227688911--791948391&type=Single,0.0,2025-01-07 22:50:27.186821+00:00
Low Hold,2.05,NCAAB,alternate_totals,,137.5,Duke Blue Devils vs Pittsburgh Panthers,2025-01-08T00:00:00Z,Over,Caesars,-208,137.5,66.21,,Under,DraftKings,190,137.5,33.79,https://sportsbook.draftkings.com/event/31629492?outcomes=0OU78187085U13750_3,0.0,2025-01-07 22:50:27.186821+00:00
Low Hold,1.97,NCAAB,alternate_totals,,143.5,Duke Blue Devils vs Pittsburgh Panthers,2025-01-08T00:00:00Z,Over,Caesars,-114,143.5,52.16,,Under,BetMGM,105,143.5,47.84,https://sports.{state}.betmgm.com/en/sports?options=16865800-1227252779--793136253&type=Single,0.0,2025-01-07 22:50:27.186821+00:00
Low Hold,2.4,NCAAB,alternate_totals,,134.5,Duke Blue Devils vs Pittsburgh Panthers,2025-01-08T00:00:00Z,Over,Caesars,-294,134.5,72.87,,Under,DraftKings,260,134.5,27.13,https://sportsbook.draftkings.com/event/31629492?outcomes=0OU78187085U13450_3,0.0,2025-01-07 22:50:27.186821+00:00
Low Hold,1.91,NCAAB,alternate_totals,,140.5,Duke Blue Devils vs Pittsburgh Panthers,2025-01-08T00:00:00Z,Over,Caesars,-152,140.5,59.11,,Under,DraftKings,140,140.5,40.89,https://sportsbook.draftkings.com/event/31629492?outcomes=0OU78187085U14050_3,0.0,2025-01-07 22:50:27.186821+00:00
Low Hold,2.89,NCAAB,alternate_totals,,139.5,Duke Blue Devils vs Pittsburgh Panthers,2025-01-08T00:00:00Z,Over,Caesars,-169,139.5,61.12,,Under,DraftKings,150,139.5,38.88,https://sportsbook.draftkings.com/event/31629492?outcomes=0OU78187085U13950_3,0.0,2025-01-07 22:50:27.186821+00:00
Low Hold,1.95,NCAAB,alternate_totals,,146.5,Duke Blue Devils vs Pittsburgh Panthers,2025-01-08T00:00:00Z,Over,Caesars,120,146.5,44.58,,Under,BetMGM,-130,146.5,55.42,https://sports.{state}.betmgm.com/en/sports?options=16865800-1227688930--791948352&type=Single,0.0,2025-01-07 22:50:27.186821+00:00
Low Hold,1.55,NCAAB,alternate_totals,,145.5,Duke Blue Devils vs Pittsburgh Panthers,2025-01-08T00:00:00Z,Over,Caesars,108,145.5,47.34,,Under,BetMGM,-115,145.5,52.66,https://sports.{state}.betmgm.com/en/sports?options=16865800-1227688899--791948417&type=Single,0.0,2025-01-07 22:50:27.186821+00:00
Low Hold,2.89,NCAAB,alternate_totals,,132.5,Duke Blue Devils vs Pittsburgh Panthers,2025-01-08T00:00:00Z,Over,Caesars,-385,132.5,77.13,,Under,DraftKings,325,132.5,22.87,https://sportsbook.draftkings.com/event/31629492?outcomes=0OU78187085U13250_3,0.0,2025-01-07 22:50:27.186821+00:00
Low Hold,2.3,NCAAB,alternate_totals,,144.5,Duke Blue Devils vs Pittsburgh Panthers,2025-01-08T00:00:00Z,Over,Caesars,-104,144.5,49.87,,Under,BetMGM,-105,144.5,50.13,https://sports.{state}.betmgm.com/en/sports?options=16865800-1227688898--791948421&type=Single,0.0,2025-01-07 22:50:27.186821+00:00
Low Hold,1.16,NCAAB,h2h_h1,,,Duke Blue Devils vs Pittsburgh Panthers,2025-01-08T00:00:00Z,Duke Blue Devils,Caesars,-476,,81.69,https://sportsbook.caesars.com/us/{state}/bet/betslip?selectionIds=0afb171f-7420-38a3-9ed9-324189a52818,Pittsburgh Panthers,FanDuel,440,,18.31,https://sportsbook.fanduel.com/addToBetslip?marketId=42.472622760&selectionId=284246,0.0,2025-01-07 22:50:27.186821+00:00
Low Hold,2.25,NCAAB,h2h,,,Toledo Rockets vs Eastern Michigan Eagles,2025-01-08T00:00:00Z,Eastern Michigan Eagles,FanDuel,410,,19.18,https://sportsbook.fanduel.com/addToBetslip?marketId=42.472532034&selectionId=719004,Toledo Rockets,BetRivers,-476,,80.82,https://{state}.betrivers.com/?page=sportsbook#event/1021850359?coupon={pickType}|3608024485|{wagerAmount},0.0,2025-01-07 22:50:27.186821+00:00
Low Hold,2.43,NCAAB,alternate_totals,,150.5,Toledo Rockets vs Eastern Michigan Eagles,2025-01-08T00:00:00Z,Over,Caesars,-164,150.5,60.64,,Under,BetRivers,148,150.5,39.36,https://{state}.betrivers.com/?page=sportsbook#event/1021850359?coupon={pickType}|3608024513|{wagerAmount},0.0,2025-01-07 22:50:27.186821+00:00
Low Hold,0.78,NCAAB,h2h_h1,,,Toledo Rockets vs Eastern Michigan Eagles,2025-01-08T00:00:00Z,Eastern Michigan Eagles,FanDuel,330,,23.08,https://sportsbook.fanduel.com/addToBetslip?marketId=42.472532366&selectionId=719004,Toledo Rockets,BetMGM,-345,,76.92,https://sports.{state}.betmgm.com/en/sports?options=16865793-1227619413--792160060&type=Single,0.0,2025-01-07 22:50:27.186821+00:00
Low Hold,0.68,NCAAB,h2h,,,Florida Gators vs Tennessee Volunteers,2025-01-08T00:00:00Z,Florida Gators,FanDuel,-147,,59.12,https://sportsbook.fanduel.com/addToBetslip?marketId=42.472490806&selectionId=332192,Tennessee Volunteers,Caesars,143,,40.88,https://sportsbook.caesars.com/us/{state}/bet/betslip?selectionIds=a4f5c710-2ea2-3b82-9afb-c204e04e4364,0.0,2025-01-07 22:50:27.186821+00:00
Low Hold,2.83,NCAAB,totals,,151.5,Florida Gators vs Tennessee Volunteers,2025-01-08T00:00:00Z,Over,FanDuel,-106,151.5,50.13,https://sportsbook.fanduel.com/addToBetslip?marketId=42.472490804&selectionId=7017823,Under,BetMGM,-105,151.5,49.87,https://sports.{state}.betmgm.com/en/sports?options=16865795-1227689120--791947973&type=Single,0.0,2025-01-07 22:50:27.186821+00:00
Low Hold,1.7,NCAAB,alternate_spreads,,3.5,Florida Gators vs Tennessee Volunteers,2025-01-08T00:00:00Z,Florida Gators,FanDuel,-227,3.5,68.28,https://sportsbook.fanduel.com/addToBetslip?marketId=42.472622044&selectionId=332192,Tennessee Volunteers,DraftKings,210,-3.5,31.72,https://sportsbook.draftkings.com/event/31629488?outcomes=0HC78187076N350_3,0.0,2025-01-07 22:50:27.186821+00:00
Low Hold,2.67,NCAAB,alternate_totals,,159.5,Florida Gators vs Tennessee Volunteers,2025-01-08T00:00:00Z,Over,FanDuel,215,159.5,30.92,https://sportsbook.fanduel.com/addToBetslip?marketId=42.472622020&selectionId=7017823,Under,DraftKings,-244,159.5,69.08,https://sportsbook.draftkings.com/event/31629488?outcomes=0OU78187076U15950_3,0.0,2025-01-07 22:50:27.186821+00:00
Low Hold,2.93,NCAAB,alternate_totals,,147.5,Florida Gators vs Tennessee Volunteers,2025-01-08T00:00:00Z,Over,FanDuel,-164,147.5,60.34,https://sportsbook.fanduel.com/addToBetslip?marketId=42.472622042&selectionId=7017823,Under,DraftKings,145,147.5,39.66,https://sportsbook.draftkings.com/event/31629488?outcomes=0OU78187076U14750_3,0.0,2025-01-07 22:50:27.186821+00:00
Low Hold,2.37,NCAAB,alternate_totals,,153.5,Florida Gators vs Tennessee Volunteers,2025-01-08T00:00:00Z,Over,FanDuel,118,153.5,44.81,https://sportsbook.fanduel.com/addToBetslip?marketId=42.472622022&selectionId=7017823,Under,DraftKings,-130,153.5,55.19,https://sportsbook.draftkings.com/event/31629488?outcomes=0OU78187076U15350_3,0.0,2025-01-07 22:50:27.186821+00:00
Low Hold,1.86,NCAAB,alternate_totals,,156.5,Florida Gators vs Tennessee Volunteers,2025-01-08T00:00:00Z,Over,FanDuel,162,156.5,37.47,https://sportsbook.fanduel.com/addToBetslip?marketId=42.472622006&selectionId=7017823,Under,DraftKings,-175,156.5,62.53,https://sportsbook.draftkings.com/event/31629488?outcomes=0OU78187076U15650_3,0.0,2025-01-07 22:50:27.186821+00:00
Low Hold,2.07,NCAAB,h2h,,,Georgia Bulldogs vs Kentucky Wildcats,2025-01-08T00:00:00Z,Georgia Bulldogs,Caesars,115,,45.57,https://sportsbook.caesars.com/us/{state}/bet/betslip?selectionIds=8523bb5c-23a5-32c9-afaf-f7a52e5f5a00,Kentucky Wildcats,FanDuel,-125,,54.43,https://sportsbook.fanduel.com/addToBetslip?marketId=42.472503162&selectionId=332189,0.0,2025-01-07 22:50:27.186821+00:00
Low Hold,2.93,NCAAB,alternate_spreads,,4.5,Georgia Bulldogs vs Kentucky Wildcats,2025-01-08T00:00:00Z,Georgia Bulldogs,BetMGM,-164,4.5,60.34,https://sports.{state}.betmgm.com/en/sports?options=16865797-1227688629--791948981&type=Single,Kentucky Wildcats,DraftKings,145,-4.5,39.66,https://sportsbook.draftkings.com/event/31629489?outcomes=0HC78187079N450_3,0.0,2025-01-07 22:50:27.186821+00:00
Low Hold,2.52,NCAAB,alternate_totals,,150.5,Georgia Bulldogs vs Kentucky Wildcats,2025-01-08T00:00:00Z,Over,BetMGM,-135,150.5,56.06,https://sports.{state}.betmgm.com/en/sports?options=16865797-1227688615--791949012&type=Single,Under,FanDuel,122,150.5,43.94,https://sportsbook.fanduel.com/addToBetslip?marketId=42.472623011&selectionId=7017824,0.0,2025-01-07 22:50:27.186821+00:00
Low Hold,2.67,NCAAB,alternate_totals,,147.5,Georgia Bulldogs vs Kentucky Wildcats,2025-01-08T00:00:00Z,Over,Caesars,-189,147.5,63.66,,Under,FanDuel,168,147.5,36.34,https://sportsbook.fanduel.com/addToBetslip?marketId=42.472622975&selectionId=7017824,0.0,2025-01-07 22:50:27.186821+00:00
Low Hold,2.84,NCAAB,alternate_totals,,144.5,Georgia Bulldogs vs Kentucky Wildcats,2025-01-08T00:00:00Z,Over,DraftKings,-270,144.5,70.97,https://sportsbook.draftkings.com/event/31629489?outcomes=0OU78187079O14450_1,Under,FanDuel,235,144.5,29.03,https://sportsbook.fanduel.com/addToBetslip?marketId=42.472622998&selectionId=7017824,0.0,2025-01-07 22:50:27.186821+00:00
Low Hold,2.26,NCAAB,h2h_h1,,,Georgia Bulldogs vs Kentucky Wildcats,2025-01-08T00:00:00Z,Georgia Bulldogs,Caesars,110,,46.56,https://sportsbook.caesars.com/us/{state}/bet/betslip?selectionIds=fc5b1320-0314-385a-b5d5-6d207c8f1f7e,Kentucky Wildcats,FanDuel,-120,,53.44,https://sportsbook.fanduel.com/addToBetslip?marketId=42.472622993&selectionId=332189,0.0,2025-01-07 22:50:27.186821+00:00
Low Hold,2.63,NCAAB,h2h,,,Syracuse Orange vs Georgia Tech Yellow Jackets,2025-01-08T00:00:00Z,Georgia Tech Yellow Jackets,Caesars,100,,48.72,https://sportsbook.caesars.com/us/{state}/bet/betslip?selectionIds=83894aea-979c-3ad7-9ef8-3519d9e7bbc7,Syracuse Orange,FanDuel,-111,,51.28,https://sportsbook.fanduel.com/addToBetslip?marketId=42.472504098&selectionId=332213,0.0,2025-01-07 22:50:27.186821+00:00
Low Hold,0.84,NCAAB,alternate_spreads,,3.5,Syracuse Orange vs Georgia Tech Yellow Jackets,2025-01-08T00:00:00Z,Georgia Tech Yellow Jackets,BetMGM,-145,3.5,58.68,https://sports.{state}.betmgm.com/en/sports?options=16865802-1227689006--791948202&type=Single,Syracuse Orange,DraftKings,140,-3.5,41.32,https://sportsbook.draftkings.com/event/31629493?outcomes=0HC78187088N350_1,0.0,2025-01-07 22:50:27.186821+00:00
Low Hold,1.95,NCAAB,alternate_spreads,,2.5,Syracuse Orange vs Georgia Tech Yellow Jackets,2025-01-08T00:00:00Z,Georgia Tech Yellow Jackets,BetMGM,-130,2.5,55.42,https://sports.{state}.betmgm.com/en/sports?options=16865802-1227688999--791948216&type=Single,Syracuse Orange,DraftKings,120,-2.5,44.58,https://sportsbook.draftkings.com/event/31629493?outcomes=0HC78187088N250_1,0.0,2025-01-07 22:50:27.186821+00:00
Low Hold,0.94,NCAAB,alternate_spreads,,4.5,Syracuse Orange vs Georgia Tech Yellow Jackets,2025-01-08T00:00:00Z,Georgia Tech Yellow Jackets,BetMGM,-161,4.5,61.15,https://sports.{state}.betmgm.com/en/sports?options=16865802-1227738699--791821827&type=Single,Syracuse Orange,BetRivers,155,-4.5,38.85,https://{state}.betrivers.com/?page=sportsbook#event/1021850393?coupon={pickType}|3608331853|{wagerAmount},0.0,2025-01-07 22:50:27.186821+00:00
Low Hold,1.07,NCAAB,alternate_spreads,,5.5,Syracuse Orange vs Georgia Tech Yellow Jackets,2025-01-08T00:00:00Z,Georgia Tech Yellow Jackets,BetMGM,-189,5.5,64.67,https://sports.{state}.betmgm.com/en/sports?options=16865802-1227780540--791715497&type=Single,Syracuse Orange,DraftKings,180,-5.5,35.33,https://sportsbook.draftkings.com/event/31629493?outcomes=0HC78187088N550_1,0.0,2025-01-07 22:50:27.186821+00:00
Low Hold,0.95,NCAAB,alternate_totals,,157.5,Syracuse Orange vs Georgia Tech Yellow Jackets,2025-01-08T00:00:00Z,Over,BetRivers,130,157.5,43.07,https://{state}.betrivers.com/?page=sportsbook#event/1021850393?coupon={pickType}|3608021579|{wagerAmount},Under,BetMGM,-135,157.5,56.93,https://sports.{state}.betmgm.com/en/sports?options=16865802-1227689022--791948165&type=Single,0.0,2025-01-07 22:50:27.186821+00:00
Low Hold,2.26,NCAAB,alternate_totals,,153.5,Syracuse Orange vs Georgia Tech Yellow Jackets,2025-01-08T00:00:00Z,Over,BetRivers,-120,153.5,53.44,https://{state}.betrivers.com/?page=sportsbook#event/1021850393?coupon={pickType}|3608021575|{wagerAmount},Under,DraftKings,110,153.5,46.56,https://sportsbook.draftkings.com/event/31629493?outcomes=0OU78187088U15350_3,0.0,2025-01-07 22:50:27.186821+00:00
Low Hold,2.25,NCAAB,alternate_totals,,152.5,Syracuse Orange vs Georgia Tech Yellow Jackets,2025-01-08T00:00:00Z,Over,BetRivers,-137,152.5,56.53,https://{state}.betrivers.com/?page=sportsbook#event/1021850393?coupon={pickType}|3608331889|{wagerAmount},Under,BetMGM,125,152.5,43.47,https://sports.{state}.betmgm.com/en/sports?options=16865802-1227697473--791927541&type=Single,0.0,2025-01-07 22:50:27.186821+00:00
Low Hold,2.08,NCAAB,alternate_totals,,154.5,Syracuse Orange vs Georgia Tech Yellow Jackets,2025-01-08T00:00:00Z,Over,BetRivers,-109,154.5,51.02,https://{state}.betrivers.com/?page=sportsbook#event/1021850393?coupon={pickType}|3608331885|{wagerAmount},Under,BetMGM,100,154.5,48.98,https://sports.{state}.betmgm.com/en/sports?options=16865802-1227689011--791948193&type=Single,0.0,2025-01-07 22:50:27.186821+00:00
Low Hold,1.16,NCAAB,alternate_totals,,156.5,Syracuse Orange vs Georgia Tech Yellow Jackets,2025-01-08T00:00:00Z,Over,BetRivers,115,156.5,45.98,https://{state}.betrivers.com/?page=sportsbook#event/1021850393?coupon={pickType}|3608021581|{wagerAmount},Under,BetMGM,-120,156.5,54.02,https://sports.{state}.betmgm.com/en/sports?options=16865802-1227614564--792171978&type=Single,0.0,2025-01-07 22:50:27.186821+00:00
Low Hold,2.16,NCAAB,alternate_totals,,159.5,Syracuse Orange vs Georgia Tech Yellow Jackets,2025-01-08T00:00:00Z,Over,BetRivers,160,159.5,37.65,https://{state}.betrivers.com/?page=sportsbook#event/1021850393?coupon={pickType}|3608331832|{wagerAmount},Under,DraftKings,-175,159.5,62.35,https://sportsbook.draftkings.com/event/31629493?outcomes=0OU78187088U15950_3,0.0,2025-01-07 22:50:27.186821+00:00
Low Hold,0.32,NCAAB,alternate_totals,,158.5,Syracuse Orange vs Georgia Tech Yellow Jackets,2025-01-08T00:00:00Z,Over,BetRivers,143,158.5,41.02,https://{state}.betrivers.com/?page=sportsbook#event/1021850393?coupon={pickType}|3608331828|{wagerAmount},Under,BetMGM,-145,158.5,58.98,https://sports.{state}.betmgm.com/en/sports?options=16865802-1227689013--791948187&type=Single,0.0,2025-01-07 22:50:27.186821+00:00
Low Hold,1.38,NCAAB,alternate_totals,,155.5,Syracuse Orange vs Georgia Tech Yellow Jackets,2025-01-08T00:00:00Z,Over,BetRivers,104,155.5,48.35,https://{state}.betrivers.com/?page=sportsbook#event/1021850393?coupon={pickType}|3608021577|{wagerAmount},Under,BetMGM,-110,155.5,51.65,https://sports.{state}.betmgm.com/en/sports?options=16865802-1227252901--793135997&type=Single,0.0,2025-01-07 22:50:27.186821+00:00
Low Hold,2.62,NCAAB,alternate_totals_h1,,71.5,Syracuse Orange vs Georgia Tech Yellow Jackets,2025-01-08T00:00:00Z,Over,BetMGM,-154,71.5,59.06,https://sports.{state}.betmgm.com/en/sports?options=16865802-1227689005--791948176&type=Single,Under,FanDuel,138,71.5,40.94,https://sportsbook.fanduel.com/addToBetslip?marketId=42.472622243&selectionId=7017824,0.0,2025-01-07 22:50:27.186821+00:00
Low Hold,1.72,NCAAB,h2h,,,Northern Illinois Huskies vs Kent State Golden Flashes,2025-01-08T00:00:00Z,Kent State Golden Flashes,DraftKings,-909,,88.57,https://sportsbook.draftkings.com/event/31629482?outcomes=0ML78184589_3,Northern Illinois Huskies,FanDuel,760,,11.43,https://sportsbook.fanduel.com/addToBetslip?marketId=42.472531231&selectionId=735896,0.0,2025-01-07 22:50:27.186821+00:00
Low Hold,2.56,NCAAB,totals,,139.5,Northern Illinois Huskies vs Kent State Golden Flashes,2025-01-08T00:00:00Z,Over,BetRivers,-105,139.5,50.0,https://{state}.betrivers.com/?page=sportsbook#event/1021853134?coupon={pickType}|3608331163|{wagerAmount},Under,BetMGM,-105,139.5,50.0,https://sports.{state}.betmgm.com/en/sports?options=16865790-1227812522--791643079&type=Single,0.0,2025-01-07 22:50:27.186821+00:00
Low Hold,1.92,NCAAB,alternate_spreads,,-20.5,Northern Illinois Huskies vs Kent State Golden Flashes,2025-01-08T00:00:00Z,Kent State Golden Flashes,DraftKings,300,-20.5,24.53,https://sportsbook.draftkings.com/event/31629482?outcomes=0HC78187061N2050_3,Northern Illinois Huskies,BetRivers,-333,20.5,75.47,https://{state}.betrivers.com/?page=sportsbook#event/1021853134?coupon={pickType}|3608331206|{wagerAmount},0.0,2025-01-07 22:50:27.186821+00:00
Low Hold,1.65,NCAAB,alternate_spreads,,-19.5,Northern Illinois Huskies vs Kent State Golden Flashes,2025-01-08T00:00:00Z,Kent State Golden Flashes,DraftKings,270,-19.5,26.59,https://sportsbook.draftkings.com/event/31629482?outcomes=0HC78187061N1950_3,Northern Illinois Huskies,BetRivers,-294,19.5,73.41,https://{state}.betrivers.com/?page=sportsbook#event/1021853134?coupon={pickType}|3608331153|{wagerAmount},0.0,2025-01-07 22:50:27.186821+00:00
Low Hold,1.73,NCAAB,alternate_spreads,,-18.5,Northern Illinois Huskies vs Kent State Golden Flashes,2025-01-08T00:00:00Z,Kent State Golden Flashes,DraftKings,230,-18.5,29.79,https://sportsbook.draftkings.com/event/31629482?outcomes=0HC78187061N1850_3,Northern Illinois Huskies,BetRivers,-250,18.5,70.21,https://{state}.betrivers.com/?page=sportsbook#event/1021853134?coupon={pickType}|3608331167|{wagerAmount},0.0,2025-01-07 22:50:27.186821+00:00
Low Hold,1.72,NCAAB,alternate_totals,,143.5,Northern Illinois Huskies vs Kent State Golden Flashes,2025-01-08T00:00:00Z,Over,BetRivers,155,143.5,38.55,https://{state}.betrivers.com/?page=sportsbook#event/1021853134?coupon={pickType}|3608604434|{wagerAmount},Under,DraftKings,-167,143.5,61.45,https://sportsbook.draftkings.com/event/31629482?outcomes=0OU78187061U14350_3,0.0,2025-01-07 22:50:27.186821+00:00
Low Hold,2.93,NCAAB,alternate_totals,,141.5,Northern Illinois Huskies vs Kent State Golden Flashes,2025-01-08T00:00:00Z,Over,BetRivers,120,141.5,44.16,https://{state}.betrivers.com/?page=sportsbook#event/1021853134?coupon={pickType}|3608508632|{wagerAmount},Under,DraftKings,-135,141.5,55.84,https://sportsbook.draftkings.com/event/31629482?outcomes=0OU78187061U14150_3,0.0,2025-01-07 22:50:27.186821+00:00
Low Hold,2.38,NCAAB,h2h_h1,,,Northern Illinois Huskies vs Kent State Golden Flashes,2025-01-08T00:00:00Z,Kent State Golden Flashes,DraftKings,-417,,78.77,https://sportsbook.draftkings.com/event/31629482?outcomes=0ML78192448_3,Northern Illinois Huskies,FanDuel,360,,21.23,https://sportsbook.fanduel.com/addToBetslip?marketId=42.472531228&selectionId=735896,0.0,2025-01-07 22:50:27.186821+00:00
Low Hold,2.52,NCAAB,h2h,,,UAB Blazers vs Tulane Green Wave,2025-01-08T00:30:00Z,Tulane Green Wave,DraftKings,310,,23.79,https://sportsbook.draftkings.com/event/31629499?outcomes=0ML78184606_3,UAB Blazers,BetRivers,-357,,76.21,https://{state}.betrivers.com/?page=sportsbook#event/1021853137?coupon={pickType}|3608035025|{wagerAmount},0.0,2025-01-07 22:50:27.186821+00:00
Low Hold,2.97,NCAAB,alternate_spreads,,15.5,UAB Blazers vs Tulane Green Wave,2025-01-08T00:30:00Z,Tulane Green Wave,BetRivers,-303,15.5,73.02,https://{state}.betrivers.com/?page=sportsbook#event/1021853137?coupon={pickType}|3608035034|{wagerAmount},UAB Blazers,DraftKings,260,-15.5,26.98,https://sportsbook.draftkings.com/event/31629499?outcomes=0HC78187097N1550_1,0.0,2025-01-07 22:50:27.186821+00:00
Low Hold,1.36,NCAAB,h2h,,,Baylor Bears vs Cincinnati Bearcats,2025-01-08T01:00:00Z,Baylor Bears,FanDuel,-213,,67.11,https://sportsbook.fanduel.com/addToBetslip?marketId=42.472503957&selectionId=705559,Cincinnati Bearcats,BetRivers,200,,32.89,https://{state}.betrivers.com/?page=sportsbook#event/1021867597?coupon={pickType}|3607784702|{wagerAmount},0.0,2025-01-07 22:50:27.186821+00:00
Low Hold,2.82,NCAAB,alternate_spreads,,-2.5,Baylor Bears vs Cincinnati Bearcats,2025-01-08T01:00:00Z,Baylor Bears,FanDuel,-167,-2.5,60.78,https://sportsbook.fanduel.com/addToBetslip?marketId=42.472623759&selectionId=705559,Cincinnati Bearcats,BetRivers,148,2.5,39.22,https://{state}.betrivers.com/?page=sportsbook#event/1021867597?coupon={pickType}|3608342261|{wagerAmount},0.0,2025-01-07 22:50:27.186821+00:00
Low Hold,2.59,NCAAB,alternate_spreads,,-14.5,Baylor Bears vs Cincinnati Bearcats,2025-01-08T01:00:00Z,Baylor Bears,FanDuel,385,-14.5,20.1,https://sportsbook.fanduel.com/addToBetslip?marketId=42.472623735&selectionId=705559,Cincinnati Bearcats,DraftKings,-455,14.5,79.9,https://sportsbook.draftkings.com/event/31629495?outcomes=0HC78187100P1450_3,0.0,2025-01-07 22:50:27.186821+00:00
Low Hold,1.87,NCAAB,alternate_spreads,,-8.5,Baylor Bears vs Cincinnati Bearcats,2025-01-08T01:00:00Z,Baylor Bears,FanDuel,154,-8.5,38.65,https://sportsbook.fanduel.com/addToBetslip?marketId=42.472623673&selectionId=705559,Cincinnati Bearcats,DraftKings,-167,8.5,61.35,https://sportsbook.draftkings.com/event/31629495?outcomes=0HC78187100P850_3,0.0,2025-01-07 22:50:27.186821+00:00
Low Hold,1.98,NCAAB,alternate_spreads,,-11.5,Baylor Bears vs Cincinnati Bearcats,2025-01-08T01:00:00Z,Baylor Bears,FanDuel,245,-11.5,28.42,https://sportsbook.fanduel.com/addToBetslip?marketId=42.472623710&selectionId=705559,Cincinnati Bearcats,DraftKings,-270,11.5,71.58,https://sportsbook.draftkings.com/event/31629495?outcomes=0HC78187100P1150_3,0.0,2025-01-07 22:50:27.186821+00:00
Low Hold,2.94,NCAAB,alternate_spreads,,1.5,Baylor Bears vs Cincinnati Bearcats,2025-01-08T01:00:00Z,Baylor Bears,DraftKings,-278,1.5,71.43,https://sportsbook.draftkings.com/event/31629495?outcomes=0HC78187100P150_1,Cincinnati Bearcats,BetRivers,240,-1.5,28.57,https://{state}.betrivers.com/?page=sportsbook#event/1021867597?coupon={pickType}|3608342291|{wagerAmount},0.0,2025-01-07 22:50:27.186821+00:00
Low Hold,1.69,NCAAB,alternate_totals,,133.5,Baylor Bears vs Cincinnati Bearcats,2025-01-08T01:00:00Z,Over,DraftKings,-196,133.5,65.13,https://sportsbook.draftkings.com/event/31629495?outcomes=0OU78187100O13350_1,Under,FanDuel,182,133.5,34.87,https://sportsbook.fanduel.com/addToBetslip?marketId=42.472623769&selectionId=7017824,0.0,2025-01-07 22:50:27.186821+00:00
Low Hold,1.96,NCAAB,alternate_totals,,136.5,Baylor Bears vs Cincinnati Bearcats,2025-01-08T01:00:00Z,Over,DraftKings,-141,136.5,57.36,https://sportsbook.draftkings.com/event/31629495?outcomes=0OU78187100O13650_1,Under,FanDuel,130,136.5,42.64,https://sportsbook.fanduel.com/addToBetslip?marketId=42.472623701&selectionId=7017824,0.0,2025-01-07 22:50:27.186821+00:00
Low Hold,1.39,NCAAB,alternate_totals,,142.5,Baylor Bears vs Cincinnati Bearcats,2025-01-08T01:00:00Z,Over,BetRivers,143,142.5,40.59,https://{state}.betrivers.com/?page=sportsbook#event/1021867597?coupon={pickType}|3608342244|{wagerAmount},Under,FanDuel,-152,142.5,59.41,https://sportsbook.fanduel.com/addToBetslip?marketId=42.472623745&selectionId=7017824,0.0,2025-01-07 22:50:27.186821+00:00
Low Hold,1.56,NCAAB,alternate_totals,,130.5,Baylor Bears vs Cincinnati Bearcats,2025-01-08T01:00:00Z,Over,DraftKings,-270,130.5,71.87,https://sportsbook.draftkings.com/event/31629495?outcomes=0OU78187100O13050_1,Under,FanDuel,250,130.5,28.13,https://sportsbook.fanduel.com/addToBetslip?marketId=42.472623716&selectionId=7017824,0.0,2025-01-07 22:50:27.186821+00:00
Low Hold,2.27,NCAAB,h2h_h1,,,Baylor Bears vs Cincinnati Bearcats,2025-01-08T01:00:00Z,Baylor Bears,FanDuel,-179,,62.68,https://sportsbook.fanduel.com/addToBetslip?marketId=42.472623703&selectionId=705559,Cincinnati Bearcats,Caesars,162,,37.32,https://sportsbook.caesars.com/us/{state}/bet/betslip?selectionIds=a7465780-3b56-3de4-aefb-3f1b51021e24,0.0,2025-01-07 22:50:27.186821+00:00
Low Hold,2.91,NCAAB,h2h,,,Marquette Golden Eagles vs Georgetown Hoyas,2025-01-08T01:00:00Z,Georgetown Hoyas,FanDuel,680,,12.46,https://sportsbook.fanduel.com/addToBetslip?marketId=42.472504138&selectionId=701612,Marquette Golden Eagles,BetRivers,-909,,87.54,https://{state}.betrivers.com/?page=sportsbook#event/1021851778?coupon={pickType}|3607713363|{wagerAmount},0.0,2025-01-07 22:50:27.186821+00:00
Low Hold,1.71,NCAAB,h2h_h1,,,Marquette Golden Eagles vs Georgetown Hoyas,2025-01-08T01:00:00Z,Georgetown Hoyas,FanDuel,390,,20.07,https://sportsbook.fanduel.com/addToBetslip?marketId=42.472624081&selectionId=701612,Marquette Golden Eagles,Caesars,-435,,79.93,https://sportsbook.caesars.com/us/{state}/bet/betslip?selectionIds=f310e486-aac8-35d9-b4a9-7a28b6283710,0.0,2025-01-07 22:50:27.186821+00:00
Low Hold,2.27,NCAAB,h2h,,,Iowa Hawkeyes vs Nebraska Cornhuskers,2025-01-08T01:00:00Z,Iowa Hawkeyes,DraftKings,-179,,62.68,https://sportsbook.draftkings.com/event/31629498?outcomes=0ML78184605_1,Nebraska Cornhuskers,Caesars,162,,37.32,https://sportsbook.caesars.com/us/{state}/bet/betslip?selectionIds=9191af0c-74ce-33da-a185-2f3e6430a705,0.0,2025-01-07 22:50:27.186821+00:00
Low Hold,2.84,NCAAB,alternate_spreads,,-10.5,Iowa Hawkeyes vs Nebraska Cornhuskers,2025-01-08T01:00:00Z,Iowa Hawkeyes,FanDuel,235,-10.5,29.03,https://sportsbook.fanduel.com/addToBetslip?marketId=42.472623468&selectionId=664419,Nebraska Cornhuskers,DraftKings,-270,10.5,70.97,https://sportsbook.draftkings.com/event/31629498?outcomes=0HC78187109P1050_3,0.0,2025-01-07 22:50:27.186821+00:00
Low Hold,2.43,NCAAB,alternate_spreads,,-7.5,Iowa Hawkeyes vs Nebraska Cornhuskers,2025-01-08T01:00:00Z,Iowa Hawkeyes,BetRivers,148,-7.5,39.36,https://{state}.betrivers.com/?page=sportsbook#event/1021860652?coupon={pickType}|3608335277|{wagerAmount},Nebraska Cornhuskers,BetMGM,-164,7.5,60.64,https://sports.{state}.betmgm.com/en/sports?options=16865805-1227689248--791947708&type=Single,0.0,2025-01-07 22:50:27.186821+00:00
Low Hold,2.28,NCAAB,alternate_totals,,158.5,Iowa Hawkeyes vs Nebraska Cornhuskers,2025-01-08T01:00:00Z,Over,BetMGM,-145,158.5,57.86,https://sports.{state}.betmgm.com/en/sports?options=16865805-1227253414--793134670&type=Single,Under,BetRivers,132,158.5,42.14,https://{state}.betrivers.com/?page=sportsbook#event/1021860652?coupon={pickType}|3607774103|{wagerAmount},0.0,2025-01-07 22:50:27.186821+00:00
Low Hold,2.17,NCAAB,alternate_totals,,157.5,Iowa Hawkeyes vs Nebraska Cornhuskers,2025-01-08T01:00:00Z,Over,Caesars,-159,157.5,60.05,,Under,BetRivers,145,157.5,39.95,https://{state}.betrivers.com/?page=sportsbook#event/1021860652?coupon={pickType}|3607718727|{wagerAmount},0.0,2025-01-07 22:50:27.186821+00:00
Low Hold,0.9,NCAAB,alternate_totals,,160.5,Iowa Hawkeyes vs Nebraska Cornhuskers,2025-01-08T01:00:00Z,Over,Caesars,-110,160.5,51.89,https://sportsbook.caesars.com/us/{state}/bet/betslip?selectionIds=1677c189-4512-38c4-a943-ac96e79ffb42,Under,BetRivers,106,160.5,48.11,https://{state}.betrivers.com/?page=sportsbook#event/1021860652?coupon={pickType}|3607754408|{wagerAmount},0.0,2025-01-07 22:50:27.186821+00:00
Low Hold,2.05,NCAAB,alternate_totals,,159.5,Iowa Hawkeyes vs Nebraska Cornhuskers,2025-01-08T01:00:00Z,Over,Caesars,-128,159.5,55.05,,Under,BetRivers,118,159.5,44.95,https://{state}.betrivers.com/?page=sportsbook#event/1021860652?coupon={pickType}|3607754410|{wagerAmount},0.0,2025-01-07 22:50:27.186821+00:00
Low Hold,2.83,NCAAB,alternate_totals,,161.5,Iowa Hawkeyes vs Nebraska Cornhuskers,2025-01-08T01:00:00Z,Over,BetMGM,-105,161.5,49.87,https://sports.{state}.betmgm.com/en/sports?options=16865805-1227689281--791947640&type=Single,Under,BetRivers,-106,161.5,50.13,https://{state}.betrivers.com/?page=sportsbook#event/1021860652?coupon={pickType}|3608335240|{wagerAmount},0.0,2025-01-07 22:50:27.186821+00:00
Low Hold,2.83,NCAAB,alternate_totals,,162.5,Iowa Hawkeyes vs Nebraska Cornhuskers,2025-01-08T01:00:00Z,Over,BetMGM,105,162.5,47.44,https://sports.{state}.betmgm.com/en/sports?options=16865805-1227689261--791947683&type=Single,Under,BetRivers,-118,162.5,52.56,https://{state}.betrivers.com/?page=sportsbook#event/1021860652?coupon={pickType}|3608335244|{wagerAmount},0.0,2025-01-07 22:50:27.186821+00:00
Low Hold,2.98,NCAAB,alternate_totals,,154.5,Iowa Hawkeyes vs Nebraska Cornhuskers,2025-01-08T01:00:00Z,Over,Caesars,-217,154.5,66.51,,Under,DraftKings,190,154.5,33.49,https://sportsbook.draftkings.com/event/31629498?outcomes=0OU78187109U15450_3,0.0,2025-01-07 22:50:27.186821+00:00
Low Hold,2.68,NCAAB,alternate_totals,,153.5,Iowa Hawkeyes vs Nebraska Cornhuskers,2025-01-08T01:00:00Z,Over,Caesars,-238,153.5,68.58,,Under,DraftKings,210,153.5,31.42,https://sportsbook.draftkings.com/event/31629498?outcomes=0OU78187109U15350_3,0.0,2025-01-07 22:50:27.186821+00:00
Low Hold,2.27,NCAAB,alternate_totals,,149.5,Iowa Hawkeyes vs Nebraska Cornhuskers,2025-01-08T01:00:00Z,Over,Caesars,-370,149.5,76.99,,Under,DraftKings,325,149.5,23.01,https://sportsbook.draftkings.com/event/31629498?outcomes=0OU78187109U14950_3,0.0,2025-01-07 22:50:27.186821+00:00
Low Hold,2.4,NCAAB,alternate_totals,,151.5,Iowa Hawkeyes vs Nebraska Cornhuskers,2025-01-08T01:00:00Z,Over,Caesars,-294,151.5,72.87,,Under,DraftKings,260,151.5,27.13,https://sportsbook.draftkings.com/event/31629498?outcomes=0OU78187109U15150_3,0.0,2025-01-07 22:50:27.186821+00:00
Low Hold,2.67,NCAAB,h2h,,,Iowa State Cyclones vs Utah Utes,2025-01-08T01:00:00Z,Iowa State Cyclones,DraftKings,-1667,,91.88,https://sportsbook.draftkings.com/event/31629506?outcomes=0ML78184614_1,Utah Utes,FanDuel,1100,,8.12,https://sportsbook.fanduel.com/addToBetslip?marketId=42.472503908&selectionId=13119,0.0,2025-01-07 22:50:27.186821+00:00
Low Hold,1.55,NCAAB,totals,,152.5,Iowa State Cyclones vs Utah Utes,2025-01-08T01:00:00Z,Over,BetRivers,-106,152.5,50.76,https://{state}.betrivers.com/?page=sportsbook#event/1021867607?coupon={pickType}|3608345576|{wagerAmount},Under,Caesars,100,152.5,49.24,https://sportsbook.caesars.com/us/{state}/bet/betslip?selectionIds=035d2322-19c0-31d0-a5e0-1af95254f796,0.0,2025-01-07 22:50:27.186821+00:00
Low Hold,2.79,NCAAB,alternate_spreads,,-19.5,Iowa State Cyclones vs Utah Utes,2025-01-08T01:00:00Z,Iowa State Cyclones,BetMGM,135,-19.5,41.4,https://sports.{state}.betmgm.com/en/sports?options=16865809-1227783187--791709372&type=Single,Utah Utes,FanDuel,-152,19.5,58.6,https://sportsbook.fanduel.com/addToBetslip?marketId=42.472623953&selectionId=13119,0.0,2025-01-07 22:50:27.186821+00:00
Low Hold,2.93,NCAAB,alternate_spreads,,-18.5,Iowa State Cyclones vs Utah Utes,2025-01-08T01:00:00Z,Iowa State Cyclones,BetMGM,120,-18.5,44.16,https://sports.{state}.betmgm.com/en/sports?options=16865809-1227253861--793133671&type=Single,Utah Utes,DraftKings,-135,18.5,55.84,https://sportsbook.draftkings.com/event/31629506?outcomes=0HC78187118P1850_3,0.0,2025-01-07 22:50:27.186821+00:00
Low Hold,2.9,NCAAB,h2h,,,Oklahoma St Cowboys vs Kansas St Wildcats,2025-01-08T01:00:00Z,Kansas St Wildcats,BetRivers,117,,44.78,https://{state}.betrivers.com/?page=sportsbook#event/1021851776?coupon={pickType}|3607760347|{wagerAmount},Oklahoma St Cowboys,FanDuel,-132,,55.22,https://sportsbook.fanduel.com/addToBetslip?marketId=42.472504008&selectionId=284196,0.0,2025-01-07 22:50:27.186821+00:00
Low Hold,0.06,NCAAB,totals,,146.5,Oklahoma St Cowboys vs Kansas St Wildcats,2025-01-08T01:00:00Z,Over,FanDuel,-105,146.5,51.25,https://sportsbook.fanduel.com/addToBetslip?marketId=42.472504007&selectionId=7017823,Under,Caesars,105,146.5,48.75,https://sportsbook.caesars.com/us/{state}/bet/betslip?selectionIds=33f907f3-7c38-3f1d-8418-16174743812f,0.0,2025-01-07 22:50:27.186821+00:00
Low Hold,1.75,NCAAB,alternate_spreads,,-3.5,Oklahoma St Cowboys vs Kansas St Wildcats,2025-01-08T01:00:00Z,Kansas St Wildcats,BetRivers,185,-3.5,34.48,https://{state}.betrivers.com/?page=sportsbook#event/1021851776?coupon={pickType}|3607760362|{wagerAmount},Oklahoma St Cowboys,FanDuel,-200,3.5,65.52,https://sportsbook.fanduel.com/addToBetslip?marketId=42.472624359&selectionId=284196,0.0,2025-01-07 22:50:27.186821+00:00
Low Hold,1.98,NCAAB,alternate_spreads,,-6.5,Oklahoma St Cowboys vs Kansas St Wildcats,2025-01-08T01:00:00Z,Kansas St Wildcats,DraftKings,290,-6.5,25.14,https://sportsbook.draftkings.com/event/31629501?outcomes=0HC78187115N650_3,Oklahoma St Cowboys,FanDuel,-323,6.5,74.86,https://sportsbook.fanduel.com/addToBetslip?marketId=42.472624414&selectionId=284196,0.0,2025-01-07 22:50:27.186821+00:00
Low Hold,2.82,NCAAB,alternate_totals,,142.5,Oklahoma St Cowboys vs Kansas St Wildcats,2025-01-08T01:00:00Z,Over,FanDuel,-167,142.5,60.78,https://sportsbook.fanduel.com/addToBetslip?marketId=42.472624362&selectionId=7017823,Under,BetRivers,148,142.5,39.22,https://{state}.betrivers.com/?page=sportsbook#event/1021851776?coupon={pickType}|3607760364|{wagerAmount},0.0,2025-01-07 22:50:27.186821+00:00
Low Hold,2.98,NCAAB,alternate_totals,,143.5,Oklahoma St Cowboys vs Kansas St Wildcats,2025-01-08T01:00:00Z,Over,BetMGM,-149,143.5,58.15,https://sports.{state}.betmgm.com/en/sports?options=16865807-1227689429--791947322&type=Single,Under,BetRivers,132,143.5,41.85,https://{state}.betrivers.com/?page=sportsbook#event/1021851776?coupon={pickType}|3607760372|{wagerAmount},0.0,2025-01-07 22:50:27.186821+00:00
Low Hold,1.14,NCAAB,alternate_totals,,146.5,Oklahoma St Cowboys vs Kansas St Wildcats,2025-01-08T01:00:00Z,Over,BetMGM,-110,146.5,51.77,https://sports.{state}.betmgm.com/en/sports?options=16865807-1227309696--792990852&type=Single,Under,Caesars,105,146.5,48.23,https://sportsbook.caesars.com/us/{state}/bet/betslip?selectionIds=33f907f3-7c38-3f1d-8418-16174743812f,0.0,2025-01-07 22:50:27.186821+00:00
Low Hold,2.65,NCAAB,h2h,,,Eastern Illinois Panthers vs SIU-Edwardsville Cougars,2025-01-08T01:30:00Z,Eastern Illinois Panthers,FanDuel,130,,42.36,https://sportsbook.fanduel.com/addToBetslip?marketId=42.472532407&selectionId=718717,SIU-Edwardsville Cougars,Caesars,-145,,57.64,https://sportsbook.caesars.com/us/{state}/bet/betslip?selectionIds=9fc6a739-e6aa-339c-bbb0-52f0cc1ccbce,0.0,2025-01-07 22:50:27.186821+00:00
Low Hold,2.36,NCAAB,totals,,135.0,Eastern Illinois Panthers vs SIU-Edwardsville Cougars,2025-01-08T01:30:00Z,Over,DraftKings,-110,135.0,51.15,https://sportsbook.draftkings.com/event/31629504?outcomes=0OU78184611O13500_1,Under,Caesars,100,135.0,48.85,https://sportsbook.caesars.com/us/{state}/bet/betslip?selectionIds=100c0d56-901a-3c44-98eb-2156f4834b57,0.0,2025-01-07 22:50:27.186821+00:00
Low Hold,2.91,NCAAB,alternate_totals,,130.5,Eastern Illinois Panthers vs SIU-Edwardsville Cougars,2025-01-08T01:30:00Z,Over,DraftKings,-175,130.5,61.89,https://sportsbook.draftkings.com/event/31629504?outcomes=0OU78187121O13050_1,Under,BetRivers,155,130.5,38.11,https://{state}.betrivers.com/?page=sportsbook#event/1021851769?coupon={pickType}|3608348787|{wagerAmount},0.0,2025-01-07 22:50:27.186821+00:00
Low Hold,2.79,NCAAB,h2h_h1,,,Eastern Illinois Panthers vs SIU-Edwardsville Cougars,2025-01-08T01:30:00Z,Eastern Illinois Panthers,FanDuel,116,,45.04,https://sportsbook.fanduel.com/addToBetslip?marketId=42.472538197&selectionId=718717,SIU-Edwardsville Cougars,Caesars,-130,,54.96,https://sportsbook.caesars.com/us/{state}/bet/betslip?selectionIds=cb2e4871-169d-3847-9f89-4f50564f7b89,0.0,2025-01-07 22:50:27.186821+00:00
Low Hold,2.7,NCAAB,spreads_h1,,1.5,Eastern Illinois Panthers vs SIU-Edwardsville Cougars,2025-01-08T01:30:00Z,Eastern Illinois Panthers,FanDuel,-114,1.5,51.79,https://sportsbook.fanduel.com/addToBetslip?marketId=42.472538205&selectionId=718717,SIU-Edwardsville Cougars,BetRivers,102,-1.5,48.21,https://{state}.betrivers.com/?page=sportsbook#event/1021851769?coupon={pickType}|3608348841|{wagerAmount},0.0,2025-01-07 22:50:27.186821+00:00
Low Hold,1.89,NCAAB,h2h,,,Texas Longhorns vs Auburn Tigers,2025-01-08T02:00:00Z,Auburn Tigers,BetRivers,-526,,82.47,https://{state}.betrivers.com/?page=sportsbook#event/1021851794?coupon={pickType}|3607729037|{wagerAmount},Texas Longhorns,FanDuel,460,,17.53,https://sportsbook.fanduel.com/addToBetslip?marketId=42.472504170&selectionId=332193,0.0,2025-01-07 22:50:27.186821+00:00
Low Hold,2.56,NCAAB,spreads,,-10.5,Texas Longhorns vs Auburn Tigers,2025-01-08T02:00:00Z,Auburn Tigers,BetMGM,-105,-10.5,50.0,https://sports.{state}.betmgm.com/en/sports?options=16865813-1227254420--793132286&type=Single,Texas Longhorns,FanDuel,-105,10.5,50.0,https://sportsbook.fanduel.com/addToBetslip?marketId=42.472504146&selectionId=332193,0.0,2025-01-07 22:50:27.186821+00:00
Low Hold,2.56,NCAAB,totals,,149.5,Texas Longhorns vs Auburn Tigers,2025-01-08T02:00:00Z,Over,Caesars,-105,149.5,50.0,https://sportsbook.caesars.com/us/{state}/bet/betslip?selectionIds=5751027a-18ef-3e54-8618-c80740afdec4,Under,FanDuel,-105,149.5,50.0,https://sportsbook.fanduel.com/addToBetslip?marketId=42.472504169&selectionId=7017824,0.0,2025-01-07 22:50:27.186821+00:00
Low Hold,1.98,NCAAB,alternate_spreads,,-4.5,Texas Longhorns vs Auburn Tigers,2025-01-08T02:00:00Z,Auburn Tigers,DraftKings,-270,-4.5,71.58,https://sportsbook.draftkings.com/event/31629505?outcomes=0HC78187127N450_3,Texas Longhorns,FanDuel,245,4.5,28.42,https://sportsbook.fanduel.com/addToBetslip?marketId=42.472624874&selectionId=332193,0.0,2025-01-07 22:50:27.186821+00:00
Low Hold,0.0,NCAAB,alternate_spreads,,-16.5,Texas Longhorns vs Auburn Tigers,2025-01-08T02:00:00Z,Auburn Tigers,DraftKings,250,-16.5,28.57,https://sportsbook.draftkings.com/event/31629505?outcomes=0HC78187127N1650_3,Texas Longhorns,FanDuel,-250,16.5,71.43,https://sportsbook.fanduel.com/addToBetslip?marketId=42.472624819&selectionId=332193,0.0,2025-01-07 22:50:27.186821+00:00
Low Hold,0.02,NCAAB,alternate_spreads,,-19.5,Texas Longhorns vs Auburn Tigers,2025-01-08T02:00:00Z,Auburn Tigers,DraftKings,370,-19.5,21.27,https://sportsbook.draftkings.com/event/31629505?outcomes=0HC78187127N1950_3,Texas Longhorns,FanDuel,-370,19.5,78.73,https://sportsbook.fanduel.com/addToBetslip?marketId=42.472624866&selectionId=332193,0.0,2025-01-07 22:50:27.186821+00:00
Low Hold,2.5,NCAAB,alternate_spreads,,-13.5,Texas Longhorns vs Auburn Tigers,2025-01-08T02:00:00Z,Auburn Tigers,DraftKings,150,-13.5,39.02,https://sportsbook.draftkings.com/event/31629505?outcomes=0HC78187127N1350_3,Texas Longhorns,FanDuel,-167,13.5,60.98,https://sportsbook.fanduel.com/addToBetslip?marketId=42.472624826&selectionId=332193,0.0,2025-01-07 22:50:27.186821+00:00
Low Hold,2.31,NCAAB,h2h_h1,,,Texas Longhorns vs Auburn Tigers,2025-01-08T02:00:00Z,Auburn Tigers,Caesars,-323,,74.61,https://sportsbook.caesars.com/us/{state}/bet/betslip?selectionIds=394893a0-6b56-3cf2-a8d4-da9e130be290,Texas Longhorns,FanDuel,285,,25.39,https://sportsbook.fanduel.com/addToBetslip?marketId=42.472624837&selectionId=332193,0.0,2025-01-07 22:50:27.186821+00:00
Low Hold,2.32,NCAAB,spreads,,-1.5,BYU Cougars vs Texas Tech Red Raiders,2025-01-08T02:00:00Z,BYU Cougars,DraftKings,-108,-1.5,50.64,https://sportsbook.draftkings.com/event/31629502?outcomes=0HC78184609N150_1,Texas Tech Red Raiders,FanDuel,-102,1.5,49.36,https://sportsbook.fanduel.com/addToBetslip?marketId=42.472503953&selectionId=284244,0.0,2025-01-07 22:50:27.186821+00:00
Low Hold,1.73,NCAAB,alternate_spreads,,-4.5,BYU Cougars vs Texas Tech Red Raiders,2025-01-08T02:00:00Z,BYU Cougars,DraftKings,150,-4.5,39.32,https://sportsbook.draftkings.com/event/31629502?outcomes=0HC78187124N450_1,Texas Tech Red Raiders,BetMGM,-161,4.5,60.68,https://sports.{state}.betmgm.com/en/sports?options=16865818-1227689781--791946413&type=Single,0.0,2025-01-07 22:50:27.186821+00:00
Low Hold,2.65,NCAAB,alternate_spreads,,-3.5,BYU Cougars vs Texas Tech Red Raiders,2025-01-08T02:00:00Z,BYU Cougars,DraftKings,130,-3.5,42.36,https://sportsbook.draftkings.com/event/31629502?outcomes=0HC78187124N350_1,Texas Tech Red Raiders,BetMGM,-145,3.5,57.64,https://sports.{state}.betmgm.com/en/sports?options=16865818-1227255066--793130757&type=Single,0.0,2025-01-07 22:50:27.186821+00:00
Low Hold,2.4,NCAAB,alternate_spreads,,-5.5,BYU Cougars vs Texas Tech Red Raiders,2025-01-08T02:00:00Z,BYU Cougars,BetRivers,170,-5.5,36.17,https://{state}.betrivers.com/?page=sportsbook#event/1021860756?coupon={pickType}|3608357992|{wagerAmount},Texas Tech Red Raiders,BetMGM,-189,5.5,63.83,https://sports.{state}.betmgm.com/en/sports?options=16865818-1227689793--791946389&type=Single,0.0,2025-01-07 22:50:27.186821+00:00
Low Hold,1.03,NCAAB,alternate_totals,,145.5,BYU Cougars vs Texas Tech Red Raiders,2025-01-08T02:00:00Z,Over,BetMGM,-149,145.5,59.27,https://sports.{state}.betmgm.com/en/sports?options=16865818-1227689779--791946415&type=Single,Under,BetRivers,143,145.5,40.73,https://{state}.betrivers.com/?page=sportsbook#event/1021860756?coupon={pickType}|3607784933|{wagerAmount},0.0,2025-01-07 22:50:27.186821+00:00
Low Hold,2.73,NCAAB,alternate_totals,,151.5,BYU Cougars vs Texas Tech Red Raiders,2025-01-08T02:00:00Z,Over,FanDuel,126,151.5,43.07,https://sportsbook.fanduel.com/addToBetslip?marketId=42.472625327&selectionId=7017823,Under,BetRivers,-141,151.5,56.93,https://{state}.betrivers.com/?page=sportsbook#event/1021860756?coupon={pickType}|3607784925|{wagerAmount},0.0,2025-01-07 22:50:27.186821+00:00
Low Hold,2.87,NCAAB,alternate_totals,,150.5,BYU Cougars vs Texas Tech Red Raiders,2025-01-08T02:00:00Z,Over,BetMGM,110,150.5,46.29,https://sports.{state}.betmgm.com/en/sports?options=16865818-1227689787--791946401&type=Single,Under,BetRivers,-123,150.5,53.71,https://{state}.betrivers.com/?page=sportsbook#event/1021860756?coupon={pickType}|3607784929|{wagerAmount},0.0,2025-01-07 22:50:27.186821+00:00
Low Hold,1.86,NCAAB,alternate_totals,,148.5,BYU Cougars vs Texas Tech Red Raiders,2025-01-08T02:00:00Z,Over,BetMGM,-110,148.5,51.4,https://sports.{state}.betmgm.com/en/sports?options=16865818-1227650416--792068033&type=Single,Under,BetRivers,102,148.5,48.6,https://{state}.betrivers.com/?page=sportsbook#event/1021860756?coupon={pickType}|3607784931|{wagerAmount},0.0,2025-01-07 22:50:27.186821+00:00
Low Hold,2.91,NCAAB,alternate_totals,,149.5,BYU Cougars vs Texas Tech Red Raiders,2025-01-08T02:00:00Z,Over,BetMGM,100,149.5,48.59,https://sports.{state}.betmgm.com/en/sports?options=16865818-1227255065--793130759&type=Single,Under,BetRivers,-112,149.5,51.41,https://{state}.betrivers.com/?page=sportsbook#event/1021860756?coupon={pickType}|3607784935|{wagerAmount},0.0,2025-01-07 22:50:27.186821+00:00
Low Hold,1.37,NCAAB,alternate_totals,,147.5,BYU Cougars vs Texas Tech Red Raiders,2025-01-08T02:00:00Z,Over,BetMGM,-120,147.5,53.9,https://sports.{state}.betmgm.com/en/sports?options=16865818-1227689803--791946367&type=Single,Under,BetRivers,114,147.5,46.1,https://{state}.betrivers.com/?page=sportsbook#event/1021860756?coupon={pickType}|3608358005|{wagerAmount},0.0,2025-01-07 22:50:27.186821+00:00
Low Hold,1.33,NCAAB,alternate_totals,,146.5,BYU Cougars vs Texas Tech Red Raiders,2025-01-08T02:00:00Z,Over,BetMGM,-135,146.5,56.72,https://sports.{state}.betmgm.com/en/sports?options=16865818-1227689815--791946343&type=Single,Under,BetRivers,128,146.5,43.28,https://{state}.betrivers.com/?page=sportsbook#event/1021860756?coupon={pickType}|3608358050|{wagerAmount},0.0,2025-01-07 22:50:27.186821+00:00
Low Hold,2.16,NCAAB,alternate_totals,,144.5,BYU Cougars vs Texas Tech Red Raiders,2025-01-08T02:00:00Z,Over,DraftKings,-175,144.5,62.35,https://sportsbook.draftkings.com/event/31629502?outcomes=0OU78187124O14450_1,Under,BetRivers,160,144.5,37.65,https://{state}.betrivers.com/?page=sportsbook#event/1021860756?coupon={pickType}|3608408447|{wagerAmount},0.0,2025-01-07 22:50:27.186821+00:00
Low Hold,1.36,NCAAB,h2h,,,Colorado St Rams vs Fresno St Bulldogs,2025-01-08T02:00:00Z,Colorado St Rams,BetRivers,-1250,,91.35,https://{state}.betrivers.com/?page=sportsbook#event/1021853122?coupon={pickType}|3607840223|{wagerAmount},Fresno St Bulldogs,FanDuel,1040,,8.65,https://sportsbook.fanduel.com/addToBetslip?marketId=42.472520723&selectionId=719432,0.0,2025-01-07 22:50:27.186821+00:00
Low Hold,2.11,NCAAB,alternate_totals,,146.5,Colorado St Rams vs Fresno St Bulldogs,2025-01-08T02:00:00Z,Over,Caesars,-164,146.5,60.83,,Under,BetRivers,150,146.5,39.17,https://{state}.betrivers.com/?page=sportsbook#event/1021853122?coupon={pickType}|3608358083|{wagerAmount},0.0,2025-01-07 22:50:27.186821+00:00
Low Hold,1.72,NCAAB,alternate_totals,,147.5,Colorado St Rams vs Fresno St Bulldogs,2025-01-08T02:00:00Z,Over,DraftKings,-145,147.5,58.17,https://sportsbook.draftkings.com/event/31629507?outcomes=0OU78187130O14750_1,Under,BetRivers,135,147.5,41.83,https://{state}.betrivers.com/?page=sportsbook#event/1021853122?coupon={pickType}|3607993968|{wagerAmount},0.0,2025-01-07 22:50:27.186821+00:00
Low Hold,1.55,NCAAB,alternate_totals,,149.5,Colorado St Rams vs Fresno St Bulldogs,2025-01-08T02:00:00Z,Over,BetMGM,-115,149.5,52.66,https://sports.{state}.betmgm.com/en/sports?options=16865812-1227254371--793132394&type=Single,Under,BetRivers,108,149.5,47.34,https://{state}.betrivers.com/?page=sportsbook#event/1021853122?coupon={pickType}|3607993213|{wagerAmount},0.0,2025-01-07 22:50:27.186821+00:00
Low Hold,2.6,NCAAB,alternate_totals,,148.5,Colorado St Rams vs Fresno St Bulldogs,2025-01-08T02:00:00Z,Over,Caesars,-133,148.5,55.7,,Under,BetRivers,120,148.5,44.3,https://{state}.betrivers.com/?page=sportsbook#event/1021853122?coupon={pickType}|3608358129|{wagerAmount},0.0,2025-01-07 22:50:27.186821+00:00
Low Hold,2.93,NCAAB,h2h_h1,,,Colorado St Rams vs Fresno St Bulldogs,2025-01-08T02:00:00Z,Colorado St Rams,Caesars,-556,,82.34,https://sportsbook.caesars.com/us/{state}/bet/betslip?selectionIds=ab36cbfe-0511-3f38-88e8-a704f8812678,Fresno St Bulldogs,FanDuel,450,,17.66,https://sportsbook.fanduel.com/addToBetslip?marketId=42.472542271&selectionId=719432,0.0,2025-01-07 22:50:27.186821+00:00
Low Hold,1.38,NCAAB,alternate_spreads,,15.5,Missouri Tigers vs LSU Tigers,2025-01-08T02:00:00Z,LSU Tigers,DraftKings,-357,15.5,77.06,https://sportsbook.draftkings.com/event/31629509?outcomes=0HC78187141P1550_3,Missouri Tigers,FanDuel,330,-15.5,22.94,https://sportsbook.fanduel.com/addToBetslip?marketId=42.472625193&selectionId=332649,0.0,2025-01-07 22:50:27.186821+00:00
Low Hold,0.85,NCAAB,alternate_spreads,,9.5,Missouri Tigers vs LSU Tigers,2025-01-08T02:00:00Z,LSU Tigers,DraftKings,-141,9.5,57.99,https://sportsbook.draftkings.com/event/31629509?outcomes=0HC78187141P950_3,Missouri Tigers,FanDuel,136,-9.5,42.01,https://sportsbook.fanduel.com/addToBetslip?marketId=42.472625212&selectionId=332649,0.0,2025-01-07 22:50:27.186821+00:00
Low Hold,0.22,NCAAB,alternate_spreads,,12.5,Missouri Tigers vs LSU Tigers,2025-01-08T02:00:00Z,LSU Tigers,DraftKings,-222,12.5,68.82,https://sportsbook.draftkings.com/event/31629509?outcomes=0HC78187141P1250_3,Missouri Tigers,FanDuel,220,-12.5,31.18,https://sportsbook.fanduel.com/addToBetslip?marketId=42.472625232&selectionId=332649,0.0,2025-01-07 22:50:27.186821+00:00
Low Hold,2.37,NCAAB,alternate_totals,,153.5,Missouri Tigers vs LSU Tigers,2025-01-08T02:00:00Z,Over,BetRivers,118,153.5,44.81,https://{state}.betrivers.com/?page=sportsbook#event/1021851791?coupon={pickType}|3608355040|{wagerAmount},Under,BetMGM,-130,153.5,55.19,https://sports.{state}.betmgm.com/en/sports?options=16865815-1227689983--791945990&type=Single,0.0,2025-01-07 22:50:27.186821+00:00
Low Hold,2.26,NCAAB,alternate_totals,,152.5,Missouri Tigers vs LSU Tigers,2025-01-08T02:00:00Z,Over,BetRivers,105,152.5,47.7,https://{state}.betrivers.com/?page=sportsbook#event/1021851791?coupon={pickType}|3607760661|{wagerAmount},Under,BetMGM,-115,152.5,52.3,https://sports.{state}.betmgm.com/en/sports?options=16865815-1227254486--793132152&type=Single,0.0,2025-01-07 22:50:27.186821+00:00
Low Hold,2.93,NCAAB,alternate_totals,,149.5,Missouri Tigers vs LSU Tigers,2025-01-08T02:00:00Z,Over,BetRivers,-135,149.5,55.84,https://{state}.betrivers.com/?page=sportsbook#event/1021851791?coupon={pickType}|3607760751|{wagerAmount},Under,BetMGM,120,149.5,44.16,https://sports.{state}.betmgm.com/en/sports?options=16865815-1227689951--791946062&type=Single,0.0,2025-01-07 22:50:27.186821+00:00
Low Hold,2.79,NCAAB,alternate_totals,,148.5,Missouri Tigers vs LSU Tigers,2025-01-08T02:00:00Z,Over,BetRivers,-152,148.5,58.6,https://{state}.betrivers.com/?page=sportsbook#event/1021851791?coupon={pickType}|3608354991|{wagerAmount},Under,BetMGM,135,148.5,41.4,https://sports.{state}.betmgm.com/en/sports?options=16865815-1227689949--791946054&type=Single,0.0,2025-01-07 22:50:27.186821+00:00
Low Hold,2.65,NCAAB,alternate_totals,,154.5,Missouri Tigers vs LSU Tigers,2025-01-08T02:00:00Z,Over,BetRivers,130,154.5,42.36,https://{state}.betrivers.com/?page=sportsbook#event/1021851791?coupon={pickType}|3608354996|{wagerAmount},Under,BetMGM,-145,154.5,57.64,https://sports.{state}.betmgm.com/en/sports?options=16865815-1227739479--791820120&type=Single,0.0,2025-01-07 22:50:27.186821+00:00
Low Hold,2.82,NCAAB,alternate_totals,,155.5,Missouri Tigers vs LSU Tigers,2025-01-08T02:00:00Z,Over,BetRivers,148,155.5,39.22,https://{state}.betrivers.com/?page=sportsbook#event/1021851791?coupon={pickType}|3608414435|{wagerAmount},Under,DraftKings,-167,155.5,60.78,https://sportsbook.draftkings.com/event/31629509?outcomes=0OU78187141U15550_3,0.0,2025-01-07 22:50:27.186821+00:00
Low Hold,1.75,NCAAB,h2h_h1,,,Missouri Tigers vs LSU Tigers,2025-01-08T02:00:00Z,LSU Tigers,Caesars,205,,32.22,https://sportsbook.caesars.com/us/{state}/bet/betslip?selectionIds=0311c936-1038-3e27-b7a4-a8508b626e0b,Missouri Tigers,FanDuel,-222,,67.78,https://sportsbook.fanduel.com/addToBetslip?marketId=42.472625263&selectionId=332649,0.0,2025-01-07 22:50:27.186821+00:00
Low Hold,2.28,NCAAB,h2h,,,Vanderbilt Commodores vs Mississippi St Bulldogs,2025-01-08T02:00:00Z,Mississippi St Bulldogs,Caesars,-145,,57.86,https://sportsbook.caesars.com/us/{state}/bet/betslip?selectionIds=90d27d83-a951-3483-96b1-b98faf27142d,Vanderbilt Commodores,BetRivers,132,,42.14,https://{state}.betrivers.com/?page=sportsbook#event/1021860660?coupon={pickType}|3607778875|{wagerAmount},0.0,2025-01-07 22:50:27.186821+00:00
Low Hold,2.79,NCAAB,h2h_h1,,,Vanderbilt Commodores vs Mississippi St Bulldogs,2025-01-08T02:00:00Z,Mississippi St Bulldogs,Caesars,-130,,54.96,https://sportsbook.caesars.com/us/{state}/bet/betslip?selectionIds=71d9c3dd-5ee7-356a-8b17-321af0b06906,Vanderbilt Commodores,FanDuel,116,,45.04,https://sportsbook.fanduel.com/addToBetslip?marketId=42.472625043&selectionId=701625,0.0,2025-01-07 22:50:27.186821+00:00
Low Hold,1.88,NCAAB,h2h,,,North Carolina Tar Heels vs SMU Mustangs,2025-01-08T02:00:00Z,North Carolina Tar Heels,BetRivers,-263,,71.13,https://{state}.betrivers.com/?page=sportsbook#event/1021850379?coupon={pickType}|3607771887|{wagerAmount},SMU Mustangs,FanDuel,240,,28.87,https://sportsbook.fanduel.com/addToBetslip?marketId=42.472503955&selectionId=723285,0.0,2025-01-07 22:50:27.186821+00:00
Low Hold,2.08,NCAAB,alternate_spreads,,-4.5,North Carolina Tar Heels vs SMU Mustangs,2025-01-08T02:00:00Z,North Carolina Tar Heels,BetRivers,-147,-4.5,58.31,https://{state}.betrivers.com/?page=sportsbook#event/1021850379?coupon={pickType}|3607771965|{wagerAmount},SMU Mustangs,BetMGM,135,4.5,41.69,https://sports.{state}.betmgm.com/en/sports?options=16865817-1227689871--791946223&type=Single,0.0,2025-01-07 22:50:27.186821+00:00
Low Hold,2.19,NCAAB,alternate_spreads,,-1.5,North Carolina Tar Heels vs SMU Mustangs,2025-01-08T02:00:00Z,North Carolina Tar Heels,BetRivers,-233,-1.5,68.43,https://{state}.betrivers.com/?page=sportsbook#event/1021850379?coupon={pickType}|3607771895|{wagerAmount},SMU Mustangs,FanDuel,210,1.5,31.57,https://sportsbook.fanduel.com/addToBetslip?marketId=42.472625624&selectionId=723285,0.0,2025-01-07 22:50:27.186821+00:00
Low Hold,2.4,NCAAB,alternate_spreads,,1.5,North Carolina Tar Heels vs SMU Mustangs,2025-01-08T02:00:00Z,North Carolina Tar Heels,BetRivers,-294,1.5,72.87,https://{state}.betrivers.com/?page=sportsbook#event/1021850379?coupon={pickType}|3607771890|{wagerAmount},SMU Mustangs,FanDuel,260,-1.5,27.13,https://sportsbook.fanduel.com/addToBetslip?marketId=42.472625621&selectionId=723285,0.0,2025-01-07 22:50:27.186821+00:00
Low Hold,1.76,NCAAB,alternate_spreads,,-5.5,North Carolina Tar Heels vs SMU Mustangs,2025-01-08T02:00:00Z,North Carolina Tar Heels,BetRivers,-123,-5.5,54.29,https://{state}.betrivers.com/?page=sportsbook#event/1021850379?coupon={pickType}|3607771969|{wagerAmount},SMU Mustangs,BetMGM,115,5.5,45.71,https://sports.{state}.betmgm.com/en/sports?options=16865817-1227314368--792978998&type=Single,0.0,2025-01-07 22:50:27.186821+00:00
Low Hold,2.26,NCAAB,alternate_spreads,,-7.5,North Carolina Tar Heels vs SMU Mustangs,2025-01-08T02:00:00Z,North Carolina Tar Heels,BetRivers,110,-7.5,46.56,https://{state}.betrivers.com/?page=sportsbook#event/1021850379?coupon={pickType}|3607771977|{wagerAmount},SMU Mustangs,BetMGM,-120,7.5,53.44,https://sports.{state}.betmgm.com/en/sports?options=16865817-1227689872--791946225&type=Single,0.0,2025-01-07 22:50:27.186821+00:00
Low Hold,2.54,NCAAB,alternate_spreads,,-9.5,North Carolina Tar Heels vs SMU Mustangs,2025-01-08T02:00:00Z,North Carolina Tar Heels,BetRivers,145,-9.5,39.8,https://{state}.betrivers.com/?page=sportsbook#event/1021850379?coupon={pickType}|3608346584|{wagerAmount},SMU Mustangs,BetMGM,-161,9.5,60.2,https://sports.{state}.betmgm.com/en/sports?options=16865817-1227689883--791946201&type=Single,0.0,2025-01-07 22:50:27.186821+00:00
Low Hold,1.72,NCAAB,alternate_spreads,,-3.5,North Carolina Tar Heels vs SMU Mustangs,2025-01-08T02:00:00Z,North Carolina Tar Heels,BetRivers,-167,-3.5,61.45,https://{state}.betrivers.com/?page=sportsbook#event/1021850379?coupon={pickType}|3608346620|{wagerAmount},SMU Mustangs,BetMGM,155,3.5,38.55,https://sports.{state}.betmgm.com/en/sports?options=16865817-1227689896--791946179&type=Single,0.0,2025-01-07 22:50:27.186821+00:00
Low Hold,2.92,NCAAB,alternate_spreads,,-8.5,North Carolina Tar Heels vs SMU Mustangs,2025-01-08T02:00:00Z,North Carolina Tar Heels,BetRivers,125,-8.5,43.18,https://{state}.betrivers.com/?page=sportsbook#event/1021850379?coupon={pickType}|3608346650|{wagerAmount},SMU Mustangs,BetMGM,-141,8.5,56.82,https://sports.{state}.betmgm.com/en/sports?options=16865817-1227689882--791946207&type=Single,0.0,2025-01-07 22:50:27.186821+00:00
Low Hold,2.94,NCAAB,alternate_totals,,157.5,North Carolina Tar Heels vs SMU Mustangs,2025-01-08T02:00:00Z,Over,Caesars,-278,157.5,71.43,,Under,DraftKings,240,157.5,28.57,https://sportsbook.draftkings.com/event/31629510?outcomes=0OU78187138U15750_3,0.0,2025-01-07 22:50:27.186821+00:00
Low Hold,2.78,NCAAB,alternate_totals,,156.5,North Carolina Tar Heels vs SMU Mustangs,2025-01-08T02:00:00Z,Over,Caesars,-312,156.5,73.71,,Under,DraftKings,270,156.5,26.29,https://sportsbook.draftkings.com/event/31629510?outcomes=0OU78187138U15650_3,0.0,2025-01-07 22:50:27.186821+00:00
Low Hold,2.52,NCAAB,alternate_totals,,155.5,North Carolina Tar Heels vs SMU Mustangs,2025-01-08T02:00:00Z,Over,Caesars,-345,155.5,75.61,,Under,DraftKings,300,155.5,24.39,https://sportsbook.draftkings.com/event/31629510?outcomes=0OU78187138U15550_3,0.0,2025-01-07 22:50:27.186821+00:00
Low Hold,2.86,NCAAB,spreads,,2.5,UCLA Bruins vs Michigan Wolverines,2025-01-08T03:00:00Z,Michigan Wolverines,FanDuel,-102,2.5,49.1,https://sportsbook.fanduel.com/addToBetslip?marketId=42.472504708&selectionId=697627,UCLA Bruins,BetMGM,-110,-2.5,50.9,https://sports.{state}.betmgm.com/en/sports?options=16865820-1227255523--793129675&type=Single,0.0,2025-01-07 22:50:27.186821+00:00
Low Hold,2.56,NCAAB,totals,,142.5,UCLA Bruins vs Michigan Wolverines,2025-01-08T03:00:00Z,Over,BetMGM,-105,142.5,50.0,https://sports.{state}.betmgm.com/en/sports?options=16865820-1227255526--793129670&type=Single,Under,FanDuel,-105,142.5,50.0,https://sportsbook.fanduel.com/addToBetslip?marketId=42.472504709&selectionId=7017824,0.0,2025-01-07 22:50:27.186821+00:00
Low Hold,2.37,NCAAB,alternate_totals,,140.5,UCLA Bruins vs Michigan Wolverines,2025-01-08T03:00:00Z,Over,BetMGM,-130,140.5,55.19,https://sports.{state}.betmgm.com/en/sports?options=16865820-1227322599--792957105&type=Single,Under,FanDuel,118,140.5,44.81,https://sportsbook.fanduel.com/addToBetslip?marketId=42.472626008&selectionId=7017824,0.0,2025-01-07 22:50:27.186821+00:00
Low Hold,2.25,NCAAB,alternate_totals_h1,,64.5,UCLA Bruins vs Michigan Wolverines,2025-01-08T03:00:00Z,Over,BetMGM,-149,64.5,58.56,https://sports.{state}.betmgm.com/en/sports?options=16865820-1227690102--791945725&type=Single,Under,FanDuel,136,64.5,41.44,https://sportsbook.fanduel.com/addToBetslip?marketId=42.472626002&selectionId=7017824,0.0,2025-01-07 22:50:27.186821+00:00
Low Hold,2.17,NCAAB,alternate_spreads,,-12.5,Wyoming Cowboys vs New Mexico Lobos,2025-01-08T03:00:00Z,New Mexico Lobos,FanDuel,220,-12.5,30.59,https://sportsbook.fanduel.com/addToBetslip?marketId=42.472626390&selectionId=284243,Wyoming Cowboys,BetRivers,-244,12.5,69.41,https://{state}.betrivers.com/?page=sportsbook#event/1021867746?coupon={pickType}|3608369790|{wagerAmount},0.0,2025-01-07 22:50:27.186821+00:00
Low Hold,2.56,NCAAB,alternate_spreads,,-16.5,Wyoming Cowboys vs New Mexico Lobos,2025-01-08T03:00:00Z,New Mexico Lobos,DraftKings,420,-16.5,18.75,https://sportsbook.draftkings.com/event/31629503?outcomes=0HC78187144N1650_3,Wyoming Cowboys,Caesars,-500,16.5,81.25,,0.0,2025-01-07 22:50:27.186821+00:00
Low Hold,2.78,NCAAB,alternate_spreads,,-18.5,Wyoming Cowboys vs New Mexico Lobos,2025-01-08T03:00:00Z,New Mexico Lobos,DraftKings,600,-18.5,13.9,https://sportsbook.draftkings.com/event/31629503?outcomes=0HC78187144N1850_3,Wyoming Cowboys,Caesars,-769,18.5,86.1,,0.0,2025-01-07 22:50:27.186821+00:00
Low Hold,2.87,NCAAB,alternate_spreads,,-17.5,Wyoming Cowboys vs New Mexico Lobos,2025-01-08T03:00:00Z,New Mexico Lobos,DraftKings,500,-17.5,16.2,https://sportsbook.draftkings.com/event/31629503?outcomes=0HC78187144N1750_3,Wyoming Cowboys,Caesars,-625,17.5,83.8,,0.0,2025-01-07 22:50:27.186821+00:00
Low Hold,1.28,NCAAB,alternate_totals,,145.5,Wyoming Cowboys vs New Mexico Lobos,2025-01-08T03:00:00Z,Over,BetRivers,100,145.5,49.37,https://{state}.betrivers.com/?page=sportsbook#event/1021867746?coupon={pickType}|3608369800|{wagerAmount},Under,Caesars,-105,145.5,50.63,https://sportsbook.caesars.com/us/{state}/bet/betslip?selectionIds=c9f2cd64-91c4-36cf-9903-a3fbc81ecf88,0.0,2025-01-07 22:50:27.186821+00:00
Low Hold,2.25,NCAAB,h2h,,,San José St Spartans vs Utah State Aggies,2025-01-08T03:00:00Z,San José St Spartans,DraftKings,410,,19.18,https://sportsbook.draftkings.com/event/31629511?outcomes=0ML78184617_1,Utah State Aggies,Caesars,-476,,80.82,https://sportsbook.caesars.com/us/{state}/bet/betslip?selectionIds=7d2d8f38-9cad-30f3-9698-145a0b53068b,0.0,2025-01-07 22:50:27.186821+00:00
Low Hold,1.3,NCAAB,alternate_spreads,,18.5,San José St Spartans vs Utah State Aggies,2025-01-08T03:00:00Z,San José St Spartans,FanDuel,-435,18.5,80.26,https://sportsbook.fanduel.com/addToBetslip?marketId=42.472626739&selectionId=2248648,Utah State Aggies,DraftKings,400,-18.5,19.74,https://sportsbook.draftkings.com/event/31629511?outcomes=0HC78187147N1850_3,0.0,2025-01-07 22:50:27.186821+00:00
Low Hold,0.84,NCAAB,alternate_spreads,,15.5,San José St Spartans vs Utah State Aggies,2025-01-08T03:00:00Z,San José St Spartans,BetRivers,-250,15.5,70.83,https://{state}.betrivers.com/?page=sportsbook#event/1021868225?coupon={pickType}|3608355291|{wagerAmount},Utah State Aggies,DraftKings,240,-15.5,29.17,https://sportsbook.draftkings.com/event/31629511?outcomes=0HC78187147N1550_3,0.0,2025-01-07 22:50:27.186821+00:00
Low Hold,2.5,NCAAB,alternate_spreads,,12.5,San José St Spartans vs Utah State Aggies,2025-01-08T03:00:00Z,San José St Spartans,BetRivers,-167,12.5,60.98,https://{state}.betrivers.com/?page=sportsbook#event/1021868225?coupon={pickType}|3607815935|{wagerAmount},Utah State Aggies,BetMGM,150,-12.5,39.02,https://sports.{state}.betmgm.com/en/sports?options=16865819-1227783853--791707891&type=Single,0.0,2025-01-07 22:50:27.186821+00:00
Low Hold,1.43,NCAAB,alternate_spreads,,6.5,San José St Spartans vs Utah State Aggies,2025-01-08T03:00:00Z,San José St Spartans,BetMGM,165,6.5,37.2,https://sports.{state}.betmgm.com/en/sports?options=16865819-1227783854--791707892&type=Single,Utah State Aggies,BetRivers,-175,-6.5,62.8,https://{state}.betrivers.com/?page=sportsbook#event/1021868225?coupon={pickType}|3608355262|{wagerAmount},0.0,2025-01-07 22:50:27.186821+00:00
Low Hold,0.27,NCAAB,alternate_spreads,,16.5,San José St Spartans vs Utah State Aggies,2025-01-08T03:00:00Z,San José St Spartans,BetRivers,-294,16.5,74.43,https://{state}.betrivers.com/?page=sportsbook#event/1021868225?coupon={pickType}|3608355246|{wagerAmount},Utah State Aggies,DraftKings,290,-16.5,25.57,https://sportsbook.draftkings.com/event/31629511?outcomes=0HC78187147N1650_3,0.0,2025-01-07 22:50:27.186821+00:00
Low Hold,2.38,NCAAB,alternate_spreads,,8.5,San José St Spartans vs Utah State Aggies,2025-01-08T03:00:00Z,San José St Spartans,BetMGM,115,8.5,45.43,https://sports.{state}.betmgm.com/en/sports?options=16865819-1227255260--793130314&type=Single,Utah State Aggies,BetRivers,-127,-8.5,54.57,https://{state}.betrivers.com/?page=sportsbook#event/1021868225?coupon={pickType}|3608355250|{wagerAmount},0.0,2025-01-07 22:50:27.186821+00:00
Low Hold,2.78,NCAAB,alternate_spreads,,14.5,San José St Spartans vs Utah State Aggies,2025-01-08T03:00:00Z,San José St Spartans,BetRivers,-227,14.5,67.57,https://{state}.betrivers.com/?page=sportsbook#event/1021868225?coupon={pickType}|3608355256|{wagerAmount},Utah State Aggies,DraftKings,200,-14.5,32.43,https://sportsbook.draftkings.com/event/31629511?outcomes=0HC78187147N1450_3,0.0,2025-01-07 22:50:27.186821+00:00
Arbitrage,-0.35,NCAAB,alternate_spreads,,17.5,San José St Spartans vs Utah State Aggies,2025-01-08T03:00:00Z,San José St Spartans,BetRivers,-333,17.5,77.19,https://{state}.betrivers.com/?page=sportsbook#event/1021868225?coupon={pickType}|3608355293|{wagerAmount},Utah State Aggies,DraftKings,340,-17.5,22.81,https://sportsbook.draftkings.com/event/31629511?outcomes=0HC78187147N1750_3,0.35,2025-01-07 22:50:27.186821+00:00
Low Hold,1.19,NCAAB,alternate_spreads,,7.5,San José St Spartans vs Utah State Aggies,2025-01-08T03:00:00Z,San José St Spartans,BetMGM,140,7.5,41.18,https://sports.{state}.betmgm.com/en/sports?options=16865819-1227783869--791707852&type=Single,Utah State Aggies,BetRivers,-147,-7.5,58.82,https://{state}.betrivers.com/?page=sportsbook#event/1021868225?coupon={pickType}|3608355303|{wagerAmount},0.0,2025-01-07 22:50:27.186821+00:00
Low Hold,2.89,NCAAB,alternate_spreads,,1.5,San José St Spartans vs Utah State Aggies,2025-01-08T03:00:00Z,San José St Spartans,DraftKings,325,1.5,22.87,https://sportsbook.draftkings.com/event/31629511?outcomes=0HC78187147P150_1,Utah State Aggies,Caesars,-385,-1.5,77.13,,0.0,2025-01-07 22:50:27.186821+00:00
Low Hold,2.65,NCAAB,h2h_h1,,,San José St Spartans vs Utah State Aggies,2025-01-08T03:00:00Z,San José St Spartans,FanDuel,250,,27.84,https://sportsbook.fanduel.com/addToBetslip?marketId=42.472626792&selectionId=2248648,Utah State Aggies,Caesars,-286,,72.16,https://sportsbook.caesars.com/us/{state}/bet/betslip?selectionIds=52f32b32-154d-397f-99c2-d85d83f7fdaa,0.0,2025-01-07 22:50:27.186821+00:00
Low Hold,2.22,NCAAB,h2h,,,Boise State Broncos vs UNLV Rebels,2025-01-08T03:30:00Z,Boise State Broncos,DraftKings,-357,,76.43,https://sportsbook.draftkings.com/event/31629513?outcomes=0ML78184620_1,UNLV Rebels,FanDuel,315,,23.57,https://sportsbook.fanduel.com/addToBetslip?marketId=42.472504463&selectionId=702239,0.0,2025-01-07 22:50:27.186821+00:00
Low Hold,2.54,NCAAB,alternate_spreads,,-11.5,Boise State Broncos vs UNLV Rebels,2025-01-08T03:30:00Z,Boise State Broncos,BetRivers,145,-11.5,39.8,https://{state}.betrivers.com/?page=sportsbook#event/1021852478?coupon={pickType}|3608355495|{wagerAmount},UNLV Rebels,BetMGM,-161,11.5,60.2,https://sports.{state}.betmgm.com/en/sports?options=16865822-1227784080--791707435&type=Single,0.0,2025-01-07 22:50:27.186821+00:00
Low Hold,2.4,NCAAB,alternate_spreads,,-2.5,Boise State Broncos vs UNLV Rebels,2025-01-08T03:30:00Z,Boise State Broncos,DraftKings,-270,-2.5,71.28,https://sportsbook.draftkings.com/event/31629513?outcomes=0HC78187153N250_1,UNLV Rebels,FanDuel,240,2.5,28.72,https://sportsbook.fanduel.com/addToBetslip?marketId=42.472627016&selectionId=702239,0.0,2025-01-07 22:50:27.186821+00:00
Low Hold,2.43,NCAAB,alternate_spreads,,-5.5,Boise State Broncos vs UNLV Rebels,2025-01-08T03:30:00Z,Boise State Broncos,BetMGM,-164,-5.5,60.64,https://sports.{state}.betmgm.com/en/sports?options=16865822-1227784060--791707471&type=Single,UNLV Rebels,FanDuel,148,5.5,39.36,https://sportsbook.fanduel.com/addToBetslip?marketId=42.472627046&selectionId=702239,0.0,2025-01-07 22:50:27.186821+00:00
Low Hold,2.88,NCAAB,alternate_totals,,135.5,Boise State Broncos vs UNLV Rebels,2025-01-08T03:30:00Z,Over,BetMGM,-161,135.5,60.0,https://sports.{state}.betmgm.com/en/sports?options=16865822-1227807640--791653466&type=Single,Under,BetRivers,143,135.5,40.0,https://{state}.betrivers.com/?page=sportsbook#event/1021852478?coupon={pickType}|3608355539|{wagerAmount},0.0,2025-01-07 22:50:27.186821+00:00
Low Hold,2.59,NCAAB,h2h,,,Saint Mary's Gaels vs Loyola Marymount Lions,2025-01-08T04:00:00Z,Loyola Marymount Lions,DraftKings,900,,9.75,https://sportsbook.draftkings.com/event/31629514?outcomes=0ML78184621_3,Saint Mary's Gaels,FanDuel,-1250,,90.25,https://sportsbook.fanduel.com/addToBetslip?marketId=42.472505308&selectionId=6109088,0.0,2025-01-07 22:50:27.186821+00:00
Low Hold,2.68,NCAAB,alternate_spreads,,19.5,Saint Mary's Gaels vs Loyola Marymount Lions,2025-01-08T04:00:00Z,Loyola Marymount Lions,BetRivers,-238,19.5,68.58,https://{state}.betrivers.com/?page=sportsbook#event/1021852799?coupon={pickType}|3608352344|{wagerAmount},Saint Mary's Gaels,DraftKings,210,-19.5,31.42,https://sportsbook.draftkings.com/event/31629514?outcomes=0HC78187156N1950_1,0.0,2025-01-07 22:50:27.186821+00:00
Low Hold,2.78,NCAAB,alternate_spreads,,21.5,Saint Mary's Gaels vs Loyola Marymount Lions,2025-01-08T04:00:00Z,Loyola Marymount Lions,BetRivers,-312,21.5,73.71,https://{state}.betrivers.com/?page=sportsbook#event/1021852799?coupon={pickType}|3608352359|{wagerAmount},Saint Mary's Gaels,DraftKings,270,-21.5,26.29,https://sportsbook.draftkings.com/event/31629514?outcomes=0HC78187156N2150_1,0.0,2025-01-07 22:50:27.186821+00:00
Low Hold,2.94,NCAAB,alternate_spreads,,20.5,Saint Mary's Gaels vs Loyola Marymount Lions,2025-01-08T04:00:00Z,Loyola Marymount Lions,BetRivers,-278,20.5,71.43,https://{state}.betrivers.com/?page=sportsbook#event/1021852799?coupon={pickType}|3608352401|{wagerAmount},Saint Mary's Gaels,DraftKings,240,-20.5,28.57,https://sportsbook.draftkings.com/event/31629514?outcomes=0HC78187156N2050_1,0.0,2025-01-07 22:50:27.186821+00:00
Low Hold,2.88,NCAAB,alternate_totals,,138.5,Saint Mary's Gaels vs Loyola Marymount Lions,2025-01-08T04:00:00Z,Over,BetRivers,143,138.5,40.0,https://{state}.betrivers.com/?page=sportsbook#event/1021852799?coupon={pickType}|3608352364|{wagerAmount},Under,DraftKings,-161,138.5,60.0,https://sportsbook.draftkings.com/event/31629514?outcomes=0OU78187156U13850_3,0.0,2025-01-07 22:50:27.186821+00:00
Low Hold,2.34,NCAAB,alternate_totals,,137.5,Saint Mary's Gaels vs Loyola Marymount Lions,2025-01-08T04:00:00Z,Over,BetRivers,128,137.5,42.86,https://{state}.betrivers.com/?page=sportsbook#event/1021852799?coupon={pickType}|3608352367|{wagerAmount},Under,DraftKings,-141,137.5,57.14,https://sportsbook.draftkings.com/event/31629514?outcomes=0OU78187156U13750_3,0.0,2025-01-07 22:50:27.186821+00:00
Low Hold,2.16,NCAAB,alternate_totals,,139.5,Saint Mary's Gaels vs Loyola Marymount Lions,2025-01-08T04:00:00Z,Over,BetRivers,160,139.5,37.65,https://{state}.betrivers.com/?page=sportsbook#event/1021852799?coupon={pickType}|3608352389|{wagerAmount},Under,DraftKings,-175,139.5,62.35,https://sportsbook.draftkings.com/event/31629514?outcomes=0OU78187156U13950_3,0.0,2025-01-07 22:50:27.186821+00:00
Low Hold,2.64,NCAAB,h2h_h1,,,Saint Mary's Gaels vs Loyola Marymount Lions,2025-01-08T04:00:00Z,Loyola Marymount Lions,BetMGM,400,,19.48,https://sports.{state}.betmgm.com/en/sports?options=16865823-1227620946--792156149&type=Single,Saint Mary's Gaels,Caesars,-476,,80.52,https://sportsbook.caesars.com/us/{state}/bet/betslip?selectionIds=85bff7e8-88fa-3bb0-8f4d-ccc666c5a0ec,0.0,2025-01-07 22:50:27.186821+00:00
Low Hold,1.32,NCAAB,h2h,,,Seton Hall Pirates vs DePaul Blue Demons,2025-01-08T23:30:00Z,DePaul Blue Demons,DraftKings,120,,44.86,https://sportsbook.draftkings.com/event/31634395?outcomes=0ML78196113_3,Seton Hall Pirates,FanDuel,-127,,55.14,https://sportsbook.fanduel.com/addToBetslip?marketId=42.472694407&selectionId=696997,0.0,2025-01-07 22:50:27.186821+00:00
Low Hold,2.28,NCAAB,h2h,,,Villanova Wildcats vs UConn Huskies,2025-01-08T23:30:00Z,UConn Huskies,FanDuel,-125,,54.31,https://sportsbook.fanduel.com/addToBetslip?marketId=42.472694409&selectionId=332194,Villanova Wildcats,DraftKings,114,,45.69,https://sportsbook.draftkings.com/event/31634396?outcomes=0ML78196114_1,0.0,2025-01-07 22:50:27.186821+00:00
Low Hold,2.15,NCAAB,h2h,,,South Carolina Gamecocks vs Alabama Crimson Tide,2025-01-09T00:00:00Z,Alabama Crimson Tide,DraftKings,-417,,78.95,https://sportsbook.draftkings.com/event/31634410?outcomes=0ML78196127_3,South Carolina Gamecocks,FanDuel,365,,21.05,https://sportsbook.fanduel.com/addToBetslip?marketId=42.472694497&selectionId=705560,0.0,2025-01-07 22:50:27.186821+00:00
Low Hold,2.27,NCAAB,h2h,,,Arkansas Razorbacks vs Ole Miss Rebels,2025-01-09T00:00:00Z,Arkansas Razorbacks,FanDuel,-154,,59.26,https://sportsbook.fanduel.com/addToBetslip?marketId=42.472694522&selectionId=701627,Ole Miss Rebels,DraftKings,140,,40.74,https://sportsbook.draftkings.com/event/31634412?outcomes=0ML78196139_3,0.0,2025-01-07 22:50:27.186821+00:00
Low Hold,2.8,NCAAB,h2h,,,Indiana Hoosiers vs USC Trojans,2025-01-09T00:00:00Z,Indiana Hoosiers,DraftKings,-294,,72.6,https://sportsbook.draftkings.com/event/31634407?outcomes=0ML78196125_1,USC Trojans,FanDuel,255,,27.4,https://sportsbook.fanduel.com/addToBetslip?marketId=42.472694500&selectionId=29830,0.0,2025-01-07 22:50:27.186821+00:00
Low Hold,2.83,NCAAB,spreads,,-2.5,NC State Wolfpack vs Notre Dame Fighting Irish,2025-01-09T00:00:00Z,NC State Wolfpack,DraftKings,-105,-2.5,49.87,https://sportsbook.draftkings.com/event/31634405?outcomes=0HC78196123N250_1,Notre Dame Fighting Irish,FanDuel,-106,2.5,50.13,https://sportsbook.fanduel.com/addToBetslip?marketId=42.472694572&selectionId=332195,0.0,2025-01-07 22:50:27.186821+00:00
Low Hold,2.01,NCAAB,h2h,,,Kansas Jayhawks vs Arizona St Sun Devils,2025-01-09T02:00:00Z,Arizona St Sun Devils,FanDuel,640,,13.25,https://sportsbook.fanduel.com/addToBetslip?marketId=42.472694480&selectionId=712840,Kansas Jayhawks,DraftKings,-769,,86.75,https://sportsbook.draftkings.com/event/31634431?outcomes=0ML78196147_1,0.0,2025-01-07 22:50:27.186821+00:00
Low Hold,2.87,NCAAB,h2h,,,Illinois Fighting Illini vs Penn State Nittany Lions,2025-01-09T02:00:00Z,Illinois Fighting Illini,DraftKings,-417,,78.4,https://sportsbook.draftkings.com/event/31634429?outcomes=0ML78196154_1,Penn State Nittany Lions,FanDuel,350,,21.6,https://sportsbook.fanduel.com/addToBetslip?marketId=42.472694456&selectionId=29838,0.0,2025-01-07 22:50:27.186821+00:00
Low Hold,2.52,NCAAB,h2h,,,Stanford Cardinal vs Virginia Tech Hokies,2025-01-09T02:00:00Z,Stanford Cardinal,DraftKings,-345,,75.61,https://sportsbook.draftkings.com/event/31634432?outcomes=0ML78196150_1,Virginia Tech Hokies,FanDuel,300,,24.39,https://sportsbook.fanduel.com/addToBetslip?marketId=42.472694570&selectionId=708786,0.0,2025-01-07 22:50:27.186821+00:00
Low Hold,2.61,NCAAB,h2h,,,California Golden Bears vs Virginia Cavaliers,2025-01-09T04:00:00Z,California Golden Bears,FanDuel,-152,,58.71,https://sportsbook.fanduel.com/addToBetslip?marketId=42.472694473&selectionId=352410,Virginia Cavaliers,DraftKings,136,,41.29,https://sportsbook.draftkings.com/event/31634434?outcomes=0ML78196151_3,0.0,2025-01-07 22:50:27.186821+00:00
Low Hold,1.7,NBA,h2h,,,Charlotte Hornets vs Phoenix Suns,2025-01-08T00:10:00Z,Charlotte Hornets,FanDuel,172,,36.15,https://sportsbook.fanduel.com/addToBetslip?marketId=42.472284721&selectionId=8622709,Phoenix Suns,BetRivers,-185,,63.85,https://{state}.betrivers.com/?page=sportsbook#event/1021436151?coupon={pickType}|3608016110|{wagerAmount},0.0,2025-01-07 22:50:27.186821+00:00
Low Hold,2.35,NBA,alternate_spreads,,-6.5,Charlotte Hornets vs Phoenix Suns,2025-01-08T00:10:00Z,Charlotte Hornets,BetMGM,375,-6.5,20.57,https://sports.{state}.betmgm.com/en/sports?options=16782632-1227632529--792121339&type=Single,Phoenix Suns,Caesars,-435,6.5,79.43,,0.0,2025-01-07 22:50:27.186821+00:00
Low Hold,2.46,NBA,alternate_spreads,,-5.5,Charlotte Hornets vs Phoenix Suns,2025-01-08T00:10:00Z,Charlotte Hornets,BetMGM,333,-5.5,22.54,https://sports.{state}.betmgm.com/en/sports?options=16782632-1227632494--792121414&type=Single,Phoenix Suns,Caesars,-385,5.5,77.46,,0.0,2025-01-07 22:50:27.186821+00:00
Low Hold,2.56,NBA,alternate_spreads,,-4.5,Charlotte Hornets vs Phoenix Suns,2025-01-08T00:10:00Z,Charlotte Hornets,BetMGM,290,-4.5,25.0,https://sports.{state}.betmgm.com/en/sports?options=16782632-1227632531--792121319&type=Single,Phoenix Suns,Caesars,-333,4.5,75.0,,0.0,2025-01-07 22:50:27.186821+00:00
Low Hold,1.85,NBA,alternate_spreads,,-3.5,Charlotte Hornets vs Phoenix Suns,2025-01-08T00:10:00Z,Charlotte Hornets,BetMGM,260,-3.5,27.27,https://sports.{state}.betmgm.com/en/sports?options=16782632-1227338292--792916452&type=Single,Phoenix Suns,Caesars,-286,3.5,72.73,,0.0,2025-01-07 22:50:27.186821+00:00
Low Hold,2.68,NBA,alternate_spreads,,-2.5,Charlotte Hornets vs Phoenix Suns,2025-01-08T00:10:00Z,Charlotte Hornets,BetMGM,220,-2.5,30.43,https://sports.{state}.betmgm.com/en/sports?options=16782632-1227338322--792916411&type=Single,Phoenix Suns,Caesars,-250,2.5,69.57,,0.0,2025-01-07 22:50:27.186821+00:00
Low Hold,2.98,NBA,alternate_spreads,,-1.5,Charlotte Hornets vs Phoenix Suns,2025-01-08T00:10:00Z,Charlotte Hornets,BetMGM,190,-1.5,33.49,https://sports.{state}.betmgm.com/en/sports?options=16782632-1227338283--792916506&type=Single,Phoenix Suns,Caesars,-217,1.5,66.51,,0.0,2025-01-07 22:50:27.186821+00:00
Low Hold,2.87,NBA,alternate_spreads,,14.5,Charlotte Hornets vs Phoenix Suns,2025-01-08T00:10:00Z,Charlotte Hornets,FanDuel,-417,14.5,78.4,https://sportsbook.fanduel.com/addToBetslip?marketId=42.472641638&selectionId=12234857,Phoenix Suns,BetRivers,350,-14.5,21.6,https://{state}.betrivers.com/?page=sportsbook#event/1021436151?coupon={pickType}|3608611100|{wagerAmount},0.0,2025-01-07 22:50:27.186821+00:00
Low Hold,2.96,NBA,alternate_spreads,,20.5,Charlotte Hornets vs Phoenix Suns,2025-01-08T00:10:00Z,Charlotte Hornets,DraftKings,-1000,20.5,88.3,https://sportsbook.draftkings.com/event/31622179?outcomes=0HC78190558P2050_1,Phoenix Suns,FanDuel,730,-20.5,11.7,https://sportsbook.fanduel.com/addToBetslip?marketId=42.472641638&selectionId=7890057,0.0,2025-01-07 22:50:27.186821+00:00
Low Hold,2.83,NBA,alternate_totals,,218.5,Charlotte Hornets vs Phoenix Suns,2025-01-08T00:10:00Z,Over,FanDuel,-204,218.5,65.27,https://sportsbook.fanduel.com/addToBetslip?marketId=42.472641660&selectionId=7711824,Under,BetMGM,180,218.5,34.73,https://sports.{state}.betmgm.com/en/sports?options=16782632-1227338282--792916508&type=Single,0.0,2025-01-07 22:50:27.186821+00:00
Low Hold,2.79,NBA,alternate_totals,,221.5,Charlotte Hornets vs Phoenix Suns,2025-01-08T00:10:00Z,Over,BetRivers,-152,221.5,58.6,https://{state}.betrivers.com/?page=sportsbook#event/1021436151?coupon={pickType}|3608016729|{wagerAmount},Under,BetMGM,135,221.5,41.4,https://sports.{state}.betmgm.com/en/sports?options=16782632-1227338302--792916469&type=Single,0.0,2025-01-07 22:50:27.186821+00:00
Low Hold,2.93,NBA,alternate_totals,,222.5,Charlotte Hornets vs Phoenix Suns,2025-01-08T00:10:00Z,Over,BetRivers,-135,222.5,55.84,https://{state}.betrivers.com/?page=sportsbook#event/1021436151?coupon={pickType}|3608016136|{wagerAmount},Under,FanDuel,120,222.5,44.16,https://sportsbook.fanduel.com/addToBetslip?marketId=42.472641660&selectionId=7733038,0.0,2025-01-07 22:50:27.186821+00:00
Low Hold,2.56,NBA,alternate_totals,,223.5,Charlotte Hornets vs Phoenix Suns,2025-01-08T00:10:00Z,Over,BetRivers,-122,223.5,53.57,https://{state}.betrivers.com/?page=sportsbook#event/1021436151?coupon={pickType}|3608263534|{wagerAmount},Under,DraftKings,110,223.5,46.43,https://sportsbook.draftkings.com/event/31622179?outcomes=0OU78190558U22350_3,0.0,2025-01-07 22:50:27.186821+00:00
Low Hold,2.36,NBA,alternate_totals,,224.5,Charlotte Hornets vs Phoenix Suns,2025-01-08T00:10:00Z,Over,BetRivers,-110,224.5,51.15,https://{state}.betrivers.com/?page=sportsbook#event/1021436151?coupon={pickType}|3608263468|{wagerAmount},Under,BetMGM,100,224.5,48.85,https://sports.{state}.betmgm.com/en/sports?options=16782632-1227338278--792916516&type=Single,0.0,2025-01-07 22:50:27.186821+00:00
Low Hold,2.36,NBA,alternate_totals,,225.5,Charlotte Hornets vs Phoenix Suns,2025-01-08T00:10:00Z,Over,BetRivers,100,225.5,48.85,https://{state}.betrivers.com/?page=sportsbook#event/1021436151?coupon={pickType}|3608016118|{wagerAmount},Under,FanDuel,-110,225.5,51.15,https://sportsbook.fanduel.com/addToBetslip?marketId=42.472641660&selectionId=7707147,0.0,2025-01-07 22:50:27.186821+00:00
Low Hold,2.26,NBA,alternate_totals,,226.5,Charlotte Hornets vs Phoenix Suns,2025-01-08T00:10:00Z,Over,BetRivers,110,226.5,46.56,https://{state}.betrivers.com/?page=sportsbook#event/1021436151?coupon={pickType}|3608016127|{wagerAmount},Under,FanDuel,-120,226.5,53.44,https://sportsbook.fanduel.com/addToBetslip?marketId=42.472641660&selectionId=7711003,0.0,2025-01-07 22:50:27.186821+00:00
Low Hold,2.27,NBA,alternate_totals,,227.5,Charlotte Hornets vs Phoenix Suns,2025-01-08T00:10:00Z,Over,BetRivers,120,227.5,44.44,https://{state}.betrivers.com/?page=sportsbook#event/1021436151?coupon={pickType}|3608263506|{wagerAmount},Under,FanDuel,-132,227.5,55.56,https://sportsbook.fanduel.com/addToBetslip?marketId=42.472641660&selectionId=7732979,0.0,2025-01-07 22:50:27.186821+00:00
Low Hold,2.28,NBA,alternate_totals,,228.5,Charlotte Hornets vs Phoenix Suns,2025-01-08T00:10:00Z,Over,BetRivers,132,228.5,42.14,https://{state}.betrivers.com/?page=sportsbook#event/1021436151?coupon={pickType}|3608263455|{wagerAmount},Under,DraftKings,-145,228.5,57.86,https://sportsbook.draftkings.com/event/31622179?outcomes=0OU78190558U22850_3,0.0,2025-01-07 22:50:27.186821+00:00
Low Hold,2.88,NBA,alternate_totals,,229.5,Charlotte Hornets vs Phoenix Suns,2025-01-08T00:10:00Z,Over,BetRivers,143,229.5,40.0,https://{state}.betrivers.com/?page=sportsbook#event/1021436151?coupon={pickType}|3608016102|{wagerAmount},Under,DraftKings,-161,229.5,60.0,https://sportsbook.draftkings.com/event/31622179?outcomes=0OU78190558U22950_3,0.0,2025-01-07 22:50:27.186821+00:00
Low Hold,2.16,NBA,alternate_totals,,230.5,Charlotte Hornets vs Phoenix Suns,2025-01-08T00:10:00Z,Over,BetRivers,160,230.5,37.65,https://{state}.betrivers.com/?page=sportsbook#event/1021436151?coupon={pickType}|3608016113|{wagerAmount},Under,FanDuel,-175,230.5,62.35,https://sportsbook.fanduel.com/addToBetslip?marketId=42.472641660&selectionId=7700284,0.0,2025-01-07 22:50:27.186821+00:00
Low Hold,1.72,NBA,alternate_totals,,231.5,Charlotte Hornets vs Phoenix Suns,2025-01-08T00:10:00Z,Over,BetRivers,175,231.5,35.75,https://{state}.betrivers.com/?page=sportsbook#event/1021436151?coupon={pickType}|3608263540|{wagerAmount},Under,FanDuel,-189,231.5,64.25,https://sportsbook.fanduel.com/addToBetslip?marketId=42.472641660&selectionId=7711027,0.0,2025-01-07 22:50:27.186821+00:00
Low Hold,1.39,NBA,alternate_totals,,232.5,Charlotte Hornets vs Phoenix Suns,2025-01-08T00:10:00Z,Over,BetRivers,188,232.5,34.25,https://{state}.betrivers.com/?page=sportsbook#event/1021436151?coupon={pickType}|3608263402|{wagerAmount},Under,FanDuel,-200,232.5,65.75,https://sportsbook.fanduel.com/addToBetslip?marketId=42.472641660&selectionId=7733027,0.0,2025-01-07 22:50:27.186821+00:00
Low Hold,2.72,NBA,alternate_totals,,233.5,Charlotte Hornets vs Phoenix Suns,2025-01-08T00:10:00Z,Over,BetRivers,205,233.5,31.92,https://{state}.betrivers.com/?page=sportsbook#event/1021436151?coupon={pickType}|3608263404|{wagerAmount},Under,FanDuel,-233,233.5,68.08,https://sportsbook.fanduel.com/addToBetslip?marketId=42.472641660&selectionId=7711877,0.0,2025-01-07 22:50:27.186821+00:00
Low Hold,2.2,NBA,alternate_totals,,234.5,Charlotte Hornets vs Phoenix Suns,2025-01-08T00:10:00Z,Over,BetRivers,225,234.5,30.11,https://{state}.betrivers.com/?page=sportsbook#event/1021436151?coupon={pickType}|3608263406|{wagerAmount},Under,BetMGM,-250,234.5,69.89,https://sports.{state}.betmgm.com/en/sports?options=16782632-1227689502--791947174&type=Single,0.0,2025-01-07 22:50:27.186821+00:00
Low Hold,2.1,NBA,alternate_totals,,235.5,Charlotte Hornets vs Phoenix Suns,2025-01-08T00:10:00Z,Over,BetRivers,250,235.5,27.98,https://{state}.betrivers.com/?page=sportsbook#event/1021436151?coupon={pickType}|3608270048|{wagerAmount},Under,FanDuel,-278,235.5,72.02,https://sportsbook.fanduel.com/addToBetslip?marketId=42.472641660&selectionId=7729448,0.0,2025-01-07 22:50:27.186821+00:00
Low Hold,2.21,NBA,alternate_totals,,236.5,Charlotte Hornets vs Phoenix Suns,2025-01-08T00:10:00Z,Over,BetRivers,270,236.5,26.44,https://{state}.betrivers.com/?page=sportsbook#event/1021436151?coupon={pickType}|3608428453|{wagerAmount},Under,FanDuel,-303,236.5,73.56,https://sportsbook.fanduel.com/addToBetslip?marketId=42.472641660&selectionId=7711076,0.0,2025-01-07 22:50:27.186821+00:00
Low Hold,2.52,NBA,alternate_totals,,237.5,Charlotte Hornets vs Phoenix Suns,2025-01-08T00:10:00Z,Over,BetRivers,300,237.5,24.39,https://{state}.betrivers.com/?page=sportsbook#event/1021436151?coupon={pickType}|3608458281|{wagerAmount},Under,FanDuel,-345,237.5,75.61,https://sportsbook.fanduel.com/addToBetslip?marketId=42.472641660&selectionId=7733134,0.0,2025-01-07 22:50:27.186821+00:00
Low Hold,1.67,NBA,h2h_q4,,,Charlotte Hornets vs Phoenix Suns,2025-01-08T00:10:00Z,Charlotte Hornets,DraftKings,110,,46.84,https://sportsbook.draftkings.com/event/31622179?outcomes=0ML78194362_1,Phoenix Suns,FanDuel,-118,,53.16,https://sportsbook.fanduel.com/addToBetslip?marketId=42.472641616&selectionId=237487,0.0,2025-01-07 22:50:27.186821+00:00
Low Hold,2.56,NBA,spreads_q2,,1.5,Charlotte Hornets vs Phoenix Suns,2025-01-08T00:10:00Z,Charlotte Hornets,FanDuel,-105,1.5,50.0,https://sportsbook.fanduel.com/addToBetslip?marketId=42.472641634&selectionId=8622709,Phoenix Suns,Caesars,-105,-1.5,50.0,https://sportsbook.caesars.com/us/{state}/bet/betslip?selectionIds=da4f8a4e-a26f-30db-86f5-982d5e4a5f8e,0.0,2025-01-07 22:50:27.186821+00:00
Low Hold,2.83,NBA,spreads_h1,,2.5,Charlotte Hornets vs Phoenix Suns,2025-01-08T00:10:00Z,Charlotte Hornets,FanDuel,-106,2.5,50.13,https://sportsbook.fanduel.com/addToBetslip?marketId=42.472641632&selectionId=8622709,Phoenix Suns,DraftKings,-105,-2.5,49.87,https://sportsbook.draftkings.com/event/31622179?outcomes=0HC78194363N250_3,0.0,2025-01-07 22:50:27.186821+00:00
Low Hold,2.67,NBA,alternate_spreads_q1,,-1.5,Charlotte Hornets vs Phoenix Suns,2025-01-08T00:10:00Z,Charlotte Hornets,BetMGM,165,-1.5,36.75,https://sports.{state}.betmgm.com/en/sports?options=16782632-1227632196--792122090&type=Single,Phoenix Suns,FanDuel,-185,1.5,63.25,https://sportsbook.fanduel.com/addToBetslip?marketId=42.472641656&selectionId=7890002,0.0,2025-01-07 22:50:27.186821+00:00
Low Hold,2.83,NBA,alternate_spreads_h1,,2.5,Charlotte Hornets vs Phoenix Suns,2025-01-08T00:10:00Z,Charlotte Hornets,FanDuel,-106,2.5,50.13,https://sportsbook.fanduel.com/addToBetslip?marketId=42.472641655&selectionId=10860263,Phoenix Suns,BetMGM,-105,-2.5,49.87,https://sports.{state}.betmgm.com/en/sports?options=16782632-1227632302--792121887&type=Single,0.0,2025-01-07 22:50:27.186821+00:00
Low Hold,2.87,NBA,alternate_spreads_h1,,3.5,Charlotte Hornets vs Phoenix Suns,2025-01-08T00:10:00Z,Charlotte Hornets,FanDuel,-123,3.5,53.71,https://sportsbook.fanduel.com/addToBetslip?marketId=42.472641655&selectionId=10871335,Phoenix Suns,BetMGM,110,-3.5,46.29,https://sports.{state}.betmgm.com/en/sports?options=16782632-1227632207--792122078&type=Single,0.0,2025-01-07 22:50:27.186821+00:00
Low Hold,2.08,NBA,alternate_spreads_h1,,4.5,Charlotte Hornets vs Phoenix Suns,2025-01-08T00:10:00Z,Charlotte Hornets,FanDuel,-147,4.5,58.31,https://sportsbook.fanduel.com/addToBetslip?marketId=42.472641655&selectionId=10860264,Phoenix Suns,BetMGM,135,-4.5,41.69,https://sports.{state}.betmgm.com/en/sports?options=16782632-1227632238--792122005&type=Single,0.0,2025-01-07 22:50:27.186821+00:00
Low Hold,1.72,NBA,alternate_spreads_h1,,5.5,Charlotte Hornets vs Phoenix Suns,2025-01-08T00:10:00Z,Charlotte Hornets,FanDuel,-167,5.5,61.45,https://sportsbook.fanduel.com/addToBetslip?marketId=42.472641655&selectionId=11006299,Phoenix Suns,BetMGM,155,-5.5,38.55,https://sports.{state}.betmgm.com/en/sports?options=16782632-1227632208--792122068&type=Single,0.0,2025-01-07 22:50:27.186821+00:00
Low Hold,2.38,NBA,alternate_spreads_h1,,6.5,Charlotte Hornets vs Phoenix Suns,2025-01-08T00:10:00Z,Charlotte Hornets,FanDuel,-200,6.5,65.12,https://sportsbook.fanduel.com/addToBetslip?marketId=42.472641655&selectionId=10942056,Phoenix Suns,BetMGM,180,-6.5,34.88,https://sports.{state}.betmgm.com/en/sports?options=16782632-1227632239--792122004&type=Single,0.0,2025-01-07 22:50:27.186821+00:00
Low Hold,1.18,NBA,alternate_spreads_h1,,7.5,Charlotte Hornets vs Phoenix Suns,2025-01-08T00:10:00Z,Charlotte Hornets,FanDuel,-233,7.5,69.11,https://sportsbook.fanduel.com/addToBetslip?marketId=42.472641655&selectionId=10756446,Phoenix Suns,BetMGM,220,-7.5,30.89,https://sports.{state}.betmgm.com/en/sports?options=16782632-1227632279--792121947&type=Single,0.0,2025-01-07 22:50:27.186821+00:00
Low Hold,1.21,NBA,player_prop,Brandon Miller - Assists,3.5,Charlotte Hornets vs Phoenix Suns,2025-01-08T00:10:00Z,Over (3.5),FanDuel,134,3.5,42.22,https://sportsbook.fanduel.com/basketball/nba/phoenix-suns-%40-charlotte-hornets-33916120,Under (3.5),DraftKings,-141,3.5,57.78,https://sportsbook.draftkings.com/event/31622179,0.0,2025-01-07 22:50:27.186821+00:00
Low Hold,1.91,NBA,player_prop,Brandon Miller - Assists,3.5,Charlotte Hornets vs Phoenix Suns,2025-01-08T00:10:00Z,Over (3.5),FanDuel,134,3.5,41.94,https://sportsbook.fanduel.com/basketball/nba/phoenix-suns-%40-charlotte-hornets-33916120,Under (3.5),BetMGM,-145,3.5,58.06,https://sports.{state}.betmgm.com/en/sports/events/phoenix-suns-at-charlotte-hornets-16782632,0.0,2025-01-07 22:50:27.186821+00:00
Low Hold,1.21,NBA,player_prop,Brandon Miller - Assists,3.5,Charlotte Hornets vs Phoenix Suns,2025-01-08T00:10:00Z,Over (3.5),FanDuel,134,3.5,42.22,https://sportsbook.fanduel.com/basketball/nba/phoenix-suns-%40-charlotte-hornets-33916120,Under (3.5),BetRivers,-141,3.5,57.78,https://{state}.betrivers.com/?page=sportsbook#event/1021436151,0.0,2025-01-07 22:50:27.186821+00:00
Low Hold,1.21,NBA,player_prop,Brandon Miller - Assists,3.5,Charlotte Hornets vs Phoenix Suns,2025-01-08T00:10:00Z,Over (3.5),FanDuel,134,3.5,42.22,https://sportsbook.fanduel.com/basketball/nba/phoenix-suns-%40-charlotte-hornets-33916120,Under (3.5),Pinnacle,-141,3.5,57.78,https://www.pinnacle.com/en/basketball/nba/phoenix-suns-vs-charlotte-hornets/1602665076/,0.0,2025-01-07 22:50:27.186821+00:00
Low Hold,2.83,NBA,player_prop,Devin Booker - Assists,6.5,Charlotte Hornets vs Phoenix Suns,2025-01-08T00:10:00Z,Over (6.5),FanDuel,-105,6.5,49.87,https://sportsbook.fanduel.com/basketball/nba/phoenix-suns-%40-charlotte-hornets-33916120,Under (6.5),Pinnacle,-106,6.5,50.13,https://www.pinnacle.com/en/basketball/nba/phoenix-suns-vs-charlotte-hornets/1602665076/,0.0,2025-01-07 22:50:27.186821+00:00
Low Hold,2.8,NBA,player_prop,Kevin Durant - Assists,4.5,Charlotte Hornets vs Phoenix Suns,2025-01-08T00:10:00Z,Over (4.5),Pinnacle,137,4.5,41.04,https://www.pinnacle.com/en/basketball/nba/phoenix-suns-vs-charlotte-hornets/1602665076/,Under (4.5),DraftKings,-154,4.5,58.96,https://sportsbook.draftkings.com/event/31622179,0.0,2025-01-07 22:50:27.186821+00:00
Low Hold,2.07,NBA,player_prop,Kevin Durant - Assists,4.5,Charlotte Hornets vs Phoenix Suns,2025-01-08T00:10:00Z,Over (4.5),Pinnacle,137,4.5,41.34,https://www.pinnacle.com/en/basketball/nba/phoenix-suns-vs-charlotte-hornets/1602665076/,Under (4.5),BetMGM,-149,4.5,58.66,https://sports.{state}.betmgm.com/en/sports/events/phoenix-suns-at-charlotte-hornets-16782632,0.0,2025-01-07 22:50:27.186821+00:00
Low Hold,2.44,NBA,player_prop,Kevin Durant - Assists,4.5,Charlotte Hornets vs Phoenix Suns,2025-01-08T00:10:00Z,Over (4.5),Pinnacle,137,4.5,41.19,https://www.pinnacle.com/en/basketball/nba/phoenix-suns-vs-charlotte-hornets/1602665076/,Under (4.5),BetRivers,-152,4.5,58.81,https://{state}.betrivers.com/?page=sportsbook#event/1021436151,0.0,2025-01-07 22:50:27.186821+00:00
Low Hold,1.38,NBA,player_prop,Miles Bridges - Assists,3.5,Charlotte Hornets vs Phoenix Suns,2025-01-08T00:10:00Z,Over (3.5),FanDuel,104,3.5,48.35,https://sportsbook.fanduel.com/basketball/nba/phoenix-suns-%40-charlotte-hornets-33916120,Under (3.5),BetMGM,-110,3.5,51.65,https://sports.{state}.betmgm.com/en/sports/events/phoenix-suns-at-charlotte-hornets-16782632,0.0,2025-01-07 22:50:27.186821+00:00
Low Hold,2.73,NBA,player_prop,Miles Bridges - Assists,3.5,Charlotte Hornets vs Phoenix Suns,2025-01-08T00:10:00Z,Over (3.5),BetRivers,112,3.5,45.92,https://{state}.betrivers.com/?page=sportsbook#event/1021436151,Under (3.5),DraftKings,-125,3.5,54.08,https://sportsbook.draftkings.com/event/31622179,0.0,2025-01-07 22:50:27.186821+00:00
Low Hold,1.22,NBA,player_prop,Miles Bridges - Assists,3.5,Charlotte Hornets vs Phoenix Suns,2025-01-08T00:10:00Z,Over (3.5),BetRivers,112,3.5,46.6,https://{state}.betrivers.com/?page=sportsbook#event/1021436151,Under (3.5),Caesars,-118,3.5,53.4,https://sportsbook.caesars.com/us/{state}/bet/basketball/9a91cd96-b41c-4b70-8452-196cd84afadf/phoenix-suns-at-charlotte-hornets,0.0,2025-01-07 22:50:27.186821+00:00
Arbitrage,-0.47,NBA,player_prop,Miles Bridges - Assists,3.5,Charlotte Hornets vs Phoenix Suns,2025-01-08T00:10:00Z,Over (3.5),BetRivers,112,3.5,47.39,https://{state}.betrivers.com/?page=sportsbook#event/1021436151,Under (3.5),BetMGM,-110,3.5,52.61,https://sports.{state}.betmgm.com/en/sports/events/phoenix-suns-at-charlotte-hornets-16782632,0.48,2025-01-07 22:50:27.186821+00:00
Low Hold,1.81,NBA,player_prop,Miles Bridges - Assists,3.5,Charlotte Hornets vs Phoenix Suns,2025-01-08T00:10:00Z,Over (3.5),BetRivers,112,3.5,46.33,https://{state}.betrivers.com/?page=sportsbook#event/1021436151,Under (3.5),Pinnacle,-120,3.5,53.67,https://www.pinnacle.com/en/basketball/nba/phoenix-suns-vs-charlotte-hornets/1602665076/,0.0,2025-01-07 22:50:27.186821+00:00
Low Hold,1.55,NBA,player_prop,Bradley Beal - Points,15.5,Charlotte Hornets vs Phoenix Suns,2025-01-08T00:10:00Z,Over (15.5),FanDuel,-106,15.5,50.76,https://sportsbook.fanduel.com/basketball/nba/phoenix-suns-%40-charlotte-hornets-33916120,Under (15.5),BetRivers,100,15.5,49.24,https://{state}.betrivers.com/?page=sportsbook#event/1021436151,0.0,2025-01-07 22:50:27.186821+00:00
Low Hold,0.83,NBA,player_prop,Mark Williams - Points,12.5,Charlotte Hornets vs Phoenix Suns,2025-01-08T00:10:00Z,Over (12.5),BetRivers,-108,12.5,51.39,https://{state}.betrivers.com/?page=sportsbook#event/1021436151,Under (12.5),Caesars,104,12.5,48.61,https://sportsbook.caesars.com/us/{state}/bet/basketball/9a91cd96-b41c-4b70-8452-196cd84afadf/phoenix-suns-at-charlotte-hornets,0.0,2025-01-07 22:50:27.186821+00:00
Low Hold,1.63,NBA,player_prop,Mark Williams - Points,13.5,Charlotte Hornets vs Phoenix Suns,2025-01-08T00:10:00Z,Over (13.5),BetRivers,120,13.5,44.72,https://{state}.betrivers.com/?page=sportsbook#event/1021436151,Under (13.5),FanDuel,-128,13.5,55.28,https://sportsbook.fanduel.com/basketball/nba/phoenix-suns-%40-charlotte-hornets-33916120,0.0,2025-01-07 22:50:27.186821+00:00
Low Hold,1.01,NBA,player_prop,Mark Williams - Points,13.5,Charlotte Hornets vs Phoenix Suns,2025-01-08T00:10:00Z,Over (13.5),BetRivers,120,13.5,45.0,https://{state}.betrivers.com/?page=sportsbook#event/1021436151,Under (13.5),DraftKings,-125,13.5,55.0,https://sportsbook.draftkings.com/event/31622179,0.0,2025-01-07 22:50:27.186821+00:00
Low Hold,1.09,NBA,player_prop,Brandon Miller - Points,17.5,Charlotte Hornets vs Phoenix Suns,2025-01-08T00:10:00Z,Over (17.5),FanDuel,-115,17.5,52.9,https://sportsbook.fanduel.com/basketball/nba/phoenix-suns-%40-charlotte-hornets-33916120,Under (17.5),BetRivers,110,17.5,47.1,https://{state}.betrivers.com/?page=sportsbook#event/1021436151,0.0,2025-01-07 22:50:27.186821+00:00
Low Hold,2.98,NBA,player_prop,Brandon Miller - Points,17.5,Charlotte Hornets vs Phoenix Suns,2025-01-08T00:10:00Z,Over (17.5),FanDuel,-115,17.5,51.93,https://sportsbook.fanduel.com/basketball/nba/phoenix-suns-%40-charlotte-hornets-33916120,Under (17.5),Pinnacle,102,17.5,48.07,https://www.pinnacle.com/en/basketball/nba/phoenix-suns-vs-charlotte-hornets/1602665076/,0.0,2025-01-07 22:50:27.186821+00:00
Low Hold,1.03,NBA,player_prop,Miles Bridges - Points,16.5,Charlotte Hornets vs Phoenix Suns,2025-01-08T00:10:00Z,Over (16.5),FanDuel,-122,16.5,54.39,https://sportsbook.fanduel.com/basketball/nba/phoenix-suns-%40-charlotte-hornets-33916120,Under (16.5),BetRivers,117,16.5,45.61,https://{state}.betrivers.com/?page=sportsbook#event/1021436151,0.0,2025-01-07 22:50:27.186821+00:00
Low Hold,2.72,NBA,player_prop,Ryan Dunn - Points,7.5,Charlotte Hornets vs Phoenix Suns,2025-01-08T00:10:00Z,Over (7.5),BetMGM,-120,7.5,53.2,https://sports.{state}.betmgm.com/en/sports/events/phoenix-suns-at-charlotte-hornets-16782632,Under (7.5),Caesars,108,7.5,46.8,https://sportsbook.caesars.com/us/{state}/bet/basketball/9a91cd96-b41c-4b70-8452-196cd84afadf/phoenix-suns-at-charlotte-hornets,0.0,2025-01-07 22:50:27.186821+00:00
Low Hold,2.72,NBA,player_prop,Ryan Dunn - Points,7.5,Charlotte Hornets vs Phoenix Suns,2025-01-08T00:10:00Z,Over (7.5),BetMGM,-120,7.5,53.2,https://sports.{state}.betmgm.com/en/sports/events/phoenix-suns-at-charlotte-hornets-16782632,Under (7.5),BetRivers,108,7.5,46.8,https://{state}.betrivers.com/?page=sportsbook#event/1021436151,0.0,2025-01-07 22:50:27.186821+00:00
Low Hold,2.7,NBA,player_prop,Ryan Dunn - Points,8.5,Charlotte Hornets vs Phoenix Suns,2025-01-08T00:10:00Z,Over (8.5),BetRivers,102,8.5,48.21,https://{state}.betrivers.com/?page=sportsbook#event/1021436151,Under (8.5),FanDuel,-114,8.5,51.79,https://sportsbook.fanduel.com/basketball/nba/phoenix-suns-%40-charlotte-hornets-33916120,0.0,2025-01-07 22:50:27.186821+00:00
Low Hold,2.04,NBA,player_prop,LaMelo Ball - PRA,38.5,Charlotte Hornets vs Phoenix Suns,2025-01-08T00:10:00Z,Over (38.5),DraftKings,-120,38.5,53.55,https://sportsbook.draftkings.com/event/31622179,Under (38.5),Pinnacle,111,38.5,46.45,https://www.pinnacle.com/en/basketball/nba/phoenix-suns-vs-charlotte-hornets/1602665076/,0.0,2025-01-07 22:50:27.186821+00:00
Low Hold,2.63,NBA,player_prop,Kevin Durant - PRA,35.5,Charlotte Hornets vs Phoenix Suns,2025-01-08T00:10:00Z,Over (35.5),Pinnacle,-111,35.5,51.28,https://www.pinnacle.com/en/basketball/nba/phoenix-suns-vs-charlotte-hornets/1602665076/,Under (35.5),Caesars,100,35.5,48.72,https://sportsbook.caesars.com/us/{state}/bet/basketball/9a91cd96-b41c-4b70-8452-196cd84afadf/phoenix-suns-at-charlotte-hornets,0.0,2025-01-07 22:50:27.186821+00:00
Low Hold,2.92,NBA,player_prop,Miles Bridges - Rebounds,6.5,Charlotte Hornets vs Phoenix Suns,2025-01-08T00:10:00Z,Over (6.5),FanDuel,-141,6.5,56.82,https://sportsbook.fanduel.com/basketball/nba/phoenix-suns-%40-charlotte-hornets-33916120,Under (6.5),BetMGM,125,6.5,43.18,https://sports.{state}.betmgm.com/en/sports/events/phoenix-suns-at-charlotte-hornets-16782632,0.0,2025-01-07 22:50:27.186821+00:00
Low Hold,1.21,NBA,player_prop,Miles Bridges - Rebounds,6.5,Charlotte Hornets vs Phoenix Suns,2025-01-08T00:10:00Z,Over (6.5),FanDuel,-141,6.5,57.78,https://sportsbook.fanduel.com/basketball/nba/phoenix-suns-%40-charlotte-hornets-33916120,Under (6.5),Pinnacle,134,6.5,42.22,https://www.pinnacle.com/en/basketball/nba/phoenix-suns-vs-charlotte-hornets/1602665076/,0.0,2025-01-07 22:50:27.186821+00:00
Low Hold,1.56,NBA,player_prop,Miles Bridges - Rebounds,6.5,Charlotte Hornets vs Phoenix Suns,2025-01-08T00:10:00Z,Over (6.5),Caesars,-143,6.5,57.92,https://sportsbook.caesars.com/us/{state}/bet/basketball/9a91cd96-b41c-4b70-8452-196cd84afadf/phoenix-suns-at-charlotte-hornets,Under (6.5),Pinnacle,134,6.5,42.08,https://www.pinnacle.com/en/basketball/nba/phoenix-suns-vs-charlotte-hornets/1602665076/,0.0,2025-01-07 22:50:27.186821+00:00
Low Hold,0.79,NBA,player_prop,Ryan Dunn - Rebounds,3.5,Charlotte Hornets vs Phoenix Suns,2025-01-08T00:10:00Z,Over (3.5),DraftKings,-105,3.5,50.88,https://sportsbook.draftkings.com/event/31622179,Under (3.5),FanDuel,102,3.5,49.12,https://sportsbook.fanduel.com/basketball/nba/phoenix-suns-%40-charlotte-hornets-33916120,0.0,2025-01-07 22:50:27.186821+00:00
Low Hold,0.3,NBA,player_prop,Ryan Dunn - Rebounds,3.5,Charlotte Hornets vs Phoenix Suns,2025-01-08T00:10:00Z,Over (3.5),DraftKings,-105,3.5,51.13,https://sportsbook.draftkings.com/event/31622179,Under (3.5),Caesars,104,3.5,48.87,https://sportsbook.caesars.com/us/{state}/bet/basketball/9a91cd96-b41c-4b70-8452-196cd84afadf/phoenix-suns-at-charlotte-hornets,0.0,2025-01-07 22:50:27.186821+00:00
Low Hold,1.86,NBA,player_prop,Ryan Dunn - Rebounds,3.5,Charlotte Hornets vs Phoenix Suns,2025-01-08T00:10:00Z,Over (3.5),BetMGM,-110,3.5,51.4,https://sports.{state}.betmgm.com/en/sports/events/phoenix-suns-at-charlotte-hornets-16782632,Under (3.5),FanDuel,102,3.5,48.6,https://sportsbook.fanduel.com/basketball/nba/phoenix-suns-%40-charlotte-hornets-33916120,0.0,2025-01-07 22:50:27.186821+00:00
Low Hold,1.38,NBA,player_prop,Ryan Dunn - Rebounds,3.5,Charlotte Hornets vs Phoenix Suns,2025-01-08T00:10:00Z,Over (3.5),BetMGM,-110,3.5,51.65,https://sports.{state}.betmgm.com/en/sports/events/phoenix-suns-at-charlotte-hornets-16782632,Under (3.5),Caesars,104,3.5,48.35,https://sportsbook.caesars.com/us/{state}/bet/basketball/9a91cd96-b41c-4b70-8452-196cd84afadf/phoenix-suns-at-charlotte-hornets,0.0,2025-01-07 22:50:27.186821+00:00
Low Hold,2.79,NBA,player_prop,Mark Williams - Rebounds,9.5,Charlotte Hornets vs Phoenix Suns,2025-01-08T00:10:00Z,Over (9.5),Caesars,116,9.5,45.04,https://sportsbook.caesars.com/us/{state}/bet/basketball/9a91cd96-b41c-4b70-8452-196cd84afadf/phoenix-suns-at-charlotte-hornets,Under (9.5),FanDuel,-130,9.5,54.96,https://sportsbook.fanduel.com/basketball/nba/phoenix-suns-%40-charlotte-hornets-33916120,0.0,2025-01-07 22:50:27.186821+00:00
Low Hold,2.07,NBA,player_prop,Tyus Jones - 3-Pointers Made,1.5,Charlotte Hornets vs Phoenix Suns,2025-01-08T00:10:00Z,Over (1.5),FanDuel,-125,1.5,54.43,https://sportsbook.fanduel.com/basketball/nba/phoenix-suns-%40-charlotte-hornets-33916120,Under (1.5),BetRivers,115,1.5,45.57,https://{state}.betrivers.com/?page=sportsbook#event/1021436151,0.0,2025-01-07 22:50:27.186821+00:00
Low Hold,2.91,NBA,player_prop,Brandon Miller - 3-Pointers Made,3.5,Charlotte Hornets vs Phoenix Suns,2025-01-08T00:10:00Z,Over (3.5),FanDuel,114,3.5,45.41,https://sportsbook.fanduel.com/basketball/nba/phoenix-suns-%40-charlotte-hornets-33916120,Under (3.5),Caesars,-128,3.5,54.59,https://sportsbook.caesars.com/us/{state}/bet/basketball/9a91cd96-b41c-4b70-8452-196cd84afadf/phoenix-suns-at-charlotte-hornets,0.0,2025-01-07 22:50:27.186821+00:00
Low Hold,2.91,NBA,player_prop,Brandon Miller - 3-Pointers Made,3.5,Charlotte Hornets vs Phoenix Suns,2025-01-08T00:10:00Z,Over (3.5),DraftKings,114,3.5,45.41,https://sportsbook.draftkings.com/event/31622179,Under (3.5),Caesars,-128,3.5,54.59,https://sportsbook.caesars.com/us/{state}/bet/basketball/9a91cd96-b41c-4b70-8452-196cd84afadf/phoenix-suns-at-charlotte-hornets,0.0,2025-01-07 22:50:27.186821+00:00
Low Hold,2.69,NBA,player_prop,Ryan Dunn - 3-Pointers Made,1.5,Charlotte Hornets vs Phoenix Suns,2025-01-08T00:10:00Z,Over (1.5),FanDuel,118,1.5,44.67,https://sportsbook.fanduel.com/basketball/nba/phoenix-suns-%40-charlotte-hornets-33916120,Under (1.5),Pinnacle,-132,1.5,55.33,https://www.pinnacle.com/en/basketball/nba/phoenix-suns-vs-charlotte-hornets/1602665076/,0.0,2025-01-07 22:50:27.186821+00:00
Low Hold,2.01,NBA,h2h,,,Washington Wizards vs Houston Rockets,2025-01-08T00:10:00Z,Houston Rockets,BetRivers,-769,,86.75,https://{state}.betrivers.com/?page=sportsbook#event/1021436167?coupon={pickType}|3608013815|{wagerAmount},Washington Wizards,FanDuel,640,,13.25,https://sportsbook.fanduel.com/addToBetslip?marketId=42.472284717&selectionId=237485,0.0,2025-01-07 22:50:27.186821+00:00
Low Hold,2.46,NBA,alternate_spreads,,-4.5,Washington Wizards vs Houston Rockets,2025-01-08T00:10:00Z,Houston Rockets,FanDuel,-385,-4.5,77.46,https://sportsbook.fanduel.com/addToBetslip?marketId=42.472637484&selectionId=7891656,Washington Wizards,BetMGM,333,4.5,22.54,https://sports.{state}.betmgm.com/en/sports?options=16782633-1227338115--792916929&type=Single,0.0,2025-01-07 22:50:27.186821+00:00
Low Hold,2.56,NBA,alternate_spreads,,-5.5,Washington Wizards vs Houston Rockets,2025-01-08T00:10:00Z,Houston Rockets,FanDuel,-333,-5.5,75.0,https://sportsbook.fanduel.com/addToBetslip?marketId=42.472637484&selectionId=7891596,Washington Wizards,BetMGM,290,5.5,25.0,https://sports.{state}.betmgm.com/en/sports?options=16782633-1227338062--792917060&type=Single,0.0,2025-01-07 22:50:27.186821+00:00
Low Hold,2.97,NBA,alternate_spreads,,-6.5,Washington Wizards vs Houston Rockets,2025-01-08T00:10:00Z,Houston Rockets,FanDuel,-303,-6.5,73.02,https://sportsbook.fanduel.com/addToBetslip?marketId=42.472637484&selectionId=7891467,Washington Wizards,BetMGM,260,6.5,26.98,https://sports.{state}.betmgm.com/en/sports?options=16782633-1227338053--792917077&type=Single,0.0,2025-01-07 22:50:27.186821+00:00
Low Hold,2.17,NBA,alternate_spreads,,-7.5,Washington Wizards vs Houston Rockets,2025-01-08T00:10:00Z,Houston Rockets,FanDuel,-244,-7.5,69.41,https://sportsbook.fanduel.com/addToBetslip?marketId=42.472637484&selectionId=7891492,Washington Wizards,BetMGM,220,7.5,30.59,https://sports.{state}.betmgm.com/en/sports?options=16782633-1227338083--792916994&type=Single,0.0,2025-01-07 22:50:27.186821+00:00
Low Hold,2.51,NBA,alternate_spreads,,-8.5,Washington Wizards vs Houston Rockets,2025-01-08T00:10:00Z,Houston Rockets,FanDuel,-213,-8.5,66.36,https://sportsbook.fanduel.com/addToBetslip?marketId=42.472637484&selectionId=7891605,Washington Wizards,BetMGM,190,8.5,33.64,https://sports.{state}.betmgm.com/en/sports?options=16782633-1227338086--792916987&type=Single,0.0,2025-01-07 22:50:27.186821+00:00
Low Hold,2.25,NBA,alternate_spreads,,-9.5,Washington Wizards vs Houston Rockets,2025-01-08T00:10:00Z,Houston Rockets,FanDuel,-182,-9.5,63.1,https://sportsbook.fanduel.com/addToBetslip?marketId=42.472637484&selectionId=7891541,Washington Wizards,BetMGM,165,9.5,36.9,https://sports.{state}.betmgm.com/en/sports?options=16782633-1227338088--792916989&type=Single,0.0,2025-01-07 22:50:27.186821+00:00
Low Hold,2.54,NBA,alternate_spreads,,-10.5,Washington Wizards vs Houston Rockets,2025-01-08T00:10:00Z,Houston Rockets,BetRivers,-161,-10.5,60.2,https://{state}.betrivers.com/?page=sportsbook#event/1021436167?coupon={pickType}|3608013809|{wagerAmount},Washington Wizards,BetMGM,145,10.5,39.8,https://sports.{state}.betmgm.com/en/sports?options=16782633-1227338092--792916980&type=Single,0.0,2025-01-07 22:50:27.186821+00:00
Low Hold,1.92,NBA,alternate_spreads,,-11.5,Washington Wizards vs Houston Rockets,2025-01-08T00:10:00Z,Houston Rockets,BetRivers,-135,-11.5,56.39,https://{state}.betrivers.com/?page=sportsbook#event/1021436167?coupon={pickType}|3608099850|{wagerAmount},Washington Wizards,BetMGM,125,11.5,43.61,https://sports.{state}.betmgm.com/en/sports?options=16782633-1227338072--792917045&type=Single,0.0,2025-01-07 22:50:27.186821+00:00
Low Hold,2.83,NBA,alternate_spreads,,-12.5,Washington Wizards vs Houston Rockets,2025-01-08T00:10:00Z,Houston Rockets,BetRivers,-118,-12.5,52.56,https://{state}.betrivers.com/?page=sportsbook#event/1021436167?coupon={pickType}|3608099630|{wagerAmount},Washington Wizards,BetMGM,105,12.5,47.44,https://sports.{state}.betmgm.com/en/sports?options=16782633-1227338110--792916933&type=Single,0.0,2025-01-07 22:50:27.186821+00:00
Low Hold,2.86,NBA,alternate_spreads,,-17.5,Washington Wizards vs Houston Rockets,2025-01-08T00:10:00Z,Houston Rockets,FanDuel,158,-17.5,37.68,https://sportsbook.fanduel.com/addToBetslip?marketId=42.472637484&selectionId=7915186,Washington Wizards,DraftKings,-179,17.5,62.32,https://sportsbook.draftkings.com/event/31622182?outcomes=0HC78190561P1750_1,0.0,2025-01-07 22:50:27.186821+00:00
Low Hold,2.13,NBA,alternate_spreads,,-18.5,Washington Wizards vs Houston Rockets,2025-01-08T00:10:00Z,Houston Rockets,FanDuel,182,-18.5,34.72,https://sportsbook.fanduel.com/addToBetslip?marketId=42.472637484&selectionId=7891578,Washington Wizards,DraftKings,-200,18.5,65.28,https://sportsbook.draftkings.com/event/31622182?outcomes=0HC78190561P1850_1,0.0,2025-01-07 22:50:27.186821+00:00
Low Hold,2.78,NBA,alternate_spreads,,-19.5,Washington Wizards vs Houston Rockets,2025-01-08T00:10:00Z,Houston Rockets,FanDuel,200,-19.5,32.43,https://sportsbook.fanduel.com/addToBetslip?marketId=42.472637484&selectionId=7915345,Washington Wizards,BetMGM,-227,19.5,67.57,https://sports.{state}.betmgm.com/en/sports?options=16782633-1227632046--792122437&type=Single,0.0,2025-01-07 22:50:27.186821+00:00
Low Hold,2.68,NBA,alternate_spreads,,-20.5,Washington Wizards vs Houston Rockets,2025-01-08T00:10:00Z,Houston Rockets,FanDuel,220,-20.5,30.43,https://sportsbook.fanduel.com/addToBetslip?marketId=42.472637484&selectionId=7891575,Washington Wizards,DraftKings,-250,20.5,69.57,https://sportsbook.draftkings.com/event/31622182?outcomes=0HC78190561P2050_1,0.0,2025-01-07 22:50:27.186821+00:00
Low Hold,2.51,NBA,alternate_spreads,,-21.5,Washington Wizards vs Houston Rockets,2025-01-08T00:10:00Z,Houston Rockets,FanDuel,245,-21.5,28.27,https://sportsbook.fanduel.com/addToBetslip?marketId=42.472637484&selectionId=7891672,Washington Wizards,DraftKings,-278,21.5,71.73,https://sportsbook.draftkings.com/event/31622182?outcomes=0HC78190561P2150_1,0.0,2025-01-07 22:50:27.186821+00:00
Low Hold,2.42,NBA,alternate_spreads,,-22.5,Washington Wizards vs Houston Rockets,2025-01-08T00:10:00Z,Houston Rockets,FanDuel,275,-22.5,26.04,https://sportsbook.fanduel.com/addToBetslip?marketId=42.472637484&selectionId=7891556,Washington Wizards,DraftKings,-312,22.5,73.96,https://sportsbook.draftkings.com/event/31622182?outcomes=0HC78190561P2250_1,0.0,2025-01-07 22:50:27.186821+00:00
Low Hold,1.33,NBA,alternate_spreads,,-23.5,Washington Wizards vs Houston Rockets,2025-01-08T00:10:00Z,Houston Rockets,FanDuel,320,-23.5,23.5,https://sportsbook.fanduel.com/addToBetslip?marketId=42.472637484&selectionId=7915269,Washington Wizards,DraftKings,-345,23.5,76.5,https://sportsbook.draftkings.com/event/31622182?outcomes=0HC78190561P2350_1,0.0,2025-01-07 22:50:27.186821+00:00
Low Hold,2.73,NBA,alternate_spreads,,-24.5,Washington Wizards vs Houston Rockets,2025-01-08T00:10:00Z,Houston Rockets,FanDuel,340,-24.5,22.12,https://sportsbook.fanduel.com/addToBetslip?marketId=42.472637484&selectionId=7891547,Washington Wizards,DraftKings,-400,24.5,77.88,https://sportsbook.draftkings.com/event/31622182?outcomes=0HC78190561P2450_1,0.0,2025-01-07 22:50:27.186821+00:00
Low Hold,2.59,NBA,alternate_spreads,,-25.5,Washington Wizards vs Houston Rockets,2025-01-08T00:10:00Z,Houston Rockets,FanDuel,385,-25.5,20.1,https://sportsbook.fanduel.com/addToBetslip?marketId=42.472637484&selectionId=7933444,Washington Wizards,DraftKings,-455,25.5,79.9,https://sportsbook.draftkings.com/event/31622182?outcomes=0HC78190561P2550_1,0.0,2025-01-07 22:50:27.186821+00:00
Low Hold,1.89,NBA,alternate_spreads,,-26.5,Washington Wizards vs Houston Rockets,2025-01-08T00:10:00Z,Houston Rockets,FanDuel,460,-26.5,17.53,https://sportsbook.fanduel.com/addToBetslip?marketId=42.472637484&selectionId=7891653,Washington Wizards,DraftKings,-526,26.5,82.47,https://sportsbook.draftkings.com/event/31622182?outcomes=0HC78190561P2650_1,0.0,2025-01-07 22:50:27.186821+00:00
Low Hold,1.6,NBA,alternate_spreads,,-27.5,Washington Wizards vs Houston Rockets,2025-01-08T00:10:00Z,Houston Rockets,FanDuel,520,-27.5,15.88,https://sportsbook.fanduel.com/addToBetslip?marketId=42.472637484&selectionId=7891679,Washington Wizards,DraftKings,-588,27.5,84.12,https://sportsbook.draftkings.com/event/31622182?outcomes=0HC78190561P2750_1,0.0,2025-01-07 22:50:27.186821+00:00
Low Hold,2.11,NBA,alternate_spreads,,-28.5,Washington Wizards vs Houston Rockets,2025-01-08T00:10:00Z,Houston Rockets,FanDuel,560,-28.5,14.84,https://sportsbook.fanduel.com/addToBetslip?marketId=42.472637484&selectionId=7933442,Washington Wizards,DraftKings,-667,28.5,85.16,https://sportsbook.draftkings.com/event/31622182?outcomes=0HC78190561P2850_1,0.0,2025-01-07 22:50:27.186821+00:00
Low Hold,1.83,NBA,alternate_spreads,,-29.5,Washington Wizards vs Houston Rockets,2025-01-08T00:10:00Z,Houston Rockets,FanDuel,650,-29.5,13.09,https://sportsbook.fanduel.com/addToBetslip?marketId=42.472637484&selectionId=7915209,Washington Wizards,DraftKings,-769,29.5,86.91,https://sportsbook.draftkings.com/event/31622182?outcomes=0HC78190561P2950_1,0.0,2025-01-07 22:50:27.186821+00:00
Low Hold,1.33,NBA,alternate_spreads,,-30.5,Washington Wizards vs Houston Rockets,2025-01-08T00:10:00Z,Houston Rockets,FanDuel,730,-30.5,11.89,https://sportsbook.fanduel.com/addToBetslip?marketId=42.472637484&selectionId=7891587,Washington Wizards,DraftKings,-833,30.5,88.11,https://sportsbook.draftkings.com/event/31622182?outcomes=0HC78190561P3050_1,0.0,2025-01-07 22:50:27.186821+00:00
Low Hold,1.33,NBA,alternate_spreads,,-31.5,Washington Wizards vs Houston Rockets,2025-01-08T00:10:00Z,Houston Rockets,FanDuel,790,-31.5,11.09,https://sportsbook.fanduel.com/addToBetslip?marketId=42.472637484&selectionId=7933459,Washington Wizards,DraftKings,-909,31.5,88.91,https://sportsbook.draftkings.com/event/31622182?outcomes=0HC78190561P3150_1,0.0,2025-01-07 22:50:27.186821+00:00
Low Hold,2.05,NBA,alternate_spreads,,-32.5,Washington Wizards vs Houston Rockets,2025-01-08T00:10:00Z,Houston Rockets,FanDuel,870,-32.5,10.1,https://sportsbook.fanduel.com/addToBetslip?marketId=42.472637484&selectionId=7915351,Washington Wizards,DraftKings,-1111,32.5,89.9,https://sportsbook.draftkings.com/event/31622182?outcomes=0HC78190561P3250_1,0.0,2025-01-07 22:50:27.186821+00:00
Low Hold,2.4,NBA,alternate_spreads,,-33.5,Washington Wizards vs Houston Rockets,2025-01-08T00:10:00Z,Houston Rockets,FanDuel,920,-33.5,9.57,https://sportsbook.fanduel.com/addToBetslip?marketId=42.472637484&selectionId=7891682,Washington Wizards,DraftKings,-1250,33.5,90.43,https://sportsbook.draftkings.com/event/31622182?outcomes=0HC78190561P3350_1,0.0,2025-01-07 22:50:27.186821+00:00
Low Hold,2.67,NBA,alternate_spreads,,-35.5,Washington Wizards vs Houston Rockets,2025-01-08T00:10:00Z,Houston Rockets,FanDuel,1100,-35.5,8.12,https://sportsbook.fanduel.com/addToBetslip?marketId=42.472637484&selectionId=7915325,Washington Wizards,DraftKings,-1667,35.5,91.88,https://sportsbook.draftkings.com/event/31622182?outcomes=0HC78190561P3550_1,0.0,2025-01-07 22:50:27.186821+00:00
Low Hold,2.93,NBA,alternate_spreads,,-36.5,Washington Wizards vs Houston Rockets,2025-01-08T00:10:00Z,Houston Rockets,FanDuel,1200,-36.5,7.47,https://sportsbook.fanduel.com/addToBetslip?marketId=42.472637484&selectionId=7891648,Washington Wizards,DraftKings,-2000,36.5,92.53,https://sportsbook.draftkings.com/event/31622182?outcomes=0HC78190561P3650_1,0.0,2025-01-07 22:50:27.186821+00:00
Low Hold,2.67,NBA,alternate_totals,,202.5,Washington Wizards vs Houston Rockets,2025-01-08T00:10:00Z,Over,DraftKings,-1000,202.5,88.54,https://sportsbook.draftkings.com/event/31622182?outcomes=0OU78190561O20250_1,Under,FanDuel,750,202.5,11.46,https://sportsbook.fanduel.com/addToBetslip?marketId=42.472637507&selectionId=7733198,0.0,2025-01-07 22:50:27.186821+00:00
Low Hold,2.62,NBA,alternate_totals,,203.5,Washington Wizards vs Houston Rockets,2025-01-08T00:10:00Z,Over,DraftKings,-833,203.5,87.01,https://sportsbook.draftkings.com/event/31622182?outcomes=0OU78190561O20350_1,Under,FanDuel,650,203.5,12.99,https://sportsbook.fanduel.com/addToBetslip?marketId=42.472637507&selectionId=7711981,0.0,2025-01-07 22:50:27.186821+00:00
Low Hold,2.78,NBA,alternate_totals,,204.5,Washington Wizards vs Houston Rockets,2025-01-08T00:10:00Z,Over,DraftKings,-769,204.5,86.1,https://sportsbook.draftkings.com/event/31622182?outcomes=0OU78190561O20450_1,Under,FanDuel,600,204.5,13.9,https://sportsbook.fanduel.com/addToBetslip?marketId=42.472637507&selectionId=7711501,0.0,2025-01-07 22:50:27.186821+00:00
Low Hold,2.94,NBA,alternate_totals,,214.5,Washington Wizards vs Houston Rockets,2025-01-08T00:10:00Z,Over,FanDuel,-278,214.5,71.43,https://sportsbook.fanduel.com/addToBetslip?marketId=42.472637507&selectionId=7711347,Under,BetMGM,240,214.5,28.57,https://sports.{state}.betmgm.com/en/sports?options=16782633-1227631886--792122799&type=Single,0.0,2025-01-07 22:50:27.186821+00:00
Low Hold,2.17,NBA,alternate_totals,,215.5,Washington Wizards vs Houston Rockets,2025-01-08T00:10:00Z,Over,DraftKings,-244,215.5,69.41,https://sportsbook.draftkings.com/event/31622182?outcomes=0OU78190561O21550_1,Under,BetMGM,220,215.5,30.59,https://sports.{state}.betmgm.com/en/sports?options=16782633-1227631986--792122575&type=Single,0.0,2025-01-07 22:50:27.186821+00:00
Low Hold,2.38,NBA,alternate_totals,,217.5,Washington Wizards vs Houston Rockets,2025-01-08T00:10:00Z,Over,FanDuel,-200,217.5,65.12,https://sportsbook.fanduel.com/addToBetslip?marketId=42.472637507&selectionId=7733110,Under,BetMGM,180,217.5,34.88,https://sports.{state}.betmgm.com/en/sports?options=16782633-1227631793--792123005&type=Single,0.0,2025-01-07 22:50:27.186821+00:00
Low Hold,2.59,NBA,alternate_totals,,246.5,Washington Wizards vs Houston Rockets,2025-01-08T00:10:00Z,Over,FanDuel,700,246.5,12.18,https://sportsbook.fanduel.com/addToBetslip?marketId=42.472637507&selectionId=7747569,Under,DraftKings,-909,246.5,87.82,https://sportsbook.draftkings.com/event/31622182?outcomes=0OU78190561U24650_3,0.0,2025-01-07 22:50:27.186821+00:00
Low Hold,1.73,NBA,h2h_q1,,,Washington Wizards vs Houston Rockets,2025-01-08T00:10:00Z,Houston Rockets,DraftKings,-250,,70.21,https://sportsbook.draftkings.com/event/31622182?outcomes=0ML78194381_3,Washington Wizards,BetRivers,230,,29.79,https://{state}.betrivers.com/?page=sportsbook#event/1021436167?coupon={pickType}|3608362529|{wagerAmount},0.0,2025-01-07 22:50:27.186821+00:00
Low Hold,2.2,NBA,h2h_q2,,,Washington Wizards vs Houston Rockets,2025-01-08T00:10:00Z,Houston Rockets,FanDuel,-250,,69.89,https://sportsbook.fanduel.com/addToBetslip?marketId=42.472637460&selectionId=237488,Washington Wizards,BetRivers,225,,30.11,https://{state}.betrivers.com/?page=sportsbook#event/1021436167?coupon={pickType}|3608362569|{wagerAmount},0.0,2025-01-07 22:50:27.186821+00:00
Low Hold,0.29,NBA,h2h_q3,,,Washington Wizards vs Houston Rockets,2025-01-08T00:10:00Z,Houston Rockets,FanDuel,-213,,67.83,https://sportsbook.fanduel.com/addToBetslip?marketId=42.472637461&selectionId=237488,Washington Wizards,DraftKings,210,,32.17,https://sportsbook.draftkings.com/event/31622182?outcomes=0ML78194383_1,0.0,2025-01-07 22:50:27.186821+00:00
Low Hold,1.35,NBA,h2h_q4,,,Washington Wizards vs Houston Rockets,2025-01-08T00:10:00Z,Houston Rockets,FanDuel,-159,,60.53,https://sportsbook.fanduel.com/addToBetslip?marketId=42.472637462&selectionId=237488,Washington Wizards,DraftKings,150,,39.47,https://sportsbook.draftkings.com/event/31622182?outcomes=0ML78194384_1,0.0,2025-01-07 22:50:27.186821+00:00
Low Hold,1.83,NBA,h2h_h1,,,Washington Wizards vs Houston Rockets,2025-01-08T00:10:00Z,Houston Rockets,DraftKings,-370,,77.32,https://sportsbook.draftkings.com/event/31622182?outcomes=0ML78194385_3,Washington Wizards,BetMGM,333,,22.68,https://sports.{state}.betmgm.com/en/sports?options=16782633-1227632036--792122458&type=Single,0.0,2025-01-07 22:50:27.186821+00:00
Low Hold,0.84,NBA,h2h_h2,,,Washington Wizards vs Houston Rockets,2025-01-08T00:10:00Z,Houston Rockets,FanDuel,-250,,70.83,https://sportsbook.fanduel.com/addToBetslip?marketId=42.472637608&selectionId=237488,Washington Wizards,DraftKings,240,,29.17,https://sportsbook.draftkings.com/event/31622182?outcomes=0ML78194400_1,0.0,2025-01-07 22:50:27.186821+00:00
Low Hold,2.72,NBA,alternate_spreads_q1,,-3.5,Washington Wizards vs Houston Rockets,2025-01-08T00:10:00Z,Houston Rockets,BetMGM,-120,-3.5,53.2,https://sports.{state}.betmgm.com/en/sports?options=16782633-1227631731--792123134&type=Single,Washington Wizards,FanDuel,108,3.5,46.8,https://sportsbook.fanduel.com/addToBetslip?marketId=42.472637503&selectionId=7890171,0.0,2025-01-07 22:50:27.186821+00:00
Low Hold,2.54,NBA,alternate_spreads_q1,,-4.5,Washington Wizards vs Houston Rockets,2025-01-08T00:10:00Z,Houston Rockets,BetMGM,105,-4.5,47.57,https://sports.{state}.betmgm.com/en/sports?options=16782633-1227631819--792122945&type=Single,Washington Wizards,FanDuel,-116,4.5,52.43,https://sportsbook.fanduel.com/addToBetslip?marketId=42.472637503&selectionId=7890269,0.0,2025-01-07 22:50:27.186821+00:00
Low Hold,2.11,NBA,alternate_spreads_q1,,-6.5,Washington Wizards vs Houston Rockets,2025-01-08T00:10:00Z,Houston Rockets,BetMGM,155,-6.5,38.41,https://sports.{state}.betmgm.com/en/sports?options=16782633-1227631766--792123068&type=Single,Washington Wizards,FanDuel,-169,6.5,61.59,https://sportsbook.fanduel.com/addToBetslip?marketId=42.472637503&selectionId=7890173,0.0,2025-01-07 22:50:27.186821+00:00
Low Hold,1.93,NBA,alternate_spreads_q1,,-7.5,Washington Wizards vs Houston Rockets,2025-01-08T00:10:00Z,Houston Rockets,BetMGM,195,-7.5,33.26,https://sports.{state}.betmgm.com/en/sports?options=16782633-1227631753--792123084&type=Single,Washington Wizards,FanDuel,-213,7.5,66.74,https://sportsbook.fanduel.com/addToBetslip?marketId=42.472637503&selectionId=7890094,0.0,2025-01-07 22:50:27.186821+00:00
Low Hold,2.37,NBA,alternate_spreads_h1,,-6.5,Washington Wizards vs Houston Rockets,2025-01-08T00:10:00Z,Houston Rockets,BetMGM,-130,-6.5,55.19,https://sports.{state}.betmgm.com/en/sports?options=16782633-1227631835--792122913&type=Single,Washington Wizards,FanDuel,118,6.5,44.81,https://sportsbook.fanduel.com/addToBetslip?marketId=42.472637502&selectionId=7890173,0.0,2025-01-07 22:50:27.186821+00:00
Low Hold,2.36,NBA,alternate_spreads_h1,,-7.5,Washington Wizards vs Houston Rockets,2025-01-08T00:10:00Z,Houston Rockets,BetMGM,-110,-7.5,51.15,https://sports.{state}.betmgm.com/en/sports?options=16782633-1227631799--792123012&type=Single,Washington Wizards,FanDuel,100,7.5,48.85,https://sportsbook.fanduel.com/addToBetslip?marketId=42.472637502&selectionId=7890094,0.0,2025-01-07 22:50:27.186821+00:00
Low Hold,2.54,NBA,alternate_spreads_h1,,-8.5,Washington Wizards vs Houston Rockets,2025-01-08T00:10:00Z,Houston Rockets,BetMGM,105,-8.5,47.57,https://sports.{state}.betmgm.com/en/sports?options=16782633-1227631802--792122971&type=Single,Washington Wizards,FanDuel,-116,8.5,52.43,https://sportsbook.fanduel.com/addToBetslip?marketId=42.472637502&selectionId=7890133,0.0,2025-01-07 22:50:27.186821+00:00
Low Hold,1.59,NBA,alternate_spreads_h1,,-9.5,Washington Wizards vs Houston Rockets,2025-01-08T00:10:00Z,Houston Rockets,BetMGM,125,-9.5,43.75,https://sports.{state}.betmgm.com/en/sports?options=16782633-1227632079--792122359&type=Single,Washington Wizards,FanDuel,-133,9.5,56.25,https://sportsbook.fanduel.com/addToBetslip?marketId=42.472637502&selectionId=7890317,0.0,2025-01-07 22:50:27.186821+00:00
Low Hold,1.79,NBA,alternate_spreads_h1,,-10.5,Washington Wizards vs Houston Rockets,2025-01-08T00:10:00Z,Houston Rockets,BetMGM,145,-10.5,40.1,https://sports.{state}.betmgm.com/en/sports?options=16782633-1227631741--792123107&type=Single,Washington Wizards,FanDuel,-156,10.5,59.9,https://sportsbook.fanduel.com/addToBetslip?marketId=42.472637502&selectionId=7890270,0.0,2025-01-07 22:50:27.186821+00:00
Low Hold,1.14,NBA,alternate_spreads_h1,,-11.5,Washington Wizards vs Houston Rockets,2025-01-08T00:10:00Z,Houston Rockets,BetMGM,170,-11.5,36.62,https://sports.{state}.betmgm.com/en/sports?options=16782633-1227631769--792123060&type=Single,Washington Wizards,FanDuel,-179,11.5,63.38,https://sportsbook.fanduel.com/addToBetslip?marketId=42.472637502&selectionId=7890340,0.0,2025-01-07 22:50:27.186821+00:00
Low Hold,2.3,NBA,alternate_spreads_h1,,-12.5,Washington Wizards vs Houston Rockets,2025-01-08T00:10:00Z,Houston Rockets,BetMGM,200,-12.5,32.58,https://sports.{state}.betmgm.com/en/sports?options=16782633-1227631776--792123052&type=Single,Washington Wizards,FanDuel,-222,12.5,67.42,https://sportsbook.fanduel.com/addToBetslip?marketId=42.472637502&selectionId=7929000,0.0,2025-01-07 22:50:27.186821+00:00
Low Hold,2.83,NBA,alternate_totals_q1,,51.5,Washington Wizards vs Houston Rockets,2025-01-08T00:10:00Z,Over,FanDuel,-204,51.5,65.27,https://sportsbook.fanduel.com/addToBetslip?marketId=42.472637513&selectionId=6827367,Under,BetMGM,180,51.5,34.73,https://sports.{state}.betmgm.com/en/sports?options=16782633-1227631830--792122940&type=Single,0.0,2025-01-07 22:50:27.186821+00:00
Low Hold,2.27,NBA,player_prop,Kyle Kuzma - Assists,2.5,Washington Wizards vs Houston Rockets,2025-01-08T00:10:00Z,Over (2.5),FanDuel,-132,2.5,55.56,https://sportsbook.fanduel.com/basketball/nba/houston-rockets-%40-washington-wizards-33916118,Under (2.5),DraftKings,120,2.5,44.44,https://sportsbook.draftkings.com/event/31622182,0.0,2025-01-07 22:50:27.186821+00:00
Low Hold,2.05,NBA,player_prop,Alperen Sengun - Assists,5.5,Washington Wizards vs Houston Rockets,2025-01-08T00:10:00Z,Over (5.5),FanDuel,118,5.5,44.95,https://sportsbook.fanduel.com/basketball/nba/houston-rockets-%40-washington-wizards-33916118,Under (5.5),BetRivers,-128,5.5,55.05,https://{state}.betrivers.com/?page=sportsbook#event/1021436167,0.0,2025-01-07 22:50:27.186821+00:00
Low Hold,2.69,NBA,player_prop,Alperen Sengun - Assists,5.5,Washington Wizards vs Houston Rockets,2025-01-08T00:10:00Z,Over (5.5),BetMGM,115,5.5,45.29,https://sports.{state}.betmgm.com/en/sports/events/houston-rockets-at-washington-wizards-16782633,Under (5.5),BetRivers,-128,5.5,54.71,https://{state}.betrivers.com/?page=sportsbook#event/1021436167,0.0,2025-01-07 22:50:27.186821+00:00
Low Hold,2.73,NBA,player_prop,Fred VanVleet - Assists,6.5,Washington Wizards vs Houston Rockets,2025-01-08T00:10:00Z,Over (6.5),FanDuel,112,6.5,45.92,https://sportsbook.fanduel.com/basketball/nba/houston-rockets-%40-washington-wizards-33916118,Under (6.5),Caesars,-125,6.5,54.08,https://sportsbook.caesars.com/us/{state}/bet/basketball/2b46e08e-d266-4a76-8611-d023aaae3966/houston-rockets-at-washington-wizards,0.0,2025-01-07 22:50:27.186821+00:00
Low Hold,1.81,NBA,player_prop,Fred VanVleet - Assists,6.5,Washington Wizards vs Houston Rockets,2025-01-08T00:10:00Z,Over (6.5),FanDuel,112,6.5,46.33,https://sportsbook.fanduel.com/basketball/nba/houston-rockets-%40-washington-wizards-33916118,Under (6.5),BetMGM,-120,6.5,53.67,https://sports.{state}.betmgm.com/en/sports/events/houston-rockets-at-washington-wizards-16782633,0.0,2025-01-07 22:50:27.186821+00:00
Low Hold,0.65,NBA,player_prop,Fred VanVleet - Assists,6.5,Washington Wizards vs Houston Rockets,2025-01-08T00:10:00Z,Over (6.5),FanDuel,112,6.5,46.87,https://sportsbook.fanduel.com/basketball/nba/houston-rockets-%40-washington-wizards-33916118,Under (6.5),BetRivers,-115,6.5,53.13,https://{state}.betrivers.com/?page=sportsbook#event/1021436167,0.0,2025-01-07 22:50:27.186821+00:00
Low Hold,1.52,NBA,player_prop,Fred VanVleet - Assists,6.5,Washington Wizards vs Houston Rockets,2025-01-08T00:10:00Z,Over (6.5),FanDuel,112,6.5,46.46,https://sportsbook.fanduel.com/basketball/nba/houston-rockets-%40-washington-wizards-33916118,Under (6.5),Pinnacle,-119,6.5,53.54,https://www.pinnacle.com/en/basketball/nba/houston-rockets-vs-washington-wizards/1602665075/,0.0,2025-01-07 22:50:27.186821+00:00
Low Hold,2.26,NBA,player_prop,Fred VanVleet - Assists,6.5,Washington Wizards vs Houston Rockets,2025-01-08T00:10:00Z,Over (6.5),DraftKings,105,6.5,47.7,https://sportsbook.draftkings.com/event/31622182,Under (6.5),BetRivers,-115,6.5,52.3,https://{state}.betrivers.com/?page=sportsbook#event/1021436167,0.0,2025-01-07 22:50:27.186821+00:00
Low Hold,1.95,NBA,player_prop,Jalen Green - Assists,2.5,Washington Wizards vs Houston Rockets,2025-01-08T00:10:00Z,Over (2.5),DraftKings,-130,2.5,55.42,https://sportsbook.draftkings.com/event/31622182,Under (2.5),FanDuel,120,2.5,44.58,https://sportsbook.fanduel.com/basketball/nba/houston-rockets-%40-washington-wizards-33916118,0.0,2025-01-07 22:50:27.186821+00:00
Low Hold,1.63,NBA,player_prop,Jalen Green - Assists,2.5,Washington Wizards vs Houston Rockets,2025-01-08T00:10:00Z,Over (2.5),Caesars,-128,2.5,55.28,https://sportsbook.caesars.com/us/{state}/bet/basketball/2b46e08e-d266-4a76-8611-d023aaae3966/houston-rockets-at-washington-wizards,Under (2.5),FanDuel,120,2.5,44.72,https://sportsbook.fanduel.com/basketball/nba/houston-rockets-%40-washington-wizards-33916118,0.0,2025-01-07 22:50:27.186821+00:00
Low Hold,1.01,NBA,player_prop,Jalen Green - Assists,2.5,Washington Wizards vs Houston Rockets,2025-01-08T00:10:00Z,Over (2.5),BetMGM,-125,2.5,55.0,https://sports.{state}.betmgm.com/en/sports/events/houston-rockets-at-washington-wizards-16782633,Under (2.5),FanDuel,120,2.5,45.0,https://sportsbook.fanduel.com/basketball/nba/houston-rockets-%40-washington-wizards-33916118,0.0,2025-01-07 22:50:27.186821+00:00
Low Hold,1.32,NBA,player_prop,Jalen Green - Assists,2.5,Washington Wizards vs Houston Rockets,2025-01-08T00:10:00Z,Over (2.5),BetRivers,-127,2.5,55.14,https://{state}.betrivers.com/?page=sportsbook#event/1021436167,Under (2.5),FanDuel,120,2.5,44.86,https://sportsbook.fanduel.com/basketball/nba/houston-rockets-%40-washington-wizards-33916118,0.0,2025-01-07 22:50:27.186821+00:00
Low Hold,2.26,NBA,player_prop,Cam Whitmore - Points,12.5,Washington Wizards vs Houston Rockets,2025-01-08T00:10:00Z,Over (12.5),FanDuel,-115,12.5,52.3,https://sportsbook.fanduel.com/basketball/nba/houston-rockets-%40-washington-wizards-33916118,Under (12.5),Pinnacle,105,12.5,47.7,https://www.pinnacle.com/en/basketball/nba/houston-rockets-vs-washington-wizards/1602665075/,0.0,2025-01-07 22:50:27.186821+00:00
Low Hold,2.83,NBA,player_prop,Cam Whitmore - Points,12.5,Washington Wizards vs Houston Rockets,2025-01-08T00:10:00Z,Over (12.5),Caesars,-118,12.5,52.56,https://sportsbook.caesars.com/us/{state}/bet/basketball/2b46e08e-d266-4a76-8611-d023aaae3966/houston-rockets-at-washington-wizards,Under (12.5),Pinnacle,105,12.5,47.44,https://www.pinnacle.com/en/basketball/nba/houston-rockets-vs-washington-wizards/1602665075/,0.0,2025-01-07 22:50:27.186821+00:00
Low Hold,2.5,NBA,player_prop,Kyle Kuzma - Points,18.5,Washington Wizards vs Houston Rockets,2025-01-08T00:10:00Z,Over (18.5),FanDuel,104,18.5,47.83,https://sportsbook.fanduel.com/basketball/nba/houston-rockets-%40-washington-wizards-33916118,Under (18.5),DraftKings,-115,18.5,52.17,https://sportsbook.draftkings.com/event/31622182,0.0,2025-01-07 22:50:27.186821+00:00
Low Hold,2.37,NBA,player_prop,Kyle Kuzma - Points,19.5,Washington Wizards vs Houston Rockets,2025-01-08T00:10:00Z,Over (19.5),BetRivers,118,19.5,44.81,https://{state}.betrivers.com/?page=sportsbook#event/1021436167,Under (19.5),BetMGM,-130,19.5,55.19,https://sports.{state}.betmgm.com/en/sports/events/houston-rockets-at-washington-wizards-16782633,0.0,2025-01-07 22:50:27.186821+00:00
Low Hold,2.21,NBA,player_prop,Dillon Brooks - Points,14.5,Washington Wizards vs Houston Rockets,2025-01-08T00:10:00Z,Over (14.5),FanDuel,-114,14.5,52.04,https://sportsbook.fanduel.com/basketball/nba/houston-rockets-%40-washington-wizards-33916118,Under (14.5),BetRivers,104,14.5,47.96,https://{state}.betrivers.com/?page=sportsbook#event/1021436167,0.0,2025-01-07 22:50:27.186821+00:00
Low Hold,2.73,NBA,player_prop,Jordan Poole - Points,20.5,Washington Wizards vs Houston Rockets,2025-01-08T00:10:00Z,Over (20.5),Pinnacle,112,20.5,45.92,https://www.pinnacle.com/en/basketball/nba/houston-rockets-vs-washington-wizards/1602665075/,Under (20.5),DraftKings,-125,20.5,54.08,https://sportsbook.draftkings.com/event/31622182,0.0,2025-01-07 22:50:27.186821+00:00
Low Hold,1.81,NBA,player_prop,Alex Sarr - Points,12.5,Washington Wizards vs Houston Rockets,2025-01-08T00:10:00Z,Over (12.5),BetRivers,112,12.5,46.33,https://{state}.betrivers.com/?page=sportsbook#event/1021436167,Under (12.5),DraftKings,-120,12.5,53.67,https://sportsbook.draftkings.com/event/31622182,0.0,2025-01-07 22:50:27.186821+00:00
Low Hold,1.81,NBA,player_prop,Alex Sarr - Points,12.5,Washington Wizards vs Houston Rockets,2025-01-08T00:10:00Z,Over (12.5),BetRivers,112,12.5,46.33,https://{state}.betrivers.com/?page=sportsbook#event/1021436167,Under (12.5),Caesars,-120,12.5,53.67,https://sportsbook.caesars.com/us/{state}/bet/basketball/2b46e08e-d266-4a76-8611-d023aaae3966/houston-rockets-at-washington-wizards,0.0,2025-01-07 22:50:27.186821+00:00
Low Hold,1.81,NBA,player_prop,Alex Sarr - Points,12.5,Washington Wizards vs Houston Rockets,2025-01-08T00:10:00Z,Over (12.5),BetRivers,112,12.5,46.33,https://{state}.betrivers.com/?page=sportsbook#event/1021436167,Under (12.5),BetMGM,-120,12.5,53.67,https://sports.{state}.betmgm.com/en/sports/events/houston-rockets-at-washington-wizards-16782633,0.0,2025-01-07 22:50:27.186821+00:00
Low Hold,2.42,NBA,player_prop,Alex Sarr - Points,12.5,Washington Wizards vs Houston Rockets,2025-01-08T00:10:00Z,Over (12.5),BetRivers,112,12.5,46.06,https://{state}.betrivers.com/?page=sportsbook#event/1021436167,Under (12.5),Pinnacle,-123,12.5,53.94,https://www.pinnacle.com/en/basketball/nba/houston-rockets-vs-washington-wizards/1602665075/,0.0,2025-01-07 22:50:27.186821+00:00
Low Hold,2.83,NBA,player_prop,Bilal Coulibaly - PRA,22.5,Washington Wizards vs Houston Rockets,2025-01-08T00:10:00Z,Over (22.5),FanDuel,-106,22.5,50.13,https://sportsbook.fanduel.com/basketball/nba/houston-rockets-%40-washington-wizards-33916118,Under (22.5),DraftKings,-105,22.5,49.87,https://sportsbook.draftkings.com/event/31622182,0.0,2025-01-07 22:50:27.186821+00:00
Low Hold,2.26,NBA,player_prop,Alperen Sengun - PRA,39.5,Washington Wizards vs Houston Rockets,2025-01-08T00:10:00Z,Over (39.5),Pinnacle,110,39.5,46.56,https://www.pinnacle.com/en/basketball/nba/houston-rockets-vs-washington-wizards/1602665075/,Under (39.5),BetMGM,-120,39.5,53.44,https://sports.{state}.betmgm.com/en/sports/events/houston-rockets-at-washington-wizards-16782633,0.0,2025-01-07 22:50:27.186821+00:00
Low Hold,1.67,NBA,player_prop,Jalen Green - Rebounds,4.5,Washington Wizards vs Houston Rockets,2025-01-08T00:10:00Z,Over (4.5),FanDuel,-122,4.5,54.04,https://sportsbook.fanduel.com/basketball/nba/houston-rockets-%40-washington-wizards-33916118,Under (4.5),DraftKings,114,4.5,45.96,https://sportsbook.draftkings.com/event/31622182,0.0,2025-01-07 22:50:27.186821+00:00
Low Hold,2.59,NBA,player_prop,Jalen Green - Rebounds,4.5,Washington Wizards vs Houston Rockets,2025-01-08T00:10:00Z,Over (4.5),Pinnacle,-127,4.5,54.45,https://www.pinnacle.com/en/basketball/nba/houston-rockets-vs-washington-wizards/1602665075/,Under (4.5),DraftKings,114,4.5,45.55,https://sportsbook.draftkings.com/event/31622182,0.0,2025-01-07 22:50:27.186821+00:00
Low Hold,2.36,NBA,player_prop,Alex Sarr - Rebounds,6.5,Washington Wizards vs Houston Rockets,2025-01-08T00:10:00Z,Over (6.5),FanDuel,100,6.5,48.85,https://sportsbook.fanduel.com/basketball/nba/houston-rockets-%40-washington-wizards-33916118,Under (6.5),BetMGM,-110,6.5,51.15,https://sports.{state}.betmgm.com/en/sports/events/houston-rockets-at-washington-wizards-16782633,0.0,2025-01-07 22:50:27.186821+00:00
Low Hold,0.25,NBA,player_prop,Alex Sarr - Rebounds,6.5,Washington Wizards vs Houston Rockets,2025-01-08T00:10:00Z,Over (6.5),FanDuel,100,6.5,49.87,https://sportsbook.fanduel.com/basketball/nba/houston-rockets-%40-washington-wizards-33916118,Under (6.5),Pinnacle,-101,6.5,50.13,https://www.pinnacle.com/en/basketball/nba/houston-rockets-vs-washington-wizards/1602665075/,0.0,2025-01-07 22:50:27.186821+00:00
Low Hold,1.38,NBA,player_prop,Kyle Kuzma - Rebounds,6.5,Washington Wizards vs Houston Rockets,2025-01-08T00:10:00Z,Over (6.5),FanDuel,104,6.5,48.35,https://sportsbook.fanduel.com/basketball/nba/houston-rockets-%40-washington-wizards-33916118,Under (6.5),DraftKings,-110,6.5,51.65,https://sportsbook.draftkings.com/event/31622182,0.0,2025-01-07 22:50:27.186821+00:00
Low Hold,1.14,NBA,player_prop,Kyle Kuzma - Rebounds,6.5,Washington Wizards vs Houston Rockets,2025-01-08T00:10:00Z,Over (6.5),BetMGM,105,6.5,48.23,https://sports.{state}.betmgm.com/en/sports/events/houston-rockets-at-washington-wizards-16782633,Under (6.5),DraftKings,-110,6.5,51.77,https://sportsbook.draftkings.com/event/31622182,0.0,2025-01-07 22:50:27.186821+00:00
Low Hold,1.38,NBA,player_prop,Kyle Kuzma - Rebounds,6.5,Washington Wizards vs Houston Rockets,2025-01-08T00:10:00Z,Over (6.5),Pinnacle,104,6.5,48.35,https://www.pinnacle.com/en/basketball/nba/houston-rockets-vs-washington-wizards/1602665075/,Under (6.5),DraftKings,-110,6.5,51.65,https://sportsbook.draftkings.com/event/31622182,0.0,2025-01-07 22:50:27.186821+00:00
Low Hold,1.39,NBA,player_prop,Jordan Poole - Rebounds,2.5,Washington Wizards vs Houston Rockets,2025-01-08T00:10:00Z,Over (2.5),FanDuel,-133,2.5,56.36,https://sportsbook.fanduel.com/basketball/nba/houston-rockets-%40-washington-wizards-33916118,Under (2.5),Caesars,126,2.5,43.64,https://sportsbook.caesars.com/us/{state}/bet/basketball/2b46e08e-d266-4a76-8611-d023aaae3966/houston-rockets-at-washington-wizards,0.0,2025-01-07 22:50:27.186821+00:00
Low Hold,1.59,NBA,player_prop,Jordan Poole - Rebounds,2.5,Washington Wizards vs Houston Rockets,2025-01-08T00:10:00Z,Over (2.5),FanDuel,-133,2.5,56.25,https://sportsbook.fanduel.com/basketball/nba/houston-rockets-%40-washington-wizards-33916118,Under (2.5),BetMGM,125,2.5,43.75,https://sports.{state}.betmgm.com/en/sports/events/houston-rockets-at-washington-wizards-16782633,0.0,2025-01-07 22:50:27.186821+00:00
Low Hold,2.73,NBA,player_prop,Jordan Poole - Rebounds,2.5,Washington Wizards vs Houston Rockets,2025-01-08T00:10:00Z,Over (2.5),DraftKings,-141,2.5,56.93,https://sportsbook.draftkings.com/event/31622182,Under (2.5),Caesars,126,2.5,43.07,https://sportsbook.caesars.com/us/{state}/bet/basketball/2b46e08e-d266-4a76-8611-d023aaae3966/houston-rockets-at-washington-wizards,0.0,2025-01-07 22:50:27.186821+00:00
Low Hold,2.92,NBA,player_prop,Jordan Poole - Rebounds,2.5,Washington Wizards vs Houston Rockets,2025-01-08T00:10:00Z,Over (2.5),DraftKings,-141,2.5,56.82,https://sportsbook.draftkings.com/event/31622182,Under (2.5),BetMGM,125,2.5,43.18,https://sports.{state}.betmgm.com/en/sports/events/houston-rockets-at-washington-wizards-16782633,0.0,2025-01-07 22:50:27.186821+00:00
Low Hold,2.28,NBA,player_prop,Dillon Brooks - Rebounds,4.5,Washington Wizards vs Houston Rockets,2025-01-08T00:10:00Z,Over (4.5),FanDuel,114,4.5,45.69,https://sportsbook.fanduel.com/basketball/nba/houston-rockets-%40-washington-wizards-33916118,Under (4.5),Caesars,-125,4.5,54.31,https://sportsbook.caesars.com/us/{state}/bet/basketball/2b46e08e-d266-4a76-8611-d023aaae3966/houston-rockets-at-washington-wizards,0.0,2025-01-07 22:50:27.186821+00:00
Low Hold,2.91,NBA,player_prop,Dillon Brooks - Rebounds,4.5,Washington Wizards vs Houston Rockets,2025-01-08T00:10:00Z,Over (4.5),FanDuel,114,4.5,45.41,https://sportsbook.fanduel.com/basketball/nba/houston-rockets-%40-washington-wizards-33916118,Under (4.5),BetRivers,-128,4.5,54.59,https://{state}.betrivers.com/?page=sportsbook#event/1021436167,0.0,2025-01-07 22:50:27.186821+00:00
Low Hold,1.67,NBA,player_prop,Amen Thompson - Rebounds,9.5,Washington Wizards vs Houston Rockets,2025-01-08T00:10:00Z,Over (9.5),Pinnacle,-122,9.5,54.04,https://www.pinnacle.com/en/basketball/nba/houston-rockets-vs-washington-wizards/1602665075/,Under (9.5),DraftKings,114,9.5,45.96,https://sportsbook.draftkings.com/event/31622182,0.0,2025-01-07 22:50:27.186821+00:00
Low Hold,2.11,NBA,player_prop,Alex Sarr - 3-Pointers Made,1.5,Washington Wizards vs Houston Rockets,2025-01-08T00:10:00Z,Over (1.5),FanDuel,124,1.5,43.72,https://sportsbook.fanduel.com/basketball/nba/houston-rockets-%40-washington-wizards-33916118,Under (1.5),Pinnacle,-135,1.5,56.28,https://www.pinnacle.com/en/basketball/nba/houston-rockets-vs-washington-wizards/1602665075/,0.0,2025-01-07 22:50:27.186821+00:00
Low Hold,0.95,NBA,player_prop,Alex Sarr - 3-Pointers Made,1.5,Washington Wizards vs Houston Rockets,2025-01-08T00:10:00Z,Over (1.5),DraftKings,130,1.5,43.07,https://sportsbook.draftkings.com/event/31622182,Under (1.5),Pinnacle,-135,1.5,56.93,https://www.pinnacle.com/en/basketball/nba/houston-rockets-vs-washington-wizards/1602665075/,0.0,2025-01-07 22:50:27.186821+00:00
Low Hold,0.95,NBA,player_prop,Alex Sarr - 3-Pointers Made,1.5,Washington Wizards vs Houston Rockets,2025-01-08T00:10:00Z,Over (1.5),BetMGM,130,1.5,43.07,https://sports.{state}.betmgm.com/en/sports/events/houston-rockets-at-washington-wizards-16782633,Under (1.5),Pinnacle,-135,1.5,56.93,https://www.pinnacle.com/en/basketball/nba/houston-rockets-vs-washington-wizards/1602665075/,0.0,2025-01-07 22:50:27.186821+00:00
Low Hold,2.73,NBA,player_prop,Jordan Poole - 3-Pointers Made,3.5,Washington Wizards vs Houston Rockets,2025-01-08T00:10:00Z,Over (3.5),FanDuel,126,3.5,43.07,https://sportsbook.fanduel.com/basketball/nba/houston-rockets-%40-washington-wizards-33916118,Under (3.5),DraftKings,-141,3.5,56.93,https://sportsbook.draftkings.com/event/31622182,0.0,2025-01-07 22:50:27.186821+00:00
Low Hold,2.73,NBA,player_prop,Jordan Poole - 3-Pointers Made,3.5,Washington Wizards vs Houston Rockets,2025-01-08T00:10:00Z,Over (3.5),FanDuel,126,3.5,43.07,https://sportsbook.fanduel.com/basketball/nba/houston-rockets-%40-washington-wizards-33916118,Under (3.5),BetMGM,-141,3.5,56.93,https://sports.{state}.betmgm.com/en/sports/events/houston-rockets-at-washington-wizards-16782633,0.0,2025-01-07 22:50:27.186821+00:00
Low Hold,1.91,NBA,player_prop,Fred VanVleet - 3-Pointers Made,3.5,Washington Wizards vs Houston Rockets,2025-01-08T00:10:00Z,Over (3.5),FanDuel,134,3.5,41.94,https://sportsbook.fanduel.com/basketball/nba/houston-rockets-%40-washington-wizards-33916118,Under (3.5),DraftKings,-145,3.5,58.06,https://sportsbook.draftkings.com/event/31622182,0.0,2025-01-07 22:50:27.186821+00:00
Low Hold,2.86,NBA,player_prop,Dillon Brooks - 3-Pointers Made,2.5,Washington Wizards vs Houston Rockets,2025-01-08T00:10:00Z,Over (2.5),FanDuel,-102,2.5,49.1,https://sportsbook.fanduel.com/basketball/nba/houston-rockets-%40-washington-wizards-33916118,Under (2.5),DraftKings,-110,2.5,50.9,https://sportsbook.draftkings.com/event/31622182,0.0,2025-01-07 22:50:27.186821+00:00
Low Hold,2.86,NBA,player_prop,Dillon Brooks - 3-Pointers Made,2.5,Washington Wizards vs Houston Rockets,2025-01-08T00:10:00Z,Over (2.5),FanDuel,-102,2.5,49.1,https://sportsbook.fanduel.com/basketball/nba/houston-rockets-%40-washington-wizards-33916118,Under (2.5),BetRivers,-110,2.5,50.9,https://{state}.betrivers.com/?page=sportsbook#event/1021436167,0.0,2025-01-07 22:50:27.186821+00:00
Low Hold,2.16,NBA,player_prop,Bilal Coulibaly - 3-Pointers Made,1.5,Washington Wizards vs Houston Rockets,2025-01-08T00:10:00Z,Over (1.5),DraftKings,160,1.5,37.65,https://sportsbook.draftkings.com/event/31622182,Under (1.5),BetMGM,-175,1.5,62.35,https://sports.{state}.betmgm.com/en/sports/events/houston-rockets-at-washington-wizards-16782633,0.0,2025-01-07 22:50:27.186821+00:00
Low Hold,2.68,NBA,h2h,,,Dallas Mavericks vs Los Angeles Lakers,2025-01-08T00:40:00Z,Dallas Mavericks,Caesars,210,,31.42,https://sportsbook.caesars.com/us/{state}/bet/betslip?selectionIds=77770ff7-10c3-3973-9bfc-2d62d84eb2b1,Los Angeles Lakers,FanDuel,-238,,68.58,https://sportsbook.fanduel.com/addToBetslip?marketId=42.472284725&selectionId=5368712,0.0,2025-01-07 22:50:27.186821+00:00
Low Hold,2.72,NBA,alternate_spreads,,7.5,Dallas Mavericks vs Los Angeles Lakers,2025-01-08T00:40:00Z,Dallas Mavericks,BetMGM,-120,7.5,53.2,https://sports.{state}.betmgm.com/en/sports?options=16782634-1227338510--792915891&type=Single,Los Angeles Lakers,FanDuel,108,-7.5,46.8,https://sportsbook.fanduel.com/addToBetslip?marketId=42.472640586&selectionId=7884315,0.0,2025-01-07 22:50:27.186821+00:00
Low Hold,1.76,NBA,alternate_spreads,,9.5,Dallas Mavericks vs Los Angeles Lakers,2025-01-08T00:40:00Z,Dallas Mavericks,BetMGM,-154,9.5,59.56,https://sports.{state}.betmgm.com/en/sports?options=16782634-1227338514--792915878&type=Single,Los Angeles Lakers,BetRivers,143,-9.5,40.44,https://{state}.betrivers.com/?page=sportsbook#event/1021436130?coupon={pickType}|3608212897|{wagerAmount},0.0,2025-01-07 22:50:27.186821+00:00
Low Hold,1.43,NBA,alternate_spreads,,10.5,Dallas Mavericks vs Los Angeles Lakers,2025-01-08T00:40:00Z,Dallas Mavericks,BetMGM,-175,10.5,62.8,https://sports.{state}.betmgm.com/en/sports?options=16782634-1227338534--792915818&type=Single,Los Angeles Lakers,DraftKings,165,-10.5,37.2,https://sportsbook.draftkings.com/event/31622215?outcomes=0HC78190564N1050_3,0.0,2025-01-07 22:50:27.186821+00:00
Low Hold,1.15,NBA,alternate_spreads,,11.5,Dallas Mavericks vs Los Angeles Lakers,2025-01-08T00:40:00Z,Dallas Mavericks,BetMGM,-200,11.5,65.91,https://sports.{state}.betmgm.com/en/sports?options=16782634-1227357078--792864988&type=Single,Los Angeles Lakers,DraftKings,190,-11.5,34.09,https://sportsbook.draftkings.com/event/31622215?outcomes=0HC78190564N1150_3,0.0,2025-01-07 22:50:27.186821+00:00
Low Hold,0.69,NBA,alternate_spreads,,12.5,Dallas Mavericks vs Los Angeles Lakers,2025-01-08T00:40:00Z,Dallas Mavericks,BetMGM,-227,12.5,68.97,https://sports.{state}.betmgm.com/en/sports?options=16782634-1227602063--792206163&type=Single,Los Angeles Lakers,DraftKings,220,-12.5,31.03,https://sportsbook.draftkings.com/event/31622215?outcomes=0HC78190564N1250_3,0.0,2025-01-07 22:50:27.186821+00:00
Low Hold,2.1,NBA,alternate_spreads,,13.5,Dallas Mavericks vs Los Angeles Lakers,2025-01-08T00:40:00Z,Dallas Mavericks,BetMGM,-278,13.5,72.02,https://sports.{state}.betmgm.com/en/sports?options=16782634-1227632887--792120555&type=Single,Los Angeles Lakers,DraftKings,250,-13.5,27.98,https://sportsbook.draftkings.com/event/31622215?outcomes=0HC78190564N1350_3,0.0,2025-01-07 22:50:27.186821+00:00
Low Hold,1.5,NBA,alternate_spreads,,14.5,Dallas Mavericks vs Los Angeles Lakers,2025-01-08T00:40:00Z,Dallas Mavericks,BetMGM,-303,14.5,74.07,https://sports.{state}.betmgm.com/en/sports?options=16782634-1227632750--792120864&type=Single,Los Angeles Lakers,DraftKings,280,-14.5,25.93,https://sportsbook.draftkings.com/event/31622215?outcomes=0HC78190564N1450_3,0.0,2025-01-07 22:50:27.186821+00:00
Low Hold,1.91,NBA,alternate_spreads,,15.5,Dallas Mavericks vs Los Angeles Lakers,2025-01-08T00:40:00Z,Dallas Mavericks,BetMGM,-345,15.5,76.07,https://sports.{state}.betmgm.com/en/sports?options=16782634-1227632738--792120917&type=Single,Los Angeles Lakers,DraftKings,310,-15.5,23.93,https://sportsbook.draftkings.com/event/31622215?outcomes=0HC78190564N1550_3,0.0,2025-01-07 22:50:27.186821+00:00
Low Hold,2.22,NBA,alternate_spreads,,16.5,Dallas Mavericks vs Los Angeles Lakers,2025-01-08T00:40:00Z,Dallas Mavericks,BetMGM,-400,16.5,78.26,https://sports.{state}.betmgm.com/en/sports?options=16782634-1227632899--792120520&type=Single,Los Angeles Lakers,DraftKings,350,-16.5,21.74,https://sportsbook.draftkings.com/event/31622215?outcomes=0HC78190564N1650_3,0.0,2025-01-07 22:50:27.186821+00:00
Low Hold,2.67,NBA,alternate_totals,,196.5,Dallas Mavericks vs Los Angeles Lakers,2025-01-08T00:40:00Z,Over,DraftKings,-1000,196.5,88.54,https://sportsbook.draftkings.com/event/31622215?outcomes=0OU78190564O19650_1,Under,FanDuel,750,196.5,11.46,https://sportsbook.fanduel.com/addToBetslip?marketId=42.472640608&selectionId=7710977,0.0,2025-01-07 22:50:27.186821+00:00
Low Hold,2.91,NBA,alternate_totals,,197.5,Dallas Mavericks vs Los Angeles Lakers,2025-01-08T00:40:00Z,Over,DraftKings,-909,197.5,87.54,https://sportsbook.draftkings.com/event/31622215?outcomes=0OU78190564O19750_1,Under,FanDuel,680,197.5,12.46,https://sportsbook.fanduel.com/addToBetslip?marketId=42.472640608&selectionId=7733095,0.0,2025-01-07 22:50:27.186821+00:00
Low Hold,2.94,NBA,alternate_totals,,208.5,Dallas Mavericks vs Los Angeles Lakers,2025-01-08T00:40:00Z,Over,FanDuel,-278,208.5,71.43,https://sportsbook.fanduel.com/addToBetslip?marketId=42.472640608&selectionId=7712036,Under,BetMGM,240,208.5,28.57,https://sports.{state}.betmgm.com/en/sports?options=16782634-1227632833--792120685&type=Single,0.0,2025-01-07 22:50:27.186821+00:00
Low Hold,2.17,NBA,alternate_totals,,209.5,Dallas Mavericks vs Los Angeles Lakers,2025-01-08T00:40:00Z,Over,FanDuel,-244,209.5,69.41,https://sportsbook.fanduel.com/addToBetslip?marketId=42.472640608&selectionId=7711204,Under,BetMGM,220,209.5,30.59,https://sports.{state}.betmgm.com/en/sports?options=16782634-1227632719--792120936&type=Single,0.0,2025-01-07 22:50:27.186821+00:00
Low Hold,1.94,NBA,alternate_totals,,211.5,Dallas Mavericks vs Los Angeles Lakers,2025-01-08T00:40:00Z,Over,FanDuel,-196,211.5,64.97,https://sportsbook.fanduel.com/addToBetslip?marketId=42.472640608&selectionId=7711063,Under,BetMGM,180,211.5,35.03,https://sports.{state}.betmgm.com/en/sports?options=16782634-1227632859--792120624&type=Single,0.0,2025-01-07 22:50:27.186821+00:00
Low Hold,2.72,NBA,alternate_totals,,219.5,Dallas Mavericks vs Los Angeles Lakers,2025-01-08T00:40:00Z,Over,BetRivers,108,219.5,46.8,https://{state}.betrivers.com/?page=sportsbook#event/1021436130?coupon={pickType}|3608078352|{wagerAmount},Under,BetMGM,-120,219.5,53.2,https://sports.{state}.betmgm.com/en/sports?options=16782634-1227338505--792915896&type=Single,0.0,2025-01-07 22:50:27.186821+00:00
Low Hold,2.65,NBA,alternate_totals,,221.5,Dallas Mavericks vs Los Angeles Lakers,2025-01-08T00:40:00Z,Over,BetRivers,130,221.5,42.36,https://{state}.betrivers.com/?page=sportsbook#event/1021436130?coupon={pickType}|3607997351|{wagerAmount},Under,BetMGM,-145,221.5,57.64,https://sports.{state}.betmgm.com/en/sports?options=16782634-1227338535--792915819&type=Single,0.0,2025-01-07 22:50:27.186821+00:00
Low Hold,2.88,NBA,alternate_totals,,222.5,Dallas Mavericks vs Los Angeles Lakers,2025-01-08T00:40:00Z,Over,BetRivers,143,222.5,40.0,https://{state}.betrivers.com/?page=sportsbook#event/1021436130?coupon={pickType}|3607997363|{wagerAmount},Under,BetMGM,-161,222.5,60.0,https://sports.{state}.betmgm.com/en/sports?options=16782634-1227338494--792915920&type=Single,0.0,2025-01-07 22:50:27.186821+00:00
Low Hold,2.91,NBA,alternate_totals,,223.5,Dallas Mavericks vs Los Angeles Lakers,2025-01-08T00:40:00Z,Over,BetRivers,155,223.5,38.11,https://{state}.betrivers.com/?page=sportsbook#event/1021436130?coupon={pickType}|3607997358|{wagerAmount},Under,FanDuel,-175,223.5,61.89,https://sportsbook.fanduel.com/addToBetslip?marketId=42.472640608&selectionId=7712379,0.0,2025-01-07 22:50:27.186821+00:00
Low Hold,2.83,NBA,alternate_totals,,224.5,Dallas Mavericks vs Los Angeles Lakers,2025-01-08T00:40:00Z,Over,BetRivers,170,224.5,36.02,https://{state}.betrivers.com/?page=sportsbook#event/1021436130?coupon={pickType}|3607997346|{wagerAmount},Under,FanDuel,-192,224.5,63.98,https://sportsbook.fanduel.com/addToBetslip?marketId=42.472640608&selectionId=7711320,0.0,2025-01-07 22:50:27.186821+00:00
Low Hold,1.6,NBA,alternate_totals,,225.5,Dallas Mavericks vs Los Angeles Lakers,2025-01-08T00:40:00Z,Over,BetRivers,190,225.5,33.94,https://{state}.betrivers.com/?page=sportsbook#event/1021436130?coupon={pickType}|3608212853|{wagerAmount},Under,FanDuel,-204,225.5,66.06,https://sportsbook.fanduel.com/addToBetslip?marketId=42.472640608&selectionId=7707147,0.0,2025-01-07 22:50:27.186821+00:00
Low Hold,2.19,NBA,alternate_totals,,226.5,Dallas Mavericks vs Los Angeles Lakers,2025-01-08T00:40:00Z,Over,BetRivers,210,226.5,31.57,https://{state}.betrivers.com/?page=sportsbook#event/1021436130?coupon={pickType}|3608212838|{wagerAmount},Under,FanDuel,-233,226.5,68.43,https://sportsbook.fanduel.com/addToBetslip?marketId=42.472640608&selectionId=7711003,0.0,2025-01-07 22:50:27.186821+00:00
Low Hold,1.73,NBA,alternate_totals,,227.5,Dallas Mavericks vs Los Angeles Lakers,2025-01-08T00:40:00Z,Over,BetRivers,230,227.5,29.79,https://{state}.betrivers.com/?page=sportsbook#event/1021436130?coupon={pickType}|3608212827|{wagerAmount},Under,FanDuel,-250,227.5,70.21,https://sportsbook.fanduel.com/addToBetslip?marketId=42.472640608&selectionId=7732979,0.0,2025-01-07 22:50:27.186821+00:00
Low Hold,2.1,NBA,alternate_totals,,228.5,Dallas Mavericks vs Los Angeles Lakers,2025-01-08T00:40:00Z,Over,BetRivers,250,228.5,27.98,https://{state}.betrivers.com/?page=sportsbook#event/1021436130?coupon={pickType}|3608212835|{wagerAmount},Under,FanDuel,-278,228.5,72.02,https://sportsbook.fanduel.com/addToBetslip?marketId=42.472640608&selectionId=7711839,0.0,2025-01-07 22:50:27.186821+00:00
Low Hold,2.42,NBA,alternate_totals,,229.5,Dallas Mavericks vs Los Angeles Lakers,2025-01-08T00:40:00Z,Over,BetRivers,275,229.5,26.04,https://{state}.betrivers.com/?page=sportsbook#event/1021436130?coupon={pickType}|3608212800|{wagerAmount},Under,FanDuel,-312,229.5,73.96,https://sportsbook.fanduel.com/addToBetslip?marketId=42.472640608&selectionId=7711381,0.0,2025-01-07 22:50:27.186821+00:00
Low Hold,2.52,NBA,alternate_totals,,230.5,Dallas Mavericks vs Los Angeles Lakers,2025-01-08T00:40:00Z,Over,BetRivers,300,230.5,24.39,https://{state}.betrivers.com/?page=sportsbook#event/1021436130?coupon={pickType}|3608212902|{wagerAmount},Under,FanDuel,-345,230.5,75.61,https://sportsbook.fanduel.com/addToBetslip?marketId=42.472640608&selectionId=7700284,0.0,2025-01-07 22:50:27.186821+00:00
Low Hold,2.5,NBA,h2h_q1,,,Dallas Mavericks vs Los Angeles Lakers,2025-01-08T00:40:00Z,Dallas Mavericks,BetMGM,150,,39.02,https://sports.{state}.betmgm.com/en/sports?options=16782634-1227632599--792121154&type=Single,Los Angeles Lakers,DraftKings,-167,,60.98,https://sportsbook.draftkings.com/event/31622215?outcomes=0ML78194401_3,0.0,2025-01-07 22:50:27.186821+00:00
Low Hold,2.98,NBA,h2h_q2,,,Dallas Mavericks vs Los Angeles Lakers,2025-01-08T00:40:00Z,Dallas Mavericks,DraftKings,136,,41.15,https://sportsbook.draftkings.com/event/31622215?outcomes=0ML78194402_1,Los Angeles Lakers,FanDuel,-154,,58.85,https://sportsbook.fanduel.com/addToBetslip?marketId=42.472640562&selectionId=5368712,0.0,2025-01-07 22:50:27.186821+00:00
Low Hold,2.6,NBA,h2h_q4,,,Dallas Mavericks vs Los Angeles Lakers,2025-01-08T00:40:00Z,Dallas Mavericks,DraftKings,120,,44.3,https://sportsbook.draftkings.com/event/31622215?outcomes=0ML78194404_1,Los Angeles Lakers,FanDuel,-133,,55.7,https://sportsbook.fanduel.com/addToBetslip?marketId=42.472640564&selectionId=5368712,0.0,2025-01-07 22:50:27.186821+00:00
Low Hold,2.32,NBA,totals_q1,,56.5,Dallas Mavericks vs Los Angeles Lakers,2025-01-08T00:40:00Z,Over,FanDuel,-108,56.5,50.64,https://sportsbook.fanduel.com/addToBetslip?marketId=42.472640566&selectionId=7017823,Under,DraftKings,-102,56.5,49.36,https://sportsbook.draftkings.com/event/31622215?outcomes=0OU78194401U5650_3,0.0,2025-01-07 22:50:27.186821+00:00
Low Hold,2.83,NBA,totals_q2,,55.5,Dallas Mavericks vs Los Angeles Lakers,2025-01-08T00:40:00Z,Over,DraftKings,-105,55.5,49.87,https://sportsbook.draftkings.com/event/31622215?outcomes=0OU78194402O5550_1,Under,FanDuel,-106,55.5,50.13,https://sportsbook.fanduel.com/addToBetslip?marketId=42.472640567&selectionId=7017824,0.0,2025-01-07 22:50:27.186821+00:00
Low Hold,2.25,NBA,alternate_spreads_q1,,-0.5,Dallas Mavericks vs Los Angeles Lakers,2025-01-08T00:40:00Z,Dallas Mavericks,BetMGM,165,-0.5,36.9,https://sports.{state}.betmgm.com/en/sports?options=16782634-1227632587--792121203&type=Single,Los Angeles Lakers,FanDuel,-182,0.5,63.1,https://sportsbook.fanduel.com/addToBetslip?marketId=42.472640604&selectionId=7884382,0.0,2025-01-07 22:50:27.186821+00:00
Low Hold,2.43,NBA,alternate_spreads_q1,,0.5,Dallas Mavericks vs Los Angeles Lakers,2025-01-08T00:40:00Z,Dallas Mavericks,BetMGM,135,0.5,41.54,https://sports.{state}.betmgm.com/en/sports?options=16782634-1227632601--792121156&type=Single,Los Angeles Lakers,FanDuel,-149,-0.5,58.46,https://sportsbook.fanduel.com/addToBetslip?marketId=42.472640604&selectionId=2923799,0.0,2025-01-07 22:50:27.186821+00:00
Low Hold,2.56,NBA,alternate_spreads_q1,,1.5,Dallas Mavericks vs Los Angeles Lakers,2025-01-08T00:40:00Z,Dallas Mavericks,BetMGM,110,1.5,46.43,https://sports.{state}.betmgm.com/en/sports?options=16782634-1227632621--792121110&type=Single,Los Angeles Lakers,FanDuel,-122,-1.5,53.57,https://sportsbook.fanduel.com/addToBetslip?marketId=42.472640604&selectionId=2660049,0.0,2025-01-07 22:50:27.186821+00:00
Low Hold,2.17,NBA,alternate_spreads_h1,,-1.5,Dallas Mavericks vs Los Angeles Lakers,2025-01-08T00:40:00Z,Dallas Mavericks,BetMGM,220,-1.5,30.59,https://sports.{state}.betmgm.com/en/sports?options=16782634-1227632576--792121221&type=Single,Los Angeles Lakers,FanDuel,-244,1.5,69.41,https://sportsbook.fanduel.com/addToBetslip?marketId=42.472640603&selectionId=1441498,0.0,2025-01-07 22:50:27.186821+00:00
Low Hold,2.86,NBA,alternate_totals_q1,,52.5,Dallas Mavericks vs Los Angeles Lakers,2025-01-08T00:40:00Z,Over,FanDuel,-222,52.5,67.05,https://sportsbook.fanduel.com/addToBetslip?marketId=42.472640614&selectionId=7711928,Under,DraftKings,195,52.5,32.95,https://sportsbook.draftkings.com/event/31622215?outcomes=0OU78194414U5250_3,0.0,2025-01-07 22:50:27.186821+00:00
Low Hold,1.84,NBA,alternate_totals_q1,,53.5,Dallas Mavericks vs Los Angeles Lakers,2025-01-08T00:40:00Z,Over,FanDuel,-179,53.5,62.95,https://sportsbook.fanduel.com/addToBetslip?marketId=42.472640614&selectionId=7707042,Under,DraftKings,165,53.5,37.05,https://sportsbook.draftkings.com/event/31622215?outcomes=0OU78194414U5350_3,0.0,2025-01-07 22:50:27.186821+00:00
Low Hold,2.38,NBA,alternate_totals_q1,,55.5,Dallas Mavericks vs Los Angeles Lakers,2025-01-08T00:40:00Z,Over,FanDuel,-127,55.5,54.57,https://sportsbook.fanduel.com/addToBetslip?marketId=42.472640614&selectionId=7710994,Under,BetMGM,115,55.5,45.43,https://sports.{state}.betmgm.com/en/sports?options=16782634-1227632593--792121149&type=Single,0.0,2025-01-07 22:50:27.186821+00:00
Low Hold,2.83,NBA,alternate_totals_q1,,56.5,Dallas Mavericks vs Los Angeles Lakers,2025-01-08T00:40:00Z,Over,FanDuel,-106,56.5,50.13,https://sportsbook.fanduel.com/addToBetslip?marketId=42.472640614&selectionId=7700418,Under,BetMGM,-105,56.5,49.87,https://sports.{state}.betmgm.com/en/sports?options=16782634-1227632588--792121198&type=Single,0.0,2025-01-07 22:50:27.186821+00:00
Low Hold,2.98,NBA,alternate_totals_q1,,58.5,Dallas Mavericks vs Los Angeles Lakers,2025-01-08T00:40:00Z,Over,FanDuel,132,58.5,41.85,https://sportsbook.fanduel.com/addToBetslip?marketId=42.472640614&selectionId=7700530,Under,BetMGM,-149,58.5,58.15,https://sports.{state}.betmgm.com/en/sports?options=16782634-1227632698--792120975&type=Single,0.0,2025-01-07 22:50:27.186821+00:00
Low Hold,0.78,NBA,player_prop,Austin Reaves - Assists,7.5,Dallas Mavericks vs Los Angeles Lakers,2025-01-08T00:40:00Z,Over (7.5),FanDuel,114,7.5,46.37,https://sportsbook.fanduel.com/basketball/nba/los-angeles-lakers-%40-dallas-mavericks-33916119,Under (7.5),BetRivers,-118,7.5,53.63,https://{state}.betrivers.com/?page=sportsbook#event/1021436130,0.0,2025-01-07 22:50:27.186821+00:00
Low Hold,2.28,NBA,player_prop,Austin Reaves - Assists,7.5,Dallas Mavericks vs Los Angeles Lakers,2025-01-08T00:40:00Z,Over (7.5),FanDuel,114,7.5,45.69,https://sportsbook.fanduel.com/basketball/nba/los-angeles-lakers-%40-dallas-mavericks-33916119,Under (7.5),Pinnacle,-125,7.5,54.31,https://www.pinnacle.com/en/basketball/nba/los-angeles-lakers-vs-dallas-mavericks/1602666581/,0.0,2025-01-07 22:50:27.186821+00:00
Low Hold,2.83,NBA,player_prop,Austin Reaves - Assists,7.5,Dallas Mavericks vs Los Angeles Lakers,2025-01-08T00:40:00Z,Over (7.5),DraftKings,105,7.5,47.44,https://sportsbook.draftkings.com/event/31622215,Under (7.5),BetRivers,-118,7.5,52.56,https://{state}.betrivers.com/?page=sportsbook#event/1021436130,0.0,2025-01-07 22:50:27.186821+00:00
Low Hold,1.62,NBA,player_prop,Austin Reaves - Points,19.5,Dallas Mavericks vs Los Angeles Lakers,2025-01-08T00:40:00Z,Over (19.5),Pinnacle,103,19.5,48.48,https://www.pinnacle.com/en/basketball/nba/los-angeles-lakers-vs-dallas-mavericks/1602666581/,Under (19.5),FanDuel,-110,19.5,51.52,https://sportsbook.fanduel.com/basketball/nba/los-angeles-lakers-%40-dallas-mavericks-33916119,0.0,2025-01-07 22:50:27.186821+00:00
Low Hold,0.02,NBA,player_prop,Austin Reaves - Points,19.5,Dallas Mavericks vs Los Angeles Lakers,2025-01-08T00:40:00Z,Over (19.5),Pinnacle,103,19.5,49.25,https://www.pinnacle.com/en/basketball/nba/los-angeles-lakers-vs-dallas-mavericks/1602666581/,Under (19.5),BetRivers,-103,19.5,50.75,https://{state}.betrivers.com/?page=sportsbook#event/1021436130,0.0,2025-01-07 22:50:27.186821+00:00
Low Hold,2.11,NBA,player_prop,Naji Marshall - Points,14.5,Dallas Mavericks vs Los Angeles Lakers,2025-01-08T00:40:00Z,Over (14.5),FanDuel,-122,14.5,53.81,https://sportsbook.fanduel.com/basketball/nba/los-angeles-lakers-%40-dallas-mavericks-33916119,Under (14.5),BetRivers,112,14.5,46.19,https://{state}.betrivers.com/?page=sportsbook#event/1021436130,0.0,2025-01-07 22:50:27.186821+00:00
Low Hold,2.83,NBA,player_prop,Naji Marshall - Points,15.5,Dallas Mavericks vs Los Angeles Lakers,2025-01-08T00:40:00Z,Over (15.5),BetMGM,105,15.5,47.44,https://sports.{state}.betmgm.com/en/sports/events/los-angeles-lakers-at-dallas-mavericks-16782634,Under (15.5),BetRivers,-118,15.5,52.56,https://{state}.betrivers.com/?page=sportsbook#event/1021436130,0.0,2025-01-07 22:50:27.186821+00:00
Low Hold,2.83,NBA,player_prop,Klay Thompson - Points,16.5,Dallas Mavericks vs Los Angeles Lakers,2025-01-08T00:40:00Z,Over (16.5),FanDuel,-106,16.5,50.13,https://sportsbook.fanduel.com/basketball/nba/los-angeles-lakers-%40-dallas-mavericks-33916119,Under (16.5),DraftKings,-105,16.5,49.87,https://sportsbook.draftkings.com/event/31622215,0.0,2025-01-07 22:50:27.186821+00:00
Low Hold,1.55,NBA,player_prop,Klay Thompson - Points,16.5,Dallas Mavericks vs Los Angeles Lakers,2025-01-08T00:40:00Z,Over (16.5),FanDuel,-106,16.5,50.76,https://sportsbook.fanduel.com/basketball/nba/los-angeles-lakers-%40-dallas-mavericks-33916119,Under (16.5),BetRivers,100,16.5,49.24,https://{state}.betrivers.com/?page=sportsbook#event/1021436130,0.0,2025-01-07 22:50:27.186821+00:00
Low Hold,2.91,NBA,player_prop,Spencer Dinwiddie - Points,12.5,Dallas Mavericks vs Los Angeles Lakers,2025-01-08T00:40:00Z,Over (12.5),Caesars,100,12.5,48.59,https://sportsbook.caesars.com/us/{state}/bet/basketball/2374cd87-42bd-4d28-a500-0438e651d10c/los-angeles-lakers-at-dallas-mavericks,Under (12.5),Pinnacle,-112,12.5,51.41,https://www.pinnacle.com/en/basketball/nba/los-angeles-lakers-vs-dallas-mavericks/1602666581/,0.0,2025-01-07 22:50:27.186821+00:00
Low Hold,2.86,NBA,player_prop,Austin Reaves - PRA,31.5,Dallas Mavericks vs Los Angeles Lakers,2025-01-08T00:40:00Z,Over (31.5),DraftKings,-110,31.5,50.9,https://sportsbook.draftkings.com/event/31622215,Under (31.5),FanDuel,-102,31.5,49.1,https://sportsbook.fanduel.com/basketball/nba/los-angeles-lakers-%40-dallas-mavericks-33916119,0.0,2025-01-07 22:50:27.186821+00:00
Low Hold,2.91,NBA,player_prop,Austin Reaves - PRA,32.5,Dallas Mavericks vs Los Angeles Lakers,2025-01-08T00:40:00Z,Over (32.5),BetMGM,100,32.5,48.59,https://sports.{state}.betmgm.com/en/sports/events/los-angeles-lakers-at-dallas-mavericks-16782634,Under (32.5),BetRivers,-112,32.5,51.41,https://{state}.betrivers.com/?page=sportsbook#event/1021436130,0.0,2025-01-07 22:50:27.186821+00:00
Low Hold,0.76,NBA,player_prop,Austin Reaves - PRA,32.5,Dallas Mavericks vs Los Angeles Lakers,2025-01-08T00:40:00Z,Over (32.5),Pinnacle,109,32.5,47.49,https://www.pinnacle.com/en/basketball/nba/los-angeles-lakers-vs-dallas-mavericks/1602666581/,Under (32.5),BetRivers,-112,32.5,52.51,https://{state}.betrivers.com/?page=sportsbook#event/1021436130,0.0,2025-01-07 22:50:27.186821+00:00
Low Hold,2.04,NBA,player_prop,Anthony Davis - PRA,41.5,Dallas Mavericks vs Los Angeles Lakers,2025-01-08T00:40:00Z,Over (41.5),Pinnacle,-104,41.5,50.0,https://www.pinnacle.com/en/basketball/nba/los-angeles-lakers-vs-dallas-mavericks/1602666581/,Under (41.5),FanDuel,-104,41.5,50.0,https://sportsbook.fanduel.com/basketball/nba/los-angeles-lakers-%40-dallas-mavericks-33916119,0.0,2025-01-07 22:50:27.186821+00:00
Low Hold,2.56,NBA,player_prop,Dereck Lively II - Rebounds,9.5,Dallas Mavericks vs Los Angeles Lakers,2025-01-08T00:40:00Z,Over (9.5),Pinnacle,-122,9.5,53.57,https://www.pinnacle.com/en/basketball/nba/los-angeles-lakers-vs-dallas-mavericks/1602666581/,Under (9.5),FanDuel,110,9.5,46.43,https://sportsbook.fanduel.com/basketball/nba/los-angeles-lakers-%40-dallas-mavericks-33916119,0.0,2025-01-07 22:50:27.186821+00:00
Low Hold,2.91,NBA,player_prop,Austin Reaves - Rebounds,4.5,Dallas Mavericks vs Los Angeles Lakers,2025-01-08T00:40:00Z,Over (4.5),FanDuel,-128,4.5,54.59,https://sportsbook.fanduel.com/basketball/nba/los-angeles-lakers-%40-dallas-mavericks-33916119,Under (4.5),BetRivers,114,4.5,45.41,https://{state}.betrivers.com/?page=sportsbook#event/1021436130,0.0,2025-01-07 22:50:27.186821+00:00
Low Hold,1.37,NBA,player_prop,Austin Reaves - Rebounds,4.5,Dallas Mavericks vs Los Angeles Lakers,2025-01-08T00:40:00Z,Over (4.5),DraftKings,-120,4.5,53.9,https://sportsbook.draftkings.com/event/31622215,Under (4.5),BetRivers,114,4.5,46.1,https://{state}.betrivers.com/?page=sportsbook#event/1021436130,0.0,2025-01-07 22:50:27.186821+00:00
Low Hold,2.28,NBA,player_prop,Austin Reaves - Rebounds,4.5,Dallas Mavericks vs Los Angeles Lakers,2025-01-08T00:40:00Z,Over (4.5),Pinnacle,-125,4.5,54.31,https://www.pinnacle.com/en/basketball/nba/los-angeles-lakers-vs-dallas-mavericks/1602666581/,Under (4.5),BetRivers,114,4.5,45.69,https://{state}.betrivers.com/?page=sportsbook#event/1021436130,0.0,2025-01-07 22:50:27.186821+00:00
Low Hold,2.36,NBA,player_prop,Rui Hachimura - Rebounds,4.5,Dallas Mavericks vs Los Angeles Lakers,2025-01-08T00:40:00Z,Over (4.5),FanDuel,-110,4.5,51.15,https://sportsbook.fanduel.com/basketball/nba/los-angeles-lakers-%40-dallas-mavericks-33916119,Under (4.5),DraftKings,100,4.5,48.85,https://sportsbook.draftkings.com/event/31622215,0.0,2025-01-07 22:50:27.186821+00:00
Low Hold,2.36,NBA,player_prop,Naji Marshall - Rebounds,4.5,Dallas Mavericks vs Los Angeles Lakers,2025-01-08T00:40:00Z,Over (4.5),FanDuel,100,4.5,48.85,https://sportsbook.fanduel.com/basketball/nba/los-angeles-lakers-%40-dallas-mavericks-33916119,Under (4.5),BetMGM,-110,4.5,51.15,https://sports.{state}.betmgm.com/en/sports/events/los-angeles-lakers-at-dallas-mavericks-16782634,0.0,2025-01-07 22:50:27.186821+00:00
Low Hold,2.42,NBA,player_prop,Dorian Finney-Smith - Rebounds,3.5,Dallas Mavericks vs Los Angeles Lakers,2025-01-08T00:40:00Z,Over (3.5),FanDuel,-123,3.5,53.94,https://sportsbook.fanduel.com/basketball/nba/los-angeles-lakers-%40-dallas-mavericks-33916119,Under (3.5),Caesars,112,3.5,46.06,https://sportsbook.caesars.com/us/{state}/bet/basketball/2374cd87-42bd-4d28-a500-0438e651d10c/los-angeles-lakers-at-dallas-mavericks,0.0,2025-01-07 22:50:27.186821+00:00
Low Hold,2.87,NBA,player_prop,Dorian Finney-Smith - Rebounds,3.5,Dallas Mavericks vs Los Angeles Lakers,2025-01-08T00:40:00Z,Over (3.5),FanDuel,-123,3.5,53.71,https://sportsbook.fanduel.com/basketball/nba/los-angeles-lakers-%40-dallas-mavericks-33916119,Under (3.5),BetMGM,110,3.5,46.29,https://sports.{state}.betmgm.com/en/sports/events/los-angeles-lakers-at-dallas-mavericks-16782634,0.0,2025-01-07 22:50:27.186821+00:00
Low Hold,2.64,NBA,player_prop,Naji Marshall - 3-Pointers Made,1.5,Dallas Mavericks vs Los Angeles Lakers,2025-01-08T00:40:00Z,Over (1.5),DraftKings,140,1.5,40.59,https://sportsbook.draftkings.com/event/31622215,Under (1.5),FanDuel,-156,1.5,59.41,https://sportsbook.fanduel.com/basketball/nba/los-angeles-lakers-%40-dallas-mavericks-33916119,0.0,2025-01-07 22:50:27.186821+00:00
Low Hold,0.19,NBA,player_prop,Naji Marshall - 3-Pointers Made,1.5,Dallas Mavericks vs Los Angeles Lakers,2025-01-08T00:40:00Z,Over (1.5),BetRivers,155,1.5,39.14,https://{state}.betrivers.com/?page=sportsbook#event/1021436130,Under (1.5),FanDuel,-156,1.5,60.86,https://sportsbook.fanduel.com/basketball/nba/los-angeles-lakers-%40-dallas-mavericks-33916119,0.0,2025-01-07 22:50:27.186821+00:00
Low Hold,1.63,NBA,player_prop,Naji Marshall - 3-Pointers Made,1.5,Dallas Mavericks vs Los Angeles Lakers,2025-01-08T00:40:00Z,Over (1.5),Pinnacle,146,1.5,40.0,https://www.pinnacle.com/en/basketball/nba/los-angeles-lakers-vs-dallas-mavericks/1602666581/,Under (1.5),FanDuel,-156,1.5,60.0,https://sportsbook.fanduel.com/basketball/nba/los-angeles-lakers-%40-dallas-mavericks-33916119,0.0,2025-01-07 22:50:27.186821+00:00
Low Hold,2.69,NBA,player_prop,Austin Reaves - 3-Pointers Made,2.5,Dallas Mavericks vs Los Angeles Lakers,2025-01-08T00:40:00Z,Over (2.5),BetRivers,115,2.5,45.29,https://{state}.betrivers.com/?page=sportsbook#event/1021436130,Under (2.5),FanDuel,-128,2.5,54.71,https://sportsbook.fanduel.com/basketball/nba/los-angeles-lakers-%40-dallas-mavericks-33916119,0.0,2025-01-07 22:50:27.186821+00:00
Low Hold,2.8,NBA,player_prop,Max Christie - 3-Pointers Made,1.5,Dallas Mavericks vs Los Angeles Lakers,2025-01-08T00:40:00Z,Over (1.5),Caesars,133,1.5,41.75,https://sportsbook.caesars.com/us/{state}/bet/basketball/2374cd87-42bd-4d28-a500-0438e651d10c/los-angeles-lakers-at-dallas-mavericks,Under (1.5),FanDuel,-149,1.5,58.25,https://sportsbook.fanduel.com/basketball/nba/los-angeles-lakers-%40-dallas-mavericks-33916119,0.0,2025-01-07 22:50:27.186821+00:00
Low Hold,2.43,NBA,player_prop,Max Christie - 3-Pointers Made,1.5,Dallas Mavericks vs Los Angeles Lakers,2025-01-08T00:40:00Z,Over (1.5),BetMGM,135,1.5,41.54,https://sports.{state}.betmgm.com/en/sports/events/los-angeles-lakers-at-dallas-mavericks-16782634,Under (1.5),FanDuel,-149,1.5,58.46,https://sportsbook.fanduel.com/basketball/nba/los-angeles-lakers-%40-dallas-mavericks-33916119,0.0,2025-01-07 22:50:27.186821+00:00
Low Hold,2.07,NBA,player_prop,Max Christie - 3-Pointers Made,1.5,Dallas Mavericks vs Los Angeles Lakers,2025-01-08T00:40:00Z,Over (1.5),Pinnacle,137,1.5,41.34,https://www.pinnacle.com/en/basketball/nba/los-angeles-lakers-vs-dallas-mavericks/1602666581/,Under (1.5),FanDuel,-149,1.5,58.66,https://sportsbook.fanduel.com/basketball/nba/los-angeles-lakers-%40-dallas-mavericks-33916119,0.0,2025-01-07 22:50:27.186821+00:00
Low Hold,2.26,NBA,player_prop,Dorian Finney-Smith - 3-Pointers Made,1.5,Dallas Mavericks vs Los Angeles Lakers,2025-01-08T00:40:00Z,Over (1.5),BetMGM,105,1.5,47.7,https://sports.{state}.betmgm.com/en/sports/events/los-angeles-lakers-at-dallas-mavericks-16782634,Under (1.5),FanDuel,-115,1.5,52.3,https://sportsbook.fanduel.com/basketball/nba/los-angeles-lakers-%40-dallas-mavericks-33916119,0.0,2025-01-07 22:50:27.186821+00:00
Low Hold,2.74,NBA,player_prop,Dorian Finney-Smith - 3-Pointers Made,1.5,Dallas Mavericks vs Los Angeles Lakers,2025-01-08T00:40:00Z,Over (1.5),Pinnacle,103,1.5,47.95,https://www.pinnacle.com/en/basketball/nba/los-angeles-lakers-vs-dallas-mavericks/1602666581/,Under (1.5),FanDuel,-115,1.5,52.05,https://sportsbook.fanduel.com/basketball/nba/los-angeles-lakers-%40-dallas-mavericks-33916119,0.0,2025-01-07 22:50:27.186821+00:00
Low Hold,2.28,NBA,player_prop,Jaden Hardy - 3-Pointers Made,1.5,Dallas Mavericks vs Los Angeles Lakers,2025-01-08T00:40:00Z,Over (1.5),DraftKings,114,1.5,45.69,https://sportsbook.draftkings.com/event/31622215,Under (1.5),FanDuel,-125,1.5,54.31,https://sportsbook.fanduel.com/basketball/nba/los-angeles-lakers-%40-dallas-mavericks-33916119,0.0,2025-01-07 22:50:27.186821+00:00
Low Hold,2.28,NBA,player_prop,Jaden Hardy - 3-Pointers Made,1.5,Dallas Mavericks vs Los Angeles Lakers,2025-01-08T00:40:00Z,Over (1.5),DraftKings,114,1.5,45.69,https://sportsbook.draftkings.com/event/31622215,Under (1.5),Caesars,-125,1.5,54.31,https://sportsbook.caesars.com/us/{state}/bet/basketball/2374cd87-42bd-4d28-a500-0438e651d10c/los-angeles-lakers-at-dallas-mavericks,0.0,2025-01-07 22:50:27.186821+00:00
Low Hold,2.28,NBA,player_prop,Jaden Hardy - 3-Pointers Made,1.5,Dallas Mavericks vs Los Angeles Lakers,2025-01-08T00:40:00Z,Over (1.5),Pinnacle,114,1.5,45.69,https://www.pinnacle.com/en/basketball/nba/los-angeles-lakers-vs-dallas-mavericks/1602666581/,Under (1.5),FanDuel,-125,1.5,54.31,https://sportsbook.fanduel.com/basketball/nba/los-angeles-lakers-%40-dallas-mavericks-33916119,0.0,2025-01-07 22:50:27.186821+00:00
Low Hold,2.28,NBA,player_prop,Jaden Hardy - 3-Pointers Made,1.5,Dallas Mavericks vs Los Angeles Lakers,2025-01-08T00:40:00Z,Over (1.5),Pinnacle,114,1.5,45.69,https://www.pinnacle.com/en/basketball/nba/los-angeles-lakers-vs-dallas-mavericks/1602666581/,Under (1.5),Caesars,-125,1.5,54.31,https://sportsbook.caesars.com/us/{state}/bet/basketball/2374cd87-42bd-4d28-a500-0438e651d10c/los-angeles-lakers-at-dallas-mavericks,0.0,2025-01-07 22:50:27.186821+00:00
Low Hold,1.96,NBA,player_prop,Quentin Grimes - 3-Pointers Made,1.5,Dallas Mavericks vs Los Angeles Lakers,2025-01-08T00:40:00Z,Over (1.5),DraftKings,-141,1.5,57.36,https://sportsbook.draftkings.com/event/31622215,Under (1.5),FanDuel,130,1.5,42.64,https://sportsbook.fanduel.com/basketball/nba/los-angeles-lakers-%40-dallas-mavericks-33916119,0.0,2025-01-07 22:50:27.186821+00:00
Low Hold,1.96,NBA,player_prop,Quentin Grimes - 3-Pointers Made,1.5,Dallas Mavericks vs Los Angeles Lakers,2025-01-08T00:40:00Z,Over (1.5),DraftKings,-141,1.5,57.36,https://sportsbook.draftkings.com/event/31622215,Under (1.5),BetMGM,130,1.5,42.64,https://sports.{state}.betmgm.com/en/sports/events/los-angeles-lakers-at-dallas-mavericks-16782634,0.0,2025-01-07 22:50:27.186821+00:00
Low Hold,2.91,NBA,player_prop,Rui Hachimura - 3-Pointers Made,1.5,Dallas Mavericks vs Los Angeles Lakers,2025-01-08T00:40:00Z,Over (1.5),BetRivers,155,1.5,38.11,https://{state}.betrivers.com/?page=sportsbook#event/1021436130,Under (1.5),DraftKings,-175,1.5,61.89,https://sportsbook.draftkings.com/event/31622215,0.0,2025-01-07 22:50:27.186821+00:00
Low Hold,2.27,NBA,player_prop,P.J. Washington - 3-Pointers Made,1.5,Dallas Mavericks vs Los Angeles Lakers,2025-01-08T00:40:00Z,Over (1.5),DraftKings,-154,1.5,59.26,https://sportsbook.draftkings.com/event/31622215,Under (1.5),FanDuel,140,1.5,40.74,https://sportsbook.fanduel.com/basketball/nba/los-angeles-lakers-%40-dallas-mavericks-33916119,0.0,2025-01-07 22:50:27.186821+00:00
Low Hold,2.62,NBA,player_prop,P.J. Washington - 3-Pointers Made,1.5,Dallas Mavericks vs Los Angeles Lakers,2025-01-08T00:40:00Z,Over (1.5),DraftKings,-154,1.5,59.06,https://sportsbook.draftkings.com/event/31622215,Under (1.5),BetRivers,138,1.5,40.94,https://{state}.betrivers.com/?page=sportsbook#event/1021436130,0.0,2025-01-07 22:50:27.186821+00:00
Low Hold,2.72,NBA,player_prop,Naji Marshall - PRA,23.5,Dallas Mavericks vs Los Angeles Lakers,2025-01-08T00:40:00Z,Over (23.5),Caesars,108,23.5,46.8,https://sportsbook.caesars.com/us/{state}/bet/basketball/2374cd87-42bd-4d28-a500-0438e651d10c/los-angeles-lakers-at-dallas-mavericks,Under (23.5),DraftKings,-120,23.5,53.2,https://sportsbook.draftkings.com/event/31622215,0.0,2025-01-07 22:50:27.186821+00:00
Low Hold,2.95,NBA,player_prop,Naji Marshall - PRA,23.5,Dallas Mavericks vs Los Angeles Lakers,2025-01-08T00:40:00Z,Over (23.5),Pinnacle,107,23.5,46.92,https://www.pinnacle.com/en/basketball/nba/los-angeles-lakers-vs-dallas-mavericks/1602666581/,Under (23.5),DraftKings,-120,23.5,53.08,https://sportsbook.draftkings.com/event/31622215,0.0,2025-01-07 22:50:27.186821+00:00
Low Hold,2.56,NBA,h2h,,,New Orleans Pelicans vs Minnesota Timberwolves,2025-01-08T01:10:00Z,Minnesota Timberwolves,Caesars,-179,,62.5,https://sportsbook.caesars.com/us/{state}/bet/betslip?selectionIds=d717f5b6-7d6c-3d06-b843-cf792040d706,New Orleans Pelicans,BetRivers,160,,37.5,https://{state}.betrivers.com/?page=sportsbook#event/1021436114?coupon={pickType}|3608028560|{wagerAmount},0.0,2025-01-07 22:50:27.186821+00:00
Low Hold,2.3,NBA,alternate_spreads,,-4.5,New Orleans Pelicans vs Minnesota Timberwolves,2025-01-08T01:10:00Z,Minnesota Timberwolves,Caesars,-105,-4.5,50.13,https://sportsbook.caesars.com/us/{state}/bet/betslip?selectionIds=89160340-61fc-3afe-8349-b31275a64d6e,New Orleans Pelicans,BetRivers,-104,4.5,49.87,https://{state}.betrivers.com/?page=sportsbook#event/1021436114?coupon={pickType}|3608028661|{wagerAmount},0.0,2025-01-07 22:50:27.186821+00:00
Low Hold,2.54,NBA,alternate_spreads,,-7.5,New Orleans Pelicans vs Minnesota Timberwolves,2025-01-08T01:10:00Z,Minnesota Timberwolves,BetMGM,145,-7.5,39.8,https://sports.{state}.betmgm.com/en/sports?options=16782635-1227338710--792915381&type=Single,New Orleans Pelicans,FanDuel,-161,7.5,60.2,https://sportsbook.fanduel.com/addToBetslip?marketId=42.472638629&selectionId=7978362,0.0,2025-01-07 22:50:27.186821+00:00
Low Hold,2.25,NBA,alternate_spreads,,-8.5,New Orleans Pelicans vs Minnesota Timberwolves,2025-01-08T01:10:00Z,Minnesota Timberwolves,BetMGM,165,-8.5,36.9,https://sports.{state}.betmgm.com/en/sports?options=16782635-1227338711--792915374&type=Single,New Orleans Pelicans,FanDuel,-182,8.5,63.1,https://sportsbook.fanduel.com/addToBetslip?marketId=42.472638629&selectionId=7978336,0.0,2025-01-07 22:50:27.186821+00:00
Low Hold,2.17,NBA,alternate_spreads,,-10.5,New Orleans Pelicans vs Minnesota Timberwolves,2025-01-08T01:10:00Z,Minnesota Timberwolves,BetMGM,220,-10.5,30.59,https://sports.{state}.betmgm.com/en/sports?options=16782635-1227338712--792915373&type=Single,New Orleans Pelicans,FanDuel,-244,10.5,69.41,https://sportsbook.fanduel.com/addToBetslip?marketId=42.472638629&selectionId=7992953,0.0,2025-01-07 22:50:27.186821+00:00
Low Hold,2.65,NBA,alternate_spreads,,-12.5,New Orleans Pelicans vs Minnesota Timberwolves,2025-01-08T01:10:00Z,Minnesota Timberwolves,DraftKings,280,-12.5,25.64,https://sportsbook.draftkings.com/event/31622232?outcomes=0HC78190567N1250_3,New Orleans Pelicans,FanDuel,-323,12.5,74.36,https://sportsbook.fanduel.com/addToBetslip?marketId=42.472638629&selectionId=7992955,0.0,2025-01-07 22:50:27.186821+00:00
Low Hold,0.94,NBA,alternate_totals,,210.5,New Orleans Pelicans vs Minnesota Timberwolves,2025-01-08T01:10:00Z,Over,FanDuel,-294,210.5,73.93,https://sportsbook.fanduel.com/addToBetslip?marketId=42.472638651&selectionId=7707590,Under,BetRivers,280,210.5,26.07,https://{state}.betrivers.com/?page=sportsbook#event/1021436114?coupon={pickType}|3608251027|{wagerAmount},0.0,2025-01-07 22:50:27.186821+00:00
Low Hold,0.63,NBA,alternate_totals,,211.5,New Orleans Pelicans vs Minnesota Timberwolves,2025-01-08T01:10:00Z,Over,FanDuel,-263,211.5,72.01,https://sportsbook.fanduel.com/addToBetslip?marketId=42.472638651&selectionId=7711063,Under,BetRivers,255,211.5,27.99,https://{state}.betrivers.com/?page=sportsbook#event/1021436114?coupon={pickType}|3608251035|{wagerAmount},0.0,2025-01-07 22:50:27.186821+00:00
Low Hold,1.23,NBA,alternate_totals,,212.5,New Orleans Pelicans vs Minnesota Timberwolves,2025-01-08T01:10:00Z,Over,FanDuel,-244,212.5,70.06,https://sportsbook.fanduel.com/addToBetslip?marketId=42.472638651&selectionId=7733132,Under,BetRivers,230,212.5,29.94,https://{state}.betrivers.com/?page=sportsbook#event/1021436114?coupon={pickType}|3608251093|{wagerAmount},0.0,2025-01-07 22:50:27.186821+00:00
Low Hold,1.7,NBA,alternate_totals,,213.5,New Orleans Pelicans vs Minnesota Timberwolves,2025-01-08T01:10:00Z,Over,FanDuel,-227,213.5,68.28,https://sportsbook.fanduel.com/addToBetslip?marketId=42.472638651&selectionId=7712127,Under,BetRivers,210,213.5,31.72,https://{state}.betrivers.com/?page=sportsbook#event/1021436114?coupon={pickType}|3608251091|{wagerAmount},0.0,2025-01-07 22:50:27.186821+00:00
Low Hold,0.71,NBA,alternate_totals,,214.5,New Orleans Pelicans vs Minnesota Timberwolves,2025-01-08T01:10:00Z,Over,FanDuel,-196,214.5,65.76,https://sportsbook.fanduel.com/addToBetslip?marketId=42.472638651&selectionId=7711347,Under,BetRivers,190,214.5,34.24,https://{state}.betrivers.com/?page=sportsbook#event/1021436114?coupon={pickType}|3608251098|{wagerAmount},0.0,2025-01-07 22:50:27.186821+00:00
Low Hold,1.14,NBA,alternate_totals,,215.5,New Orleans Pelicans vs Minnesota Timberwolves,2025-01-08T01:10:00Z,Over,FanDuel,-179,215.5,63.38,https://sportsbook.fanduel.com/addToBetslip?marketId=42.472638651&selectionId=7674032,Under,BetRivers,170,215.5,36.62,https://{state}.betrivers.com/?page=sportsbook#event/1021436114?coupon={pickType}|3608251095|{wagerAmount},0.0,2025-01-07 22:50:27.186821+00:00
Low Hold,2.11,NBA,alternate_totals,,216.5,New Orleans Pelicans vs Minnesota Timberwolves,2025-01-08T01:10:00Z,Over,FanDuel,-169,216.5,61.59,https://sportsbook.fanduel.com/addToBetslip?marketId=42.472638651&selectionId=7711020,Under,BetRivers,155,216.5,38.41,https://{state}.betrivers.com/?page=sportsbook#event/1021436114?coupon={pickType}|3608251099|{wagerAmount},0.0,2025-01-07 22:50:27.186821+00:00
Low Hold,2.13,NBA,alternate_totals,,217.5,New Orleans Pelicans vs Minnesota Timberwolves,2025-01-08T01:10:00Z,Over,FanDuel,-156,217.5,59.71,https://sportsbook.fanduel.com/addToBetslip?marketId=42.472638651&selectionId=7733110,Under,BetRivers,143,217.5,40.29,https://{state}.betrivers.com/?page=sportsbook#event/1021436114?coupon={pickType}|3608251083|{wagerAmount},0.0,2025-01-07 22:50:27.186821+00:00
Low Hold,1.96,NBA,alternate_totals,,218.5,New Orleans Pelicans vs Minnesota Timberwolves,2025-01-08T01:10:00Z,Over,FanDuel,-141,218.5,57.36,https://sportsbook.fanduel.com/addToBetslip?marketId=42.472638651&selectionId=7711824,Under,BetRivers,130,218.5,42.64,https://{state}.betrivers.com/?page=sportsbook#event/1021436114?coupon={pickType}|3608251089|{wagerAmount},0.0,2025-01-07 22:50:27.186821+00:00
Low Hold,2.05,NBA,alternate_totals,,219.5,New Orleans Pelicans vs Minnesota Timberwolves,2025-01-08T01:10:00Z,Over,FanDuel,-128,219.5,55.05,https://sportsbook.fanduel.com/addToBetslip?marketId=42.472638651&selectionId=7711256,Under,BetRivers,118,219.5,44.95,https://{state}.betrivers.com/?page=sportsbook#event/1021436114?coupon={pickType}|3608122773|{wagerAmount},0.0,2025-01-07 22:50:27.186821+00:00
Low Hold,2.13,NBA,alternate_totals,,220.5,New Orleans Pelicans vs Minnesota Timberwolves,2025-01-08T01:10:00Z,Over,FanDuel,-118,220.5,52.93,https://sportsbook.fanduel.com/addToBetslip?marketId=42.472638651&selectionId=7707378,Under,BetRivers,108,220.5,47.07,https://{state}.betrivers.com/?page=sportsbook#event/1021436114?coupon={pickType}|3608122766|{wagerAmount},0.0,2025-01-07 22:50:27.186821+00:00
Low Hold,2.57,NBA,alternate_totals,,221.5,New Orleans Pelicans vs Minnesota Timberwolves,2025-01-08T01:10:00Z,Over,FanDuel,-108,221.5,50.51,https://sportsbook.fanduel.com/addToBetslip?marketId=42.472638651&selectionId=7710983,Under,BetRivers,-103,221.5,49.49,https://{state}.betrivers.com/?page=sportsbook#event/1021436114?coupon={pickType}|3608028665|{wagerAmount},0.0,2025-01-07 22:50:27.186821+00:00
Low Hold,2.98,NBA,alternate_totals,,242.5,New Orleans Pelicans vs Minnesota Timberwolves,2025-01-08T01:10:00Z,Over,FanDuel,630,242.5,13.3,https://sportsbook.fanduel.com/addToBetslip?marketId=42.472638651&selectionId=7760686,Under,DraftKings,-833,242.5,86.7,https://sportsbook.draftkings.com/event/31622232?outcomes=0OU78190567U24250_3,0.0,2025-01-07 22:50:27.186821+00:00
Low Hold,2.59,NBA,alternate_totals,,243.5,New Orleans Pelicans vs Minnesota Timberwolves,2025-01-08T01:10:00Z,Over,FanDuel,700,243.5,12.18,https://sportsbook.fanduel.com/addToBetslip?marketId=42.472638651&selectionId=3794661,Under,DraftKings,-909,243.5,87.82,https://sportsbook.draftkings.com/event/31622232?outcomes=0OU78190567U24350_3,0.0,2025-01-07 22:50:27.186821+00:00
Low Hold,2.67,NBA,alternate_totals,,244.5,New Orleans Pelicans vs Minnesota Timberwolves,2025-01-08T01:10:00Z,Over,FanDuel,750,244.5,11.46,https://sportsbook.fanduel.com/addToBetslip?marketId=42.472638651&selectionId=7695583,Under,DraftKings,-1000,244.5,88.54,https://sportsbook.draftkings.com/event/31622232?outcomes=0OU78190567U24450_3,0.0,2025-01-07 22:50:27.186821+00:00
Low Hold,1.95,NBA,h2h_q2,,,New Orleans Pelicans vs Minnesota Timberwolves,2025-01-08T01:10:00Z,Minnesota Timberwolves,DraftKings,-130,,55.42,https://sportsbook.draftkings.com/event/31622232?outcomes=0ML78194428_3,New Orleans Pelicans,BetRivers,120,,44.58,https://{state}.betrivers.com/?page=sportsbook#event/1021436114?coupon={pickType}|3608378557|{wagerAmount},0.0,2025-01-07 22:50:27.186821+00:00
Low Hold,2.27,NBA,h2h_q3,,,New Orleans Pelicans vs Minnesota Timberwolves,2025-01-08T01:10:00Z,Minnesota Timberwolves,FanDuel,-132,,55.56,https://sportsbook.fanduel.com/addToBetslip?marketId=42.472638606&selectionId=237478,New Orleans Pelicans,DraftKings,120,,44.44,https://sportsbook.draftkings.com/event/31622232?outcomes=0ML78194429_1,0.0,2025-01-07 22:50:27.186821+00:00
Low Hold,1.63,NBA,h2h_q4,,,New Orleans Pelicans vs Minnesota Timberwolves,2025-01-08T01:10:00Z,Minnesota Timberwolves,BetRivers,-128,,55.28,https://{state}.betrivers.com/?page=sportsbook#event/1021436114?coupon={pickType}|3608378514|{wagerAmount},New Orleans Pelicans,DraftKings,120,,44.72,https://sportsbook.draftkings.com/event/31622232?outcomes=0ML78194430_1,0.0,2025-01-07 22:50:27.186821+00:00
Low Hold,2.65,NBA,h2h_h2,,,New Orleans Pelicans vs Minnesota Timberwolves,2025-01-08T01:10:00Z,Minnesota Timberwolves,FanDuel,-145,,57.64,https://sportsbook.fanduel.com/addToBetslip?marketId=42.472638751&selectionId=237478,New Orleans Pelicans,DraftKings,130,,42.36,https://sportsbook.draftkings.com/event/31622232?outcomes=0ML78194446_1,0.0,2025-01-07 22:50:27.186821+00:00
Low Hold,2.73,NBA,alternate_spreads_h1,,-1.5,New Orleans Pelicans vs Minnesota Timberwolves,2025-01-08T01:10:00Z,Minnesota Timberwolves,BetMGM,-125,-1.5,54.08,https://sports.{state}.betmgm.com/en/sports?options=16782635-1227633530--792118704&type=Single,New Orleans Pelicans,FanDuel,112,1.5,45.92,https://sportsbook.fanduel.com/addToBetslip?marketId=42.472638646&selectionId=7978307,0.0,2025-01-07 22:50:27.186821+00:00
Low Hold,2.56,NBA,alternate_spreads_h1,,-3.5,New Orleans Pelicans vs Minnesota Timberwolves,2025-01-08T01:10:00Z,Minnesota Timberwolves,BetMGM,110,-3.5,46.43,https://sports.{state}.betmgm.com/en/sports?options=16782635-1227633612--792118544&type=Single,New Orleans Pelicans,FanDuel,-122,3.5,53.57,https://sportsbook.fanduel.com/addToBetslip?marketId=42.472638646&selectionId=7978296,0.0,2025-01-07 22:50:27.186821+00:00
Low Hold,2.11,NBA,alternate_spreads_h1,,-5.5,New Orleans Pelicans vs Minnesota Timberwolves,2025-01-08T01:10:00Z,Minnesota Timberwolves,BetMGM,150,-5.5,39.17,https://sports.{state}.betmgm.com/en/sports?options=16782635-1227633603--792118564&type=Single,New Orleans Pelicans,FanDuel,-164,5.5,60.83,https://sportsbook.fanduel.com/addToBetslip?marketId=42.472638646&selectionId=7978304,0.0,2025-01-07 22:50:27.186821+00:00
Low Hold,2.38,NBA,alternate_spreads_h1,,-6.5,New Orleans Pelicans vs Minnesota Timberwolves,2025-01-08T01:10:00Z,Minnesota Timberwolves,BetMGM,180,-6.5,34.88,https://sports.{state}.betmgm.com/en/sports?options=16782635-1227633810--792118146&type=Single,New Orleans Pelicans,FanDuel,-200,6.5,65.12,https://sportsbook.fanduel.com/addToBetslip?marketId=42.472638646&selectionId=7992967,0.0,2025-01-07 22:50:27.186821+00:00
Low Hold,2.93,NBA,alternate_totals_h1,,110.5,New Orleans Pelicans vs Minnesota Timberwolves,2025-01-08T01:10:00Z,Over,BetMGM,145,110.5,39.66,https://sports.{state}.betmgm.com/en/sports?options=16782635-1227633619--792118522&type=Single,Under,FanDuel,-164,110.5,60.34,https://sportsbook.fanduel.com/addToBetslip?marketId=42.472638654&selectionId=7430156,0.0,2025-01-07 22:50:27.186821+00:00
Low Hold,2.67,NBA,alternate_totals_h1,,111.5,New Orleans Pelicans vs Minnesota Timberwolves,2025-01-08T01:10:00Z,Over,BetMGM,165,111.5,36.75,https://sports.{state}.betmgm.com/en/sports?options=16782635-1227633554--792118655&type=Single,Under,FanDuel,-185,111.5,63.25,https://sportsbook.fanduel.com/addToBetslip?marketId=42.472638654&selectionId=7430678,0.0,2025-01-07 22:50:27.186821+00:00
Low Hold,2.2,NBA,alternate_totals_h1,,112.5,New Orleans Pelicans vs Minnesota Timberwolves,2025-01-08T01:10:00Z,Over,BetMGM,185,112.5,34.33,https://sports.{state}.betmgm.com/en/sports?options=16782635-1227662759--792019182&type=Single,Under,FanDuel,-204,112.5,65.67,https://sportsbook.fanduel.com/addToBetslip?marketId=42.472638654&selectionId=7722665,0.0,2025-01-07 22:50:27.186821+00:00
Low Hold,1.86,NBA,player_prop,Dejounte Murray - Assists,7.5,New Orleans Pelicans vs Minnesota Timberwolves,2025-01-08T01:10:00Z,Over (7.5),FanDuel,102,7.5,48.6,https://sportsbook.fanduel.com/basketball/nba/minnesota-timberwolves-%40-new-orleans-pelicans-33916121,Under (7.5),BetMGM,-110,7.5,51.4,https://sports.{state}.betmgm.com/en/sports/events/minnesota-timberwolves-at-new-orleans-pelicans-16782635,0.0,2025-01-07 22:50:27.186821+00:00
Low Hold,2.36,NBA,player_prop,Dejounte Murray - Assists,7.5,New Orleans Pelicans vs Minnesota Timberwolves,2025-01-08T01:10:00Z,Over (7.5),DraftKings,100,7.5,48.85,https://sportsbook.draftkings.com/event/31622232,Under (7.5),BetMGM,-110,7.5,51.15,https://sports.{state}.betmgm.com/en/sports/events/minnesota-timberwolves-at-new-orleans-pelicans-16782635,0.0,2025-01-07 22:50:27.186821+00:00
Low Hold,2.36,NBA,player_prop,Dejounte Murray - Assists,7.5,New Orleans Pelicans vs Minnesota Timberwolves,2025-01-08T01:10:00Z,Over (7.5),Pinnacle,100,7.5,48.85,https://www.pinnacle.com/en/basketball/nba/minnesota-timberwolves-vs-new-orleans-pelicans/1602666585/,Under (7.5),BetMGM,-110,7.5,51.15,https://sports.{state}.betmgm.com/en/sports/events/minnesota-timberwolves-at-new-orleans-pelicans-16782635,0.0,2025-01-07 22:50:27.186821+00:00
Low Hold,1.54,NBA,player_prop,Herb Jones - Assists,3.5,New Orleans Pelicans vs Minnesota Timberwolves,2025-01-08T01:10:00Z,Over (3.5),FanDuel,138,3.5,41.38,https://sportsbook.fanduel.com/basketball/nba/minnesota-timberwolves-%40-new-orleans-pelicans-33916121,Under (3.5),Pinnacle,-147,3.5,58.62,https://www.pinnacle.com/en/basketball/nba/minnesota-timberwolves-vs-new-orleans-pelicans/1602666585/,0.0,2025-01-07 22:50:27.186821+00:00
Low Hold,1.36,NBA,player_prop,Herb Jones - Assists,3.5,New Orleans Pelicans vs Minnesota Timberwolves,2025-01-08T01:10:00Z,Over (3.5),Caesars,139,3.5,41.28,https://sportsbook.caesars.com/us/{state}/bet/basketball/bce5a3fd-10d7-4f68-9d3c-2447857908ef/minnesota-timberwolves-at-new-orleans-pelicans,Under (3.5),Pinnacle,-147,3.5,58.72,https://www.pinnacle.com/en/basketball/nba/minnesota-timberwolves-vs-new-orleans-pelicans/1602666585/,0.0,2025-01-07 22:50:27.186821+00:00
Low Hold,1.37,NBA,player_prop,Julius Randle - Assists,5.5,New Orleans Pelicans vs Minnesota Timberwolves,2025-01-08T01:10:00Z,Over (5.5),Pinnacle,141,5.5,40.93,https://www.pinnacle.com/en/basketball/nba/minnesota-timberwolves-vs-new-orleans-pelicans/1602666585/,Under (5.5),BetRivers,-149,5.5,59.07,https://{state}.betrivers.com/?page=sportsbook#event/1021436114,0.0,2025-01-07 22:50:27.186821+00:00
Low Hold,1.67,NBA,player_prop,Anthony Edwards - Assists,4.5,New Orleans Pelicans vs Minnesota Timberwolves,2025-01-08T01:10:00Z,Over (4.5),FanDuel,-118,4.5,53.16,https://sportsbook.fanduel.com/basketball/nba/minnesota-timberwolves-%40-new-orleans-pelicans-33916121,Under (4.5),DraftKings,110,4.5,46.84,https://sportsbook.draftkings.com/event/31622232,0.0,2025-01-07 22:50:27.186821+00:00
Low Hold,2.83,NBA,player_prop,Anthony Edwards - Assists,4.5,New Orleans Pelicans vs Minnesota Timberwolves,2025-01-08T01:10:00Z,Over (4.5),FanDuel,-118,4.5,52.56,https://sportsbook.fanduel.com/basketball/nba/minnesota-timberwolves-%40-new-orleans-pelicans-33916121,Under (4.5),BetRivers,105,4.5,47.44,https://{state}.betrivers.com/?page=sportsbook#event/1021436114,0.0,2025-01-07 22:50:27.186821+00:00
Low Hold,1.14,NBA,player_prop,Donte DiVincenzo - Assists,3.5,New Orleans Pelicans vs Minnesota Timberwolves,2025-01-08T01:10:00Z,Over (3.5),FanDuel,-110,3.5,51.77,https://sportsbook.fanduel.com/basketball/nba/minnesota-timberwolves-%40-new-orleans-pelicans-33916121,Under (3.5),DraftKings,105,3.5,48.23,https://sportsbook.draftkings.com/event/31622232,0.0,2025-01-07 22:50:27.186821+00:00
Low Hold,1.38,NBA,player_prop,Donte DiVincenzo - Assists,3.5,New Orleans Pelicans vs Minnesota Timberwolves,2025-01-08T01:10:00Z,Over (3.5),FanDuel,-110,3.5,51.65,https://sportsbook.fanduel.com/basketball/nba/minnesota-timberwolves-%40-new-orleans-pelicans-33916121,Under (3.5),Caesars,104,3.5,48.35,https://sportsbook.caesars.com/us/{state}/bet/basketball/bce5a3fd-10d7-4f68-9d3c-2447857908ef/minnesota-timberwolves-at-new-orleans-pelicans,0.0,2025-01-07 22:50:27.186821+00:00
Arbitrage,-0.02,NBA,player_prop,Donte DiVincenzo - Assists,3.5,New Orleans Pelicans vs Minnesota Timberwolves,2025-01-08T01:10:00Z,Over (3.5),FanDuel,-110,3.5,52.37,https://sportsbook.fanduel.com/basketball/nba/minnesota-timberwolves-%40-new-orleans-pelicans-33916121,Under (3.5),BetMGM,110,3.5,47.63,https://sports.{state}.betmgm.com/en/sports/events/minnesota-timberwolves-at-new-orleans-pelicans-16782635,0.02,2025-01-07 22:50:27.186821+00:00
Low Hold,2.87,NBA,player_prop,Julius Randle - Points,18.5,New Orleans Pelicans vs Minnesota Timberwolves,2025-01-08T01:10:00Z,Over (18.5),FanDuel,-123,18.5,53.71,https://sportsbook.fanduel.com/basketball/nba/minnesota-timberwolves-%40-new-orleans-pelicans-33916121,Under (18.5),Pinnacle,110,18.5,46.29,https://www.pinnacle.com/en/basketball/nba/minnesota-timberwolves-vs-new-orleans-pelicans/1602666585/,0.0,2025-01-07 22:50:27.186821+00:00
Low Hold,1.67,NBA,player_prop,Julius Randle - Points,18.5,New Orleans Pelicans vs Minnesota Timberwolves,2025-01-08T01:10:00Z,Over (18.5),Caesars,-118,18.5,53.16,https://sportsbook.caesars.com/us/{state}/bet/basketball/bce5a3fd-10d7-4f68-9d3c-2447857908ef/minnesota-timberwolves-at-new-orleans-pelicans,Under (18.5),Pinnacle,110,18.5,46.84,https://www.pinnacle.com/en/basketball/nba/minnesota-timberwolves-vs-new-orleans-pelicans/1602666585/,0.0,2025-01-07 22:50:27.186821+00:00
Low Hold,1.55,NBA,player_prop,Naz Reid - Points,13.5,New Orleans Pelicans vs Minnesota Timberwolves,2025-01-08T01:10:00Z,Over (13.5),BetMGM,100,13.5,49.24,https://sports.{state}.betmgm.com/en/sports/events/minnesota-timberwolves-at-new-orleans-pelicans-16782635,Under (13.5),FanDuel,-106,13.5,50.76,https://sportsbook.fanduel.com/basketball/nba/minnesota-timberwolves-%40-new-orleans-pelicans-33916121,0.0,2025-01-07 22:50:27.186821+00:00
Low Hold,2.36,NBA,player_prop,Naz Reid - Points,13.5,New Orleans Pelicans vs Minnesota Timberwolves,2025-01-08T01:10:00Z,Over (13.5),BetMGM,100,13.5,48.85,https://sports.{state}.betmgm.com/en/sports/events/minnesota-timberwolves-at-new-orleans-pelicans-16782635,Under (13.5),DraftKings,-110,13.5,51.15,https://sportsbook.draftkings.com/event/31622232,0.0,2025-01-07 22:50:27.186821+00:00
Low Hold,2.08,NBA,player_prop,Naz Reid - Points,13.5,New Orleans Pelicans vs Minnesota Timberwolves,2025-01-08T01:10:00Z,Over (13.5),BetMGM,100,13.5,48.98,https://sports.{state}.betmgm.com/en/sports/events/minnesota-timberwolves-at-new-orleans-pelicans-16782635,Under (13.5),Pinnacle,-109,13.5,51.02,https://www.pinnacle.com/en/basketball/nba/minnesota-timberwolves-vs-new-orleans-pelicans/1602666585/,0.0,2025-01-07 22:50:27.186821+00:00
Low Hold,2.31,NBA,player_prop,Rudy Gobert - Points,10.5,New Orleans Pelicans vs Minnesota Timberwolves,2025-01-08T01:10:00Z,Over (10.5),FanDuel,-106,10.5,50.38,https://sportsbook.fanduel.com/basketball/nba/minnesota-timberwolves-%40-new-orleans-pelicans-33916121,Under (10.5),Pinnacle,-103,10.5,49.62,https://www.pinnacle.com/en/basketball/nba/minnesota-timberwolves-vs-new-orleans-pelicans/1602666585/,0.0,2025-01-07 22:50:27.186821+00:00
Low Hold,2.04,NBA,player_prop,Rudy Gobert - Points,10.5,New Orleans Pelicans vs Minnesota Timberwolves,2025-01-08T01:10:00Z,Over (10.5),BetMGM,-105,10.5,50.26,https://sports.{state}.betmgm.com/en/sports/events/minnesota-timberwolves-at-new-orleans-pelicans-16782635,Under (10.5),Pinnacle,-103,10.5,49.74,https://www.pinnacle.com/en/basketball/nba/minnesota-timberwolves-vs-new-orleans-pelicans/1602666585/,0.0,2025-01-07 22:50:27.186821+00:00
Low Hold,2.87,NBA,player_prop,Herb Jones - Rebounds,3.5,New Orleans Pelicans vs Minnesota Timberwolves,2025-01-08T01:10:00Z,Over (3.5),FanDuel,-123,3.5,53.71,https://sportsbook.fanduel.com/basketball/nba/minnesota-timberwolves-%40-new-orleans-pelicans-33916121,Under (3.5),DraftKings,110,3.5,46.29,https://sportsbook.draftkings.com/event/31622232,0.0,2025-01-07 22:50:27.186821+00:00
Low Hold,2.26,NBA,player_prop,Herb Jones - Rebounds,3.5,New Orleans Pelicans vs Minnesota Timberwolves,2025-01-08T01:10:00Z,Over (3.5),BetRivers,-120,3.5,53.44,https://{state}.betrivers.com/?page=sportsbook#event/1021436114,Under (3.5),DraftKings,110,3.5,46.56,https://sportsbook.draftkings.com/event/31622232,0.0,2025-01-07 22:50:27.186821+00:00
Low Hold,0.57,NBA,player_prop,Donte DiVincenzo - Rebounds,3.5,New Orleans Pelicans vs Minnesota Timberwolves,2025-01-08T01:10:00Z,Over (3.5),BetMGM,-135,3.5,57.14,https://sports.{state}.betmgm.com/en/sports/events/minnesota-timberwolves-at-new-orleans-pelicans-16782635,Under (3.5),FanDuel,132,3.5,42.86,https://sportsbook.fanduel.com/basketball/nba/minnesota-timberwolves-%40-new-orleans-pelicans-33916121,0.0,2025-01-07 22:50:27.186821+00:00
Low Hold,2.36,NBA,player_prop,C.J. McCollum - Rebounds,3.5,New Orleans Pelicans vs Minnesota Timberwolves,2025-01-08T01:10:00Z,Over (3.5),FanDuel,-110,3.5,51.15,https://sportsbook.fanduel.com/basketball/nba/minnesota-timberwolves-%40-new-orleans-pelicans-33916121,Under (3.5),DraftKings,100,3.5,48.85,https://sportsbook.draftkings.com/event/31622232,0.0,2025-01-07 22:50:27.186821+00:00
Low Hold,1.38,NBA,player_prop,C.J. McCollum - Rebounds,3.5,New Orleans Pelicans vs Minnesota Timberwolves,2025-01-08T01:10:00Z,Over (3.5),FanDuel,-110,3.5,51.65,https://sportsbook.fanduel.com/basketball/nba/minnesota-timberwolves-%40-new-orleans-pelicans-33916121,Under (3.5),Caesars,104,3.5,48.35,https://sportsbook.caesars.com/us/{state}/bet/basketball/bce5a3fd-10d7-4f68-9d3c-2447857908ef/minnesota-timberwolves-at-new-orleans-pelicans,0.0,2025-01-07 22:50:27.186821+00:00
Low Hold,0.67,NBA,player_prop,C.J. McCollum - Rebounds,3.5,New Orleans Pelicans vs Minnesota Timberwolves,2025-01-08T01:10:00Z,Over (3.5),FanDuel,-110,3.5,52.01,https://sportsbook.fanduel.com/basketball/nba/minnesota-timberwolves-%40-new-orleans-pelicans-33916121,Under (3.5),BetRivers,107,3.5,47.99,https://{state}.betrivers.com/?page=sportsbook#event/1021436114,0.0,2025-01-07 22:50:27.186821+00:00
Low Hold,2.36,NBA,player_prop,C.J. McCollum - Rebounds,3.5,New Orleans Pelicans vs Minnesota Timberwolves,2025-01-08T01:10:00Z,Over (3.5),BetMGM,-110,3.5,51.15,https://sports.{state}.betmgm.com/en/sports/events/minnesota-timberwolves-at-new-orleans-pelicans-16782635,Under (3.5),DraftKings,100,3.5,48.85,https://sportsbook.draftkings.com/event/31622232,0.0,2025-01-07 22:50:27.186821+00:00
Low Hold,1.38,NBA,player_prop,C.J. McCollum - Rebounds,3.5,New Orleans Pelicans vs Minnesota Timberwolves,2025-01-08T01:10:00Z,Over (3.5),BetMGM,-110,3.5,51.65,https://sports.{state}.betmgm.com/en/sports/events/minnesota-timberwolves-at-new-orleans-pelicans-16782635,Under (3.5),Caesars,104,3.5,48.35,https://sportsbook.caesars.com/us/{state}/bet/basketball/bce5a3fd-10d7-4f68-9d3c-2447857908ef/minnesota-timberwolves-at-new-orleans-pelicans,0.0,2025-01-07 22:50:27.186821+00:00
Low Hold,0.67,NBA,player_prop,C.J. McCollum - Rebounds,3.5,New Orleans Pelicans vs Minnesota Timberwolves,2025-01-08T01:10:00Z,Over (3.5),BetMGM,-110,3.5,52.01,https://sports.{state}.betmgm.com/en/sports/events/minnesota-timberwolves-at-new-orleans-pelicans-16782635,Under (3.5),BetRivers,107,3.5,47.99,https://{state}.betrivers.com/?page=sportsbook#event/1021436114,0.0,2025-01-07 22:50:27.186821+00:00
Low Hold,2.92,NBA,player_prop,Rudy Gobert - Rebounds,11.5,New Orleans Pelicans vs Minnesota Timberwolves,2025-01-08T01:10:00Z,Over (11.5),Pinnacle,125,11.5,43.18,https://www.pinnacle.com/en/basketball/nba/minnesota-timberwolves-vs-new-orleans-pelicans/1602666585/,Under (11.5),FanDuel,-141,11.5,56.82,https://sportsbook.fanduel.com/basketball/nba/minnesota-timberwolves-%40-new-orleans-pelicans-33916121,0.0,2025-01-07 22:50:27.186821+00:00
Low Hold,2.25,NBA,player_prop,Rudy Gobert - Rebounds,11.5,New Orleans Pelicans vs Minnesota Timberwolves,2025-01-08T01:10:00Z,Over (11.5),Pinnacle,125,11.5,43.47,https://www.pinnacle.com/en/basketball/nba/minnesota-timberwolves-vs-new-orleans-pelicans/1602666585/,Under (11.5),Caesars,-137,11.5,56.53,https://sportsbook.caesars.com/us/{state}/bet/basketball/bce5a3fd-10d7-4f68-9d3c-2447857908ef/minnesota-timberwolves-at-new-orleans-pelicans,0.0,2025-01-07 22:50:27.186821+00:00
Low Hold,2.92,NBA,player_prop,Rudy Gobert - Rebounds,11.5,New Orleans Pelicans vs Minnesota Timberwolves,2025-01-08T01:10:00Z,Over (11.5),Pinnacle,125,11.5,43.18,https://www.pinnacle.com/en/basketball/nba/minnesota-timberwolves-vs-new-orleans-pelicans/1602666585/,Under (11.5),BetRivers,-141,11.5,56.82,https://{state}.betrivers.com/?page=sportsbook#event/1021436114,0.0,2025-01-07 22:50:27.186821+00:00
Low Hold,2.6,NBA,player_prop,Anthony Edwards - Rebounds,5.5,New Orleans Pelicans vs Minnesota Timberwolves,2025-01-08T01:10:00Z,Over (5.5),FanDuel,106,5.5,47.31,https://sportsbook.fanduel.com/basketball/nba/minnesota-timberwolves-%40-new-orleans-pelicans-33916121,Under (5.5),Caesars,-118,5.5,52.69,https://sportsbook.caesars.com/us/{state}/bet/basketball/bce5a3fd-10d7-4f68-9d3c-2447857908ef/minnesota-timberwolves-at-new-orleans-pelicans,0.0,2025-01-07 22:50:27.186821+00:00
Low Hold,2.98,NBA,player_prop,Jaden McDaniels - Rebounds,4.5,New Orleans Pelicans vs Minnesota Timberwolves,2025-01-08T01:10:00Z,Over (4.5),FanDuel,102,4.5,48.07,https://sportsbook.fanduel.com/basketball/nba/minnesota-timberwolves-%40-new-orleans-pelicans-33916121,Under (4.5),DraftKings,-115,4.5,51.93,https://sportsbook.draftkings.com/event/31622232,0.0,2025-01-07 22:50:27.186821+00:00
Low Hold,1.05,NBA,player_prop,Jaden McDaniels - Rebounds,4.5,New Orleans Pelicans vs Minnesota Timberwolves,2025-01-08T01:10:00Z,Over (4.5),FanDuel,102,4.5,48.99,https://sportsbook.fanduel.com/basketball/nba/minnesota-timberwolves-%40-new-orleans-pelicans-33916121,Under (4.5),BetRivers,-106,4.5,51.01,https://{state}.betrivers.com/?page=sportsbook#event/1021436114,0.0,2025-01-07 22:50:27.186821+00:00
Low Hold,2.58,NBA,player_prop,Naz Reid - Rebounds,5.5,New Orleans Pelicans vs Minnesota Timberwolves,2025-01-08T01:10:00Z,Over (5.5),Pinnacle,117,5.5,44.92,https://www.pinnacle.com/en/basketball/nba/minnesota-timberwolves-vs-new-orleans-pelicans/1602666585/,Under (5.5),DraftKings,-130,5.5,55.08,https://sportsbook.draftkings.com/event/31622232,0.0,2025-01-07 22:50:27.186821+00:00
Low Hold,2.26,NBA,player_prop,Zion Williamson - Rebounds,4.5,New Orleans Pelicans vs Minnesota Timberwolves,2025-01-08T01:10:00Z,Over (4.5),DraftKings,-120,4.5,53.44,https://sportsbook.draftkings.com/event/31622232,Under (4.5),FanDuel,110,4.5,46.56,https://sportsbook.fanduel.com/basketball/nba/minnesota-timberwolves-%40-new-orleans-pelicans-33916121,0.0,2025-01-07 22:50:27.186821+00:00
Low Hold,0.81,NBA,player_prop,Zion Williamson - Rebounds,4.5,New Orleans Pelicans vs Minnesota Timberwolves,2025-01-08T01:10:00Z,Over (4.5),Caesars,-114,4.5,52.76,https://sportsbook.caesars.com/us/{state}/bet/basketball/bce5a3fd-10d7-4f68-9d3c-2447857908ef/minnesota-timberwolves-at-new-orleans-pelicans,Under (4.5),FanDuel,110,4.5,47.24,https://sportsbook.fanduel.com/basketball/nba/minnesota-timberwolves-%40-new-orleans-pelicans-33916121,0.0,2025-01-07 22:50:27.186821+00:00
Low Hold,2.26,NBA,player_prop,Zion Williamson - Rebounds,4.5,New Orleans Pelicans vs Minnesota Timberwolves,2025-01-08T01:10:00Z,Over (4.5),BetMGM,-120,4.5,53.44,https://sports.{state}.betmgm.com/en/sports/events/minnesota-timberwolves-at-new-orleans-pelicans-16782635,Under (4.5),FanDuel,110,4.5,46.56,https://sportsbook.fanduel.com/basketball/nba/minnesota-timberwolves-%40-new-orleans-pelicans-33916121,0.0,2025-01-07 22:50:27.186821+00:00
Low Hold,1.81,NBA,player_prop,Anthony Edwards - 3-Pointers Made,3.5,New Orleans Pelicans vs Minnesota Timberwolves,2025-01-08T01:10:00Z,Over (3.5),Caesars,-120,3.5,53.67,https://sportsbook.caesars.com/us/{state}/bet/basketball/bce5a3fd-10d7-4f68-9d3c-2447857908ef/minnesota-timberwolves-at-new-orleans-pelicans,Under (3.5),Pinnacle,112,3.5,46.33,https://www.pinnacle.com/en/basketball/nba/minnesota-timberwolves-vs-new-orleans-pelicans/1602666585/,0.0,2025-01-07 22:50:27.186821+00:00
Low Hold,2.5,NBA,player_prop,Anthony Edwards - 3-Pointers Made,3.5,New Orleans Pelicans vs Minnesota Timberwolves,2025-01-08T01:10:00Z,Over (3.5),BetMGM,-115,3.5,52.17,https://sports.{state}.betmgm.com/en/sports/events/minnesota-timberwolves-at-new-orleans-pelicans-16782635,Under (3.5),FanDuel,104,3.5,47.83,https://sportsbook.fanduel.com/basketball/nba/minnesota-timberwolves-%40-new-orleans-pelicans-33916121,0.0,2025-01-07 22:50:27.186821+00:00
Low Hold,0.65,NBA,player_prop,Anthony Edwards - 3-Pointers Made,3.5,New Orleans Pelicans vs Minnesota Timberwolves,2025-01-08T01:10:00Z,Over (3.5),BetMGM,-115,3.5,53.13,https://sports.{state}.betmgm.com/en/sports/events/minnesota-timberwolves-at-new-orleans-pelicans-16782635,Under (3.5),Pinnacle,112,3.5,46.87,https://www.pinnacle.com/en/basketball/nba/minnesota-timberwolves-vs-new-orleans-pelicans/1602666585/,0.0,2025-01-07 22:50:27.186821+00:00
Low Hold,2.28,NBA,player_prop,C.J. McCollum - 3-Pointers Made,3.5,New Orleans Pelicans vs Minnesota Timberwolves,2025-01-08T01:10:00Z,Over (3.5),DraftKings,114,3.5,45.69,https://sportsbook.draftkings.com/event/31622232,Under (3.5),BetRivers,-125,3.5,54.31,https://{state}.betrivers.com/?page=sportsbook#event/1021436114,0.0,2025-01-07 22:50:27.186821+00:00
Low Hold,1.67,NBA,player_prop,C.J. McCollum - 3-Pointers Made,3.5,New Orleans Pelicans vs Minnesota Timberwolves,2025-01-08T01:10:00Z,Over (3.5),DraftKings,114,3.5,45.96,https://sportsbook.draftkings.com/event/31622232,Under (3.5),Pinnacle,-122,3.5,54.04,https://www.pinnacle.com/en/basketball/nba/minnesota-timberwolves-vs-new-orleans-pelicans/1602666585/,0.0,2025-01-07 22:50:27.186821+00:00
Low Hold,2.07,NBA,player_prop,C.J. McCollum - 3-Pointers Made,3.5,New Orleans Pelicans vs Minnesota Timberwolves,2025-01-08T01:10:00Z,Over (3.5),BetMGM,115,3.5,45.57,https://sports.{state}.betmgm.com/en/sports/events/minnesota-timberwolves-at-new-orleans-pelicans-16782635,Under (3.5),BetRivers,-125,3.5,54.43,https://{state}.betrivers.com/?page=sportsbook#event/1021436114,0.0,2025-01-07 22:50:27.186821+00:00
Low Hold,1.46,NBA,player_prop,C.J. McCollum - 3-Pointers Made,3.5,New Orleans Pelicans vs Minnesota Timberwolves,2025-01-08T01:10:00Z,Over (3.5),BetMGM,115,3.5,45.84,https://sports.{state}.betmgm.com/en/sports/events/minnesota-timberwolves-at-new-orleans-pelicans-16782635,Under (3.5),Pinnacle,-122,3.5,54.16,https://www.pinnacle.com/en/basketball/nba/minnesota-timberwolves-vs-new-orleans-pelicans/1602666585/,0.0,2025-01-07 22:50:27.186821+00:00
Low Hold,2.3,NBA,player_prop,Dejounte Murray - 3-Pointers Made,1.5,New Orleans Pelicans vs Minnesota Timberwolves,2025-01-08T01:10:00Z,Over (1.5),FanDuel,-104,1.5,49.87,https://sportsbook.fanduel.com/basketball/nba/minnesota-timberwolves-%40-new-orleans-pelicans-33916121,Under (1.5),DraftKings,-105,1.5,50.13,https://sportsbook.draftkings.com/event/31622232,0.0,2025-01-07 22:50:27.186821+00:00
Low Hold,1.67,NBA,player_prop,Julius Randle - 3-Pointers Made,1.5,New Orleans Pelicans vs Minnesota Timberwolves,2025-01-08T01:10:00Z,Over (1.5),FanDuel,-122,1.5,54.04,https://sportsbook.fanduel.com/basketball/nba/minnesota-timberwolves-%40-new-orleans-pelicans-33916121,Under (1.5),Pinnacle,114,1.5,45.96,https://www.pinnacle.com/en/basketball/nba/minnesota-timberwolves-vs-new-orleans-pelicans/1602666585/,0.0,2025-01-07 22:50:27.186821+00:00
Low Hold,2.91,NBA,player_prop,Julius Randle - 3-Pointers Made,1.5,New Orleans Pelicans vs Minnesota Timberwolves,2025-01-08T01:10:00Z,Over (1.5),BetRivers,-128,1.5,54.59,https://{state}.betrivers.com/?page=sportsbook#event/1021436114,Under (1.5),Pinnacle,114,1.5,45.41,https://www.pinnacle.com/en/basketball/nba/minnesota-timberwolves-vs-new-orleans-pelicans/1602666585/,0.0,2025-01-07 22:50:27.186821+00:00
Low Hold,2.68,NBA,h2h,,,Utah Jazz vs Atlanta Hawks,2025-01-08T02:10:00Z,Atlanta Hawks,FanDuel,-238,,68.58,https://sportsbook.fanduel.com/addToBetslip?marketId=42.472284737&selectionId=237490,Utah Jazz,Caesars,210,,31.42,https://sportsbook.caesars.com/us/{state}/bet/betslip?selectionIds=40bc8738-da71-3651-867f-f0bbc9de6ac2,0.0,2025-01-07 22:50:27.186821+00:00
Low Hold,1.74,NBA,alternate_spreads,,4.5,Utah Jazz vs Atlanta Hawks,2025-01-08T02:10:00Z,Atlanta Hawks,Caesars,-400,4.5,78.63,,Utah Jazz,BetMGM,360,-4.5,21.37,https://sports.{state}.betmgm.com/en/sports?options=16782636-1227634159--792117297&type=Single,0.0,2025-01-07 22:50:27.186821+00:00
Low Hold,1.91,NBA,alternate_spreads,,3.5,Utah Jazz vs Atlanta Hawks,2025-01-08T02:10:00Z,Atlanta Hawks,Caesars,-345,3.5,76.07,,Utah Jazz,BetMGM,310,-3.5,23.93,https://sports.{state}.betmgm.com/en/sports?options=16782636-1227634093--792117446&type=Single,0.0,2025-01-07 22:50:27.186821+00:00
Low Hold,2.4,NBA,alternate_spreads,,2.5,Utah Jazz vs Atlanta Hawks,2025-01-08T02:10:00Z,Atlanta Hawks,Caesars,-294,2.5,72.87,,Utah Jazz,BetMGM,260,-2.5,27.13,https://sports.{state}.betmgm.com/en/sports?options=16782636-1227634249--792117108&type=Single,0.0,2025-01-07 22:50:27.186821+00:00
Low Hold,2.46,NBA,alternate_spreads,,-15.5,Utah Jazz vs Atlanta Hawks,2025-01-08T02:10:00Z,Atlanta Hawks,BetMGM,333,-15.5,22.54,https://sports.{state}.betmgm.com/en/sports?options=16782636-1227633961--792117722&type=Single,Utah Jazz,FanDuel,-385,15.5,77.46,https://sportsbook.fanduel.com/addToBetslip?marketId=42.472637785&selectionId=7914907,0.0,2025-01-07 22:50:27.186821+00:00
Low Hold,2.27,NBA,alternate_spreads,,-22.5,Utah Jazz vs Atlanta Hawks,2025-01-08T02:10:00Z,Atlanta Hawks,FanDuel,780,-22.5,11.11,https://sportsbook.fanduel.com/addToBetslip?marketId=42.472637785&selectionId=7891379,Utah Jazz,DraftKings,-1000,22.5,88.89,https://sportsbook.draftkings.com/event/31622233?outcomes=0HC78190570P2250_1,0.0,2025-01-07 22:50:27.186821+00:00
Low Hold,2.05,NBA,alternate_spreads,,-23.5,Utah Jazz vs Atlanta Hawks,2025-01-08T02:10:00Z,Atlanta Hawks,FanDuel,870,-23.5,10.1,https://sportsbook.fanduel.com/addToBetslip?marketId=42.472637785&selectionId=7913341,Utah Jazz,DraftKings,-1111,23.5,89.9,https://sportsbook.draftkings.com/event/31622233?outcomes=0HC78190570P2350_1,0.0,2025-01-07 22:50:27.186821+00:00
Low Hold,2.38,NBA,alternate_spreads,,-27.5,Utah Jazz vs Atlanta Hawks,2025-01-08T02:10:00Z,Atlanta Hawks,FanDuel,1300,-27.5,6.98,https://sportsbook.fanduel.com/addToBetslip?marketId=42.472637785&selectionId=7954556,Utah Jazz,DraftKings,-2000,27.5,93.02,https://sportsbook.draftkings.com/event/31622233?outcomes=0HC78190570P2750_1,0.0,2025-01-07 22:50:27.186821+00:00
Low Hold,2.82,NBA,alternate_spreads,,-28.5,Utah Jazz vs Atlanta Hawks,2025-01-08T02:10:00Z,Atlanta Hawks,FanDuel,1400,-28.5,6.48,https://sportsbook.fanduel.com/addToBetslip?marketId=42.472637785&selectionId=7891368,Utah Jazz,DraftKings,-2500,28.5,93.52,https://sportsbook.draftkings.com/event/31622233?outcomes=0HC78190570P2850_1,0.0,2025-01-07 22:50:27.186821+00:00
Low Hold,2.59,NBA,alternate_totals,,216.5,Utah Jazz vs Atlanta Hawks,2025-01-08T02:10:00Z,Over,DraftKings,-909,216.5,87.82,https://sportsbook.draftkings.com/event/31622233?outcomes=0OU78190570O21650_1,Under,FanDuel,700,216.5,12.18,https://sportsbook.fanduel.com/addToBetslip?marketId=42.472637807&selectionId=7711018,0.0,2025-01-07 22:50:27.186821+00:00
Low Hold,2.98,NBA,alternate_totals,,217.5,Utah Jazz vs Atlanta Hawks,2025-01-08T02:10:00Z,Over,DraftKings,-833,217.5,86.7,https://sportsbook.draftkings.com/event/31622233?outcomes=0OU78190570O21750_1,Under,FanDuel,630,217.5,13.3,https://sportsbook.fanduel.com/addToBetslip?marketId=42.472637807&selectionId=7733112,0.0,2025-01-07 22:50:27.186821+00:00
Low Hold,2.43,NBA,alternate_totals,,218.5,Utah Jazz vs Atlanta Hawks,2025-01-08T02:10:00Z,Over,DraftKings,-714,218.5,85.64,https://sportsbook.draftkings.com/event/31622233?outcomes=0OU78190570O21850_1,Under,FanDuel,580,218.5,14.36,https://sportsbook.fanduel.com/addToBetslip?marketId=42.472637807&selectionId=7711825,0.0,2025-01-07 22:50:27.186821+00:00
Low Hold,2.84,NBA,alternate_totals,,225.5,Utah Jazz vs Atlanta Hawks,2025-01-08T02:10:00Z,Over,DraftKings,-345,225.5,75.38,https://sportsbook.draftkings.com/event/31622233?outcomes=0OU78190570O22550_1,Under,BetRivers,295,225.5,24.62,https://{state}.betrivers.com/?page=sportsbook#event/1021436121?coupon={pickType}|3608267018|{wagerAmount},0.0,2025-01-07 22:50:27.186821+00:00
Low Hold,2.82,NBA,alternate_totals,,243.5,Utah Jazz vs Atlanta Hawks,2025-01-08T02:10:00Z,Over,BetRivers,148,243.5,39.22,https://{state}.betrivers.com/?page=sportsbook#event/1021436121?coupon={pickType}|3608267001|{wagerAmount},Under,DraftKings,-167,243.5,60.78,https://sportsbook.draftkings.com/event/31622233?outcomes=0OU78190570U24350_3,0.0,2025-01-07 22:50:27.186821+00:00
Low Hold,2.56,NBA,alternate_totals,,244.5,Utah Jazz vs Atlanta Hawks,2025-01-08T02:10:00Z,Over,BetRivers,160,244.5,37.5,https://{state}.betrivers.com/?page=sportsbook#event/1021436121?coupon={pickType}|3608266947|{wagerAmount},Under,DraftKings,-179,244.5,62.5,https://sportsbook.draftkings.com/event/31622233?outcomes=0OU78190570U24450_3,0.0,2025-01-07 22:50:27.186821+00:00
Low Hold,2.59,NBA,alternate_totals,,245.5,Utah Jazz vs Atlanta Hawks,2025-01-08T02:10:00Z,Over,BetRivers,175,245.5,35.45,https://{state}.betrivers.com/?page=sportsbook#event/1021436121?coupon={pickType}|3608267012|{wagerAmount},Under,FanDuel,-196,245.5,64.55,https://sportsbook.fanduel.com/addToBetslip?marketId=42.472637807&selectionId=7700492,0.0,2025-01-07 22:50:27.186821+00:00
Low Hold,2.51,NBA,alternate_totals,,246.5,Utah Jazz vs Atlanta Hawks,2025-01-08T02:10:00Z,Over,BetRivers,190,246.5,33.64,https://{state}.betrivers.com/?page=sportsbook#event/1021436121?coupon={pickType}|3608266892|{wagerAmount},Under,DraftKings,-213,246.5,66.36,https://sportsbook.draftkings.com/event/31622233?outcomes=0OU78190570U24650_3,0.0,2025-01-07 22:50:27.186821+00:00
Low Hold,2.68,NBA,alternate_totals,,247.5,Utah Jazz vs Atlanta Hawks,2025-01-08T02:10:00Z,Over,BetRivers,210,247.5,31.42,https://{state}.betrivers.com/?page=sportsbook#event/1021436121?coupon={pickType}|3608266889|{wagerAmount},Under,DraftKings,-238,247.5,68.58,https://sportsbook.draftkings.com/event/31622233?outcomes=0OU78190570U24750_3,0.0,2025-01-07 22:50:27.186821+00:00
Low Hold,2.77,NBA,alternate_totals,,248.5,Utah Jazz vs Atlanta Hawks,2025-01-08T02:10:00Z,Over,BetRivers,230,248.5,29.49,https://{state}.betrivers.com/?page=sportsbook#event/1021436121?coupon={pickType}|3608288325|{wagerAmount},Under,FanDuel,-263,248.5,70.51,https://sportsbook.fanduel.com/addToBetslip?marketId=42.472637807&selectionId=7711958,0.0,2025-01-07 22:50:27.186821+00:00
Low Hold,2.1,NBA,alternate_totals,,249.5,Utah Jazz vs Atlanta Hawks,2025-01-08T02:10:00Z,Over,BetRivers,250,249.5,27.98,https://{state}.betrivers.com/?page=sportsbook#event/1021436121?coupon={pickType}|3608362431|{wagerAmount},Under,DraftKings,-278,249.5,72.02,https://sportsbook.draftkings.com/event/31622233?outcomes=0OU78190570U24950_3,0.0,2025-01-07 22:50:27.186821+00:00
Low Hold,2.42,NBA,alternate_totals,,250.5,Utah Jazz vs Atlanta Hawks,2025-01-08T02:10:00Z,Over,BetRivers,275,250.5,26.04,https://{state}.betrivers.com/?page=sportsbook#event/1021436121?coupon={pickType}|3608392902|{wagerAmount},Under,FanDuel,-312,250.5,73.96,https://sportsbook.fanduel.com/addToBetslip?marketId=42.472637807&selectionId=7729460,0.0,2025-01-07 22:50:27.186821+00:00
Low Hold,2.52,NBA,alternate_totals,,251.5,Utah Jazz vs Atlanta Hawks,2025-01-08T02:10:00Z,Over,BetRivers,300,251.5,24.39,https://{state}.betrivers.com/?page=sportsbook#event/1021436121?coupon={pickType}|3608426064|{wagerAmount},Under,FanDuel,-345,251.5,75.61,https://sportsbook.fanduel.com/addToBetslip?marketId=42.472637807&selectionId=7711029,0.0,2025-01-07 22:50:27.186821+00:00
Low Hold,2.87,NBA,alternate_totals,,259.5,Utah Jazz vs Atlanta Hawks,2025-01-08T02:10:00Z,Over,FanDuel,560,259.5,14.73,https://sportsbook.fanduel.com/addToBetslip?marketId=42.472637807&selectionId=7695549,Under,DraftKings,-714,259.5,85.27,https://sportsbook.draftkings.com/event/31622233?outcomes=0OU78190570U25950_3,0.0,2025-01-07 22:50:27.186821+00:00
Arbitrage,-0.12,NBA,h2h_q1,,,Utah Jazz vs Atlanta Hawks,2025-01-08T02:10:00Z,Atlanta Hawks,FanDuel,-149,,59.95,https://sportsbook.fanduel.com/addToBetslip?marketId=42.472637760&selectionId=237490,Utah Jazz,BetMGM,150,,40.05,https://sports.{state}.betmgm.com/en/sports?options=16782636-1227633937--792117759&type=Single,0.12,2025-01-07 22:50:27.186821+00:00
Low Hold,2.27,NBA,h2h_q2,,,Utah Jazz vs Atlanta Hawks,2025-01-08T02:10:00Z,Atlanta Hawks,DraftKings,-154,,59.26,https://sportsbook.draftkings.com/event/31622233?outcomes=0ML78194453_3,Utah Jazz,BetRivers,140,,40.74,https://{state}.betrivers.com/?page=sportsbook#event/1021436121?coupon={pickType}|3608363197|{wagerAmount},0.0,2025-01-07 22:50:27.186821+00:00
Low Hold,1.93,NBA,h2h_q3,,,Utah Jazz vs Atlanta Hawks,2025-01-08T02:10:00Z,Atlanta Hawks,FanDuel,-154,,59.46,https://sportsbook.fanduel.com/addToBetslip?marketId=42.472637762&selectionId=237490,Utah Jazz,DraftKings,142,,40.54,https://sportsbook.draftkings.com/event/31622233?outcomes=0ML78194454_1,0.0,2025-01-07 22:50:27.186821+00:00
Low Hold,2.83,NBA,spreads_h1,,-3.5,Utah Jazz vs Atlanta Hawks,2025-01-08T02:10:00Z,Atlanta Hawks,BetMGM,-105,-3.5,49.87,https://sports.{state}.betmgm.com/en/sports?options=16782636-1227633939--792117762&type=Single,Utah Jazz,FanDuel,-106,3.5,50.13,https://sportsbook.fanduel.com/addToBetslip?marketId=42.472637779&selectionId=237484,0.0,2025-01-07 22:50:27.186821+00:00
Low Hold,0.45,NBA,alternate_spreads_q1,,1.5,Utah Jazz vs Atlanta Hawks,2025-01-08T02:10:00Z,Atlanta Hawks,FanDuel,-204,1.5,66.82,https://sportsbook.fanduel.com/addToBetslip?marketId=42.472637803&selectionId=7891042,Utah Jazz,BetMGM,200,-1.5,33.18,https://sports.{state}.betmgm.com/en/sports?options=16782636-1227634028--792117600&type=Single,0.0,2025-01-07 22:50:27.186821+00:00
Arbitrage,-0.15,NBA,alternate_spreads_q1,,0.5,Utah Jazz vs Atlanta Hawks,2025-01-08T02:10:00Z,Atlanta Hawks,FanDuel,-164,0.5,62.21,https://sportsbook.fanduel.com/addToBetslip?marketId=42.472637803&selectionId=7891348,Utah Jazz,BetMGM,165,-0.5,37.79,https://sports.{state}.betmgm.com/en/sports?options=16782636-1227633960--792117717&type=Single,0.15,2025-01-07 22:50:27.186821+00:00
Low Hold,0.69,NBA,alternate_spreads_q1,,-0.5,Utah Jazz vs Atlanta Hawks,2025-01-08T02:10:00Z,Atlanta Hawks,FanDuel,-139,-0.5,57.74,https://sportsbook.fanduel.com/addToBetslip?marketId=42.472637803&selectionId=7891102,Utah Jazz,BetMGM,135,0.5,42.26,https://sports.{state}.betmgm.com/en/sports?options=16782636-1227633970--792117674&type=Single,0.0,2025-01-07 22:50:27.186821+00:00
Low Hold,1.69,NBA,alternate_spreads_q1,,-1.5,Utah Jazz vs Atlanta Hawks,2025-01-08T02:10:00Z,Atlanta Hawks,FanDuel,-112,-1.5,52.03,https://sportsbook.fanduel.com/addToBetslip?marketId=42.472637803&selectionId=7891186,Utah Jazz,BetMGM,105,1.5,47.97,https://sports.{state}.betmgm.com/en/sports?options=16782636-1227633986--792117661&type=Single,0.0,2025-01-07 22:50:27.186821+00:00
Low Hold,2.26,NBA,alternate_spreads_q1,,-2.5,Utah Jazz vs Atlanta Hawks,2025-01-08T02:10:00Z,Atlanta Hawks,FanDuel,110,-2.5,46.56,https://sportsbook.fanduel.com/addToBetslip?marketId=42.472637803&selectionId=7891038,Utah Jazz,BetMGM,-120,2.5,53.44,https://sports.{state}.betmgm.com/en/sports?options=16782636-1227633982--792117671&type=Single,0.0,2025-01-07 22:50:27.186821+00:00
Low Hold,2.65,NBA,alternate_spreads_q1,,-3.5,Utah Jazz vs Atlanta Hawks,2025-01-08T02:10:00Z,Atlanta Hawks,FanDuel,130,-3.5,42.36,https://sportsbook.fanduel.com/addToBetslip?marketId=42.472637803&selectionId=7891386,Utah Jazz,DraftKings,-145,3.5,57.64,https://sportsbook.draftkings.com/event/31622233?outcomes=0HC78194465P350_1,0.0,2025-01-07 22:50:27.186821+00:00
Low Hold,2.51,NBA,alternate_spreads_q1,,-5.5,Utah Jazz vs Atlanta Hawks,2025-01-08T02:10:00Z,Atlanta Hawks,BetMGM,190,-5.5,33.64,https://sports.{state}.betmgm.com/en/sports?options=16782636-1227634021--792117621&type=Single,Utah Jazz,DraftKings,-213,5.5,66.36,https://sportsbook.draftkings.com/event/31622233?outcomes=0HC78194465P550_1,0.0,2025-01-07 22:50:27.186821+00:00
Low Hold,1.88,NBA,alternate_spreads_q1,,-6.5,Utah Jazz vs Atlanta Hawks,2025-01-08T02:10:00Z,Atlanta Hawks,BetMGM,240,-6.5,28.87,https://sports.{state}.betmgm.com/en/sports?options=16782636-1227637226--792109937&type=Single,Utah Jazz,DraftKings,-263,6.5,71.13,https://sportsbook.draftkings.com/event/31622233?outcomes=0HC78194465P650_1,0.0,2025-01-07 22:50:27.186821+00:00
Low Hold,2.83,NBA,alternate_spreads_h1,,-3.5,Utah Jazz vs Atlanta Hawks,2025-01-08T02:10:00Z,Atlanta Hawks,BetMGM,-105,-3.5,49.87,https://sports.{state}.betmgm.com/en/sports?options=16782636-1227633939--792117762&type=Single,Utah Jazz,FanDuel,-106,3.5,50.13,https://sportsbook.fanduel.com/addToBetslip?marketId=42.472637802&selectionId=7890442,0.0,2025-01-07 22:50:27.186821+00:00
Low Hold,2.87,NBA,alternate_spreads_h1,,-4.5,Utah Jazz vs Atlanta Hawks,2025-01-08T02:10:00Z,Atlanta Hawks,BetMGM,110,-4.5,46.29,https://sports.{state}.betmgm.com/en/sports?options=16782636-1227633967--792117704&type=Single,Utah Jazz,FanDuel,-123,4.5,53.71,https://sportsbook.fanduel.com/addToBetslip?marketId=42.472637802&selectionId=7890433,0.0,2025-01-07 22:50:27.186821+00:00
Low Hold,2.08,NBA,alternate_spreads_h1,,-5.5,Utah Jazz vs Atlanta Hawks,2025-01-08T02:10:00Z,Atlanta Hawks,BetMGM,135,-5.5,41.69,https://sports.{state}.betmgm.com/en/sports?options=16782636-1227634040--792117589&type=Single,Utah Jazz,FanDuel,-147,5.5,58.31,https://sportsbook.fanduel.com/addToBetslip?marketId=42.472637802&selectionId=7890574,0.0,2025-01-07 22:50:27.186821+00:00
Low Hold,2.11,NBA,alternate_spreads_h1,,-6.5,Utah Jazz vs Atlanta Hawks,2025-01-08T02:10:00Z,Atlanta Hawks,BetMGM,155,-6.5,38.41,https://sports.{state}.betmgm.com/en/sports?options=16782636-1227634008--792117625&type=Single,Utah Jazz,FanDuel,-169,6.5,61.59,https://sportsbook.fanduel.com/addToBetslip?marketId=42.472637802&selectionId=7890533,0.0,2025-01-07 22:50:27.186821+00:00
Low Hold,0.88,NBA,alternate_spreads_h1,,-7.5,Utah Jazz vs Atlanta Hawks,2025-01-08T02:10:00Z,Atlanta Hawks,BetMGM,185,-7.5,34.78,https://sports.{state}.betmgm.com/en/sports?options=16782636-1227633996--792117647&type=Single,Utah Jazz,FanDuel,-192,7.5,65.22,https://sportsbook.fanduel.com/addToBetslip?marketId=42.472637802&selectionId=7890424,0.0,2025-01-07 22:50:27.186821+00:00
Low Hold,1.18,NBA,alternate_spreads_h1,,-8.5,Utah Jazz vs Atlanta Hawks,2025-01-08T02:10:00Z,Atlanta Hawks,BetMGM,220,-8.5,30.89,https://sports.{state}.betmgm.com/en/sports?options=16782636-1227633980--792117680&type=Single,Utah Jazz,FanDuel,-233,8.5,69.11,https://sportsbook.fanduel.com/addToBetslip?marketId=42.472637802&selectionId=7890491,0.0,2025-01-07 22:50:27.186821+00:00
Low Hold,2.98,NBA,alternate_totals_h1,,121.5,Utah Jazz vs Atlanta Hawks,2025-01-08T02:10:00Z,Over,BetMGM,-115,121.5,51.93,https://sports.{state}.betmgm.com/en/sports?options=16782636-1227634002--792117626&type=Single,Under,FanDuel,102,121.5,48.07,https://sportsbook.fanduel.com/addToBetslip?marketId=42.472637810&selectionId=7711068,0.0,2025-01-07 22:50:27.186821+00:00
Low Hold,2.83,NBA,alternate_totals_h1,,127.5,Utah Jazz vs Atlanta Hawks,2025-01-08T02:10:00Z,Over,BetMGM,180,127.5,34.73,https://sports.{state}.betmgm.com/en/sports?options=16782636-1227681987--791964258&type=Single,Under,FanDuel,-204,127.5,65.27,https://sportsbook.fanduel.com/addToBetslip?marketId=42.472637810&selectionId=6871211,0.0,2025-01-07 22:50:27.186821+00:00
Low Hold,2.98,NBA,player_prop,Trae Young - Assists,12.5,Utah Jazz vs Atlanta Hawks,2025-01-08T02:10:00Z,Over (12.5),DraftKings,-115,12.5,51.93,https://sportsbook.draftkings.com/event/31622233,Under (12.5),Pinnacle,102,12.5,48.07,https://www.pinnacle.com/en/basketball/nba/atlanta-hawks-vs-utah-jazz/1602665085/,0.0,2025-01-07 22:50:27.186821+00:00
Low Hold,2.83,NBA,player_prop,Collin Sexton - Assists,5.5,Utah Jazz vs Atlanta Hawks,2025-01-08T02:10:00Z,Over (5.5),Pinnacle,105,5.5,47.44,https://www.pinnacle.com/en/basketball/nba/atlanta-hawks-vs-utah-jazz/1602665085/,Under (5.5),FanDuel,-118,5.5,52.56,https://sportsbook.fanduel.com/basketball/nba/atlanta-hawks-%40-utah-jazz-33916124,0.0,2025-01-07 22:50:27.186821+00:00
Low Hold,2.26,NBA,player_prop,Collin Sexton - Assists,5.5,Utah Jazz vs Atlanta Hawks,2025-01-08T02:10:00Z,Over (5.5),Pinnacle,105,5.5,47.7,https://www.pinnacle.com/en/basketball/nba/atlanta-hawks-vs-utah-jazz/1602665085/,Under (5.5),DraftKings,-115,5.5,52.3,https://sportsbook.draftkings.com/event/31622233,0.0,2025-01-07 22:50:27.186821+00:00
Low Hold,2.83,NBA,player_prop,Collin Sexton - Assists,5.5,Utah Jazz vs Atlanta Hawks,2025-01-08T02:10:00Z,Over (5.5),Pinnacle,105,5.5,47.44,https://www.pinnacle.com/en/basketball/nba/atlanta-hawks-vs-utah-jazz/1602665085/,Under (5.5),Caesars,-118,5.5,52.56,https://sportsbook.caesars.com/us/{state}/bet/basketball/3e9a5561-c85d-45dd-b201-c6b7226c745c/atlanta-hawks-at-utah-jazz,0.0,2025-01-07 22:50:27.186821+00:00
Low Hold,2.73,NBA,player_prop,Collin Sexton - Points,23.5,Utah Jazz vs Atlanta Hawks,2025-01-08T02:10:00Z,Over (23.5),BetRivers,112,23.5,45.92,https://{state}.betrivers.com/?page=sportsbook#event/1021436121,Under (23.5),DraftKings,-125,23.5,54.08,https://sportsbook.draftkings.com/event/31622233,0.0,2025-01-07 22:50:27.186821+00:00
Low Hold,2.98,NBA,player_prop,Bogdan Bogdanovic - Points,11.5,Utah Jazz vs Atlanta Hawks,2025-01-08T02:10:00Z,Over (11.5),DraftKings,-115,11.5,51.93,https://sportsbook.draftkings.com/event/31622233,Under (11.5),FanDuel,102,11.5,48.07,https://sportsbook.fanduel.com/basketball/nba/atlanta-hawks-%40-utah-jazz-33916124,0.0,2025-01-07 22:50:27.186821+00:00
Low Hold,2.42,NBA,player_prop,Bogdan Bogdanovic - Points,11.5,Utah Jazz vs Atlanta Hawks,2025-01-08T02:10:00Z,Over (11.5),Pinnacle,-112,11.5,51.66,https://www.pinnacle.com/en/basketball/nba/atlanta-hawks-vs-utah-jazz/1602665085/,Under (11.5),FanDuel,102,11.5,48.34,https://sportsbook.fanduel.com/basketball/nba/atlanta-hawks-%40-utah-jazz-33916124,0.0,2025-01-07 22:50:27.186821+00:00
Low Hold,2.13,NBA,player_prop,Clint Capela - Points,8.5,Utah Jazz vs Atlanta Hawks,2025-01-08T02:10:00Z,Over (8.5),Caesars,-118,8.5,52.93,https://sportsbook.caesars.com/us/{state}/bet/basketball/3e9a5561-c85d-45dd-b201-c6b7226c745c/atlanta-hawks-at-utah-jazz,Under (8.5),BetRivers,108,8.5,47.07,https://{state}.betrivers.com/?page=sportsbook#event/1021436121,0.0,2025-01-07 22:50:27.186821+00:00
Low Hold,2.72,NBA,player_prop,Clint Capela - Points,8.5,Utah Jazz vs Atlanta Hawks,2025-01-08T02:10:00Z,Over (8.5),BetMGM,-120,8.5,53.2,https://sports.{state}.betmgm.com/en/sports/events/atlanta-hawks-at-utah-jazz-16782636,Under (8.5),BetRivers,108,8.5,46.8,https://{state}.betrivers.com/?page=sportsbook#event/1021436121,0.0,2025-01-07 22:50:27.186821+00:00
Low Hold,2.38,NBA,player_prop,Trae Young - PRA,40.5,Utah Jazz vs Atlanta Hawks,2025-01-08T02:10:00Z,Over (40.5),Pinnacle,101,40.5,48.59,https://www.pinnacle.com/en/basketball/nba/atlanta-hawks-vs-utah-jazz/1602665085/,Under (40.5),FanDuel,-111,40.5,51.41,https://sportsbook.fanduel.com/basketball/nba/atlanta-hawks-%40-utah-jazz-33916124,0.0,2025-01-07 22:50:27.186821+00:00
Low Hold,2.11,NBA,player_prop,Trae Young - PRA,40.5,Utah Jazz vs Atlanta Hawks,2025-01-08T02:10:00Z,Over (40.5),Pinnacle,101,40.5,48.72,https://www.pinnacle.com/en/basketball/nba/atlanta-hawks-vs-utah-jazz/1602665085/,Under (40.5),DraftKings,-110,40.5,51.28,https://sportsbook.draftkings.com/event/31622233,0.0,2025-01-07 22:50:27.186821+00:00
Low Hold,2.94,NBA,player_prop,Trae Young - PRA,40.5,Utah Jazz vs Atlanta Hawks,2025-01-08T02:10:00Z,Over (40.5),Pinnacle,101,40.5,48.33,https://www.pinnacle.com/en/basketball/nba/atlanta-hawks-vs-utah-jazz/1602665085/,Under (40.5),Caesars,-114,40.5,51.67,https://sportsbook.caesars.com/us/{state}/bet/basketball/3e9a5561-c85d-45dd-b201-c6b7226c745c/atlanta-hawks-at-utah-jazz,0.0,2025-01-07 22:50:27.186821+00:00
Low Hold,2.94,NBA,player_prop,Trae Young - PRA,40.5,Utah Jazz vs Atlanta Hawks,2025-01-08T02:10:00Z,Over (40.5),Pinnacle,101,40.5,48.33,https://www.pinnacle.com/en/basketball/nba/atlanta-hawks-vs-utah-jazz/1602665085/,Under (40.5),BetRivers,-114,40.5,51.67,https://{state}.betrivers.com/?page=sportsbook#event/1021436121,0.0,2025-01-07 22:50:27.186821+00:00
Low Hold,1.74,NBA,player_prop,Onyeka Okongwu - Rebounds,7.5,Utah Jazz vs Atlanta Hawks,2025-01-08T02:10:00Z,Over (7.5),FanDuel,106,7.5,47.72,https://sportsbook.fanduel.com/basketball/nba/atlanta-hawks-%40-utah-jazz-33916124,Under (7.5),Caesars,-114,7.5,52.28,https://sportsbook.caesars.com/us/{state}/bet/basketball/3e9a5561-c85d-45dd-b201-c6b7226c745c/atlanta-hawks-at-utah-jazz,0.0,2025-01-07 22:50:27.186821+00:00
Low Hold,2.02,NBA,player_prop,Onyeka Okongwu - Rebounds,7.5,Utah Jazz vs Atlanta Hawks,2025-01-08T02:10:00Z,Over (7.5),FanDuel,106,7.5,47.58,https://sportsbook.fanduel.com/basketball/nba/atlanta-hawks-%40-utah-jazz-33916124,Under (7.5),BetMGM,-115,7.5,52.42,https://sports.{state}.betmgm.com/en/sports/events/atlanta-hawks-at-utah-jazz-16782636,0.0,2025-01-07 22:50:27.186821+00:00
Low Hold,2.45,NBA,player_prop,Onyeka Okongwu - Rebounds,7.5,Utah Jazz vs Atlanta Hawks,2025-01-08T02:10:00Z,Over (7.5),Pinnacle,103,7.5,48.08,https://www.pinnacle.com/en/basketball/nba/atlanta-hawks-vs-utah-jazz/1602665085/,Under (7.5),Caesars,-114,7.5,51.92,https://sportsbook.caesars.com/us/{state}/bet/basketball/3e9a5561-c85d-45dd-b201-c6b7226c745c/atlanta-hawks-at-utah-jazz,0.0,2025-01-07 22:50:27.186821+00:00
Low Hold,2.74,NBA,player_prop,Onyeka Okongwu - Rebounds,7.5,Utah Jazz vs Atlanta Hawks,2025-01-08T02:10:00Z,Over (7.5),Pinnacle,103,7.5,47.95,https://www.pinnacle.com/en/basketball/nba/atlanta-hawks-vs-utah-jazz/1602665085/,Under (7.5),BetMGM,-115,7.5,52.05,https://sports.{state}.betmgm.com/en/sports/events/atlanta-hawks-at-utah-jazz-16782636,0.0,2025-01-07 22:50:27.186821+00:00
Low Hold,2.5,NBA,player_prop,Lauri Markkanen - Rebounds,6.5,Utah Jazz vs Atlanta Hawks,2025-01-08T02:10:00Z,Over (6.5),FanDuel,104,6.5,47.83,https://sportsbook.fanduel.com/basketball/nba/atlanta-hawks-%40-utah-jazz-33916124,Under (6.5),DraftKings,-115,6.5,52.17,https://sportsbook.draftkings.com/event/31622233,0.0,2025-01-07 22:50:27.186821+00:00
Low Hold,2.86,NBA,player_prop,Trae Young - Rebounds,3.5,Utah Jazz vs Atlanta Hawks,2025-01-08T02:10:00Z,Over (3.5),FanDuel,-102,3.5,49.1,https://sportsbook.fanduel.com/basketball/nba/atlanta-hawks-%40-utah-jazz-33916124,Under (3.5),BetMGM,-110,3.5,50.9,https://sports.{state}.betmgm.com/en/sports/events/atlanta-hawks-at-utah-jazz-16782636,0.0,2025-01-07 22:50:27.186821+00:00
Low Hold,2.63,NBA,player_prop,De'Andre Hunter - Rebounds,4.5,Utah Jazz vs Atlanta Hawks,2025-01-08T02:10:00Z,Over (4.5),FanDuel,132,4.5,42.0,https://sportsbook.fanduel.com/basketball/nba/atlanta-hawks-%40-utah-jazz-33916124,Under (4.5),Caesars,-147,4.5,58.0,https://sportsbook.caesars.com/us/{state}/bet/basketball/3e9a5561-c85d-45dd-b201-c6b7226c745c/atlanta-hawks-at-utah-jazz,0.0,2025-01-07 22:50:27.186821+00:00
Low Hold,2.98,NBA,player_prop,De'Andre Hunter - Rebounds,4.5,Utah Jazz vs Atlanta Hawks,2025-01-08T02:10:00Z,Over (4.5),FanDuel,132,4.5,41.85,https://sportsbook.fanduel.com/basketball/nba/atlanta-hawks-%40-utah-jazz-33916124,Under (4.5),BetMGM,-149,4.5,58.15,https://sports.{state}.betmgm.com/en/sports/events/atlanta-hawks-at-utah-jazz-16782636,0.0,2025-01-07 22:50:27.186821+00:00
Low Hold,2.62,NBA,player_prop,Dyson Daniels - 3-Pointers Made,1.5,Utah Jazz vs Atlanta Hawks,2025-01-08T02:10:00Z,Over (1.5),FanDuel,138,1.5,40.94,https://sportsbook.fanduel.com/basketball/nba/atlanta-hawks-%40-utah-jazz-33916124,Under (1.5),Caesars,-154,1.5,59.06,https://sportsbook.caesars.com/us/{state}/bet/basketball/3e9a5561-c85d-45dd-b201-c6b7226c745c/atlanta-hawks-at-utah-jazz,0.0,2025-01-07 22:50:27.186821+00:00
Low Hold,2.62,NBA,player_prop,Dyson Daniels - 3-Pointers Made,1.5,Utah Jazz vs Atlanta Hawks,2025-01-08T02:10:00Z,Over (1.5),FanDuel,138,1.5,40.94,https://sportsbook.fanduel.com/basketball/nba/atlanta-hawks-%40-utah-jazz-33916124,Under (1.5),BetMGM,-154,1.5,59.06,https://sports.{state}.betmgm.com/en/sports/events/atlanta-hawks-at-utah-jazz-16782636,0.0,2025-01-07 22:50:27.186821+00:00
Low Hold,2.27,NBA,player_prop,Dyson Daniels - 3-Pointers Made,1.5,Utah Jazz vs Atlanta Hawks,2025-01-08T02:10:00Z,Over (1.5),DraftKings,140,1.5,40.74,https://sportsbook.draftkings.com/event/31622233,Under (1.5),Caesars,-154,1.5,59.26,https://sportsbook.caesars.com/us/{state}/bet/basketball/3e9a5561-c85d-45dd-b201-c6b7226c745c/atlanta-hawks-at-utah-jazz,0.0,2025-01-07 22:50:27.186821+00:00
Low Hold,2.27,NBA,player_prop,Dyson Daniels - 3-Pointers Made,1.5,Utah Jazz vs Atlanta Hawks,2025-01-08T02:10:00Z,Over (1.5),DraftKings,140,1.5,40.74,https://sportsbook.draftkings.com/event/31622233,Under (1.5),BetMGM,-154,1.5,59.26,https://sports.{state}.betmgm.com/en/sports/events/atlanta-hawks-at-utah-jazz-16782636,0.0,2025-01-07 22:50:27.186821+00:00
Low Hold,1.46,NBA,player_prop,Collin Sexton - 3-Pointers Made,2.5,Utah Jazz vs Atlanta Hawks,2025-01-08T02:10:00Z,Over (2.5),DraftKings,124,2.5,44.0,https://sportsbook.draftkings.com/event/31622233,Under (2.5),FanDuel,-132,2.5,56.0,https://sportsbook.fanduel.com/basketball/nba/atlanta-hawks-%40-utah-jazz-33916124,0.0,2025-01-07 22:50:27.186821+00:00
Low Hold,1.07,NBA,player_prop,Collin Sexton - 3-Pointers Made,2.5,Utah Jazz vs Atlanta Hawks,2025-01-08T02:10:00Z,Over (2.5),Caesars,126,2.5,43.78,https://sportsbook.caesars.com/us/{state}/bet/basketball/3e9a5561-c85d-45dd-b201-c6b7226c745c/atlanta-hawks-at-utah-jazz,Under (2.5),FanDuel,-132,2.5,56.22,https://sportsbook.fanduel.com/basketball/nba/atlanta-hawks-%40-utah-jazz-33916124,0.0,2025-01-07 22:50:27.186821+00:00
Low Hold,0.3,NBA,player_prop,Collin Sexton - 3-Pointers Made,2.5,Utah Jazz vs Atlanta Hawks,2025-01-08T02:10:00Z,Over (2.5),BetRivers,130,2.5,43.35,https://{state}.betrivers.com/?page=sportsbook#event/1021436121,Under (2.5),FanDuel,-132,2.5,56.65,https://sportsbook.fanduel.com/basketball/nba/atlanta-hawks-%40-utah-jazz-33916124,0.0,2025-01-07 22:50:27.186821+00:00
Low Hold,2.65,NBA,player_prop,Collin Sexton - 3-Pointers Made,2.5,Utah Jazz vs Atlanta Hawks,2025-01-08T02:10:00Z,Over (2.5),BetRivers,130,2.5,42.36,https://{state}.betrivers.com/?page=sportsbook#event/1021436121,Under (2.5),BetMGM,-145,2.5,57.64,https://sports.{state}.betmgm.com/en/sports/events/atlanta-hawks-at-utah-jazz-16782636,0.0,2025-01-07 22:50:27.186821+00:00
Low Hold,0.22,NBA,h2h,,,Denver Nuggets vs Boston Celtics,2025-01-08T03:10:00Z,Boston Celtics,BetRivers,-200,,66.52,https://{state}.betrivers.com/?page=sportsbook#event/1021436141?coupon={pickType}|3608014141|{wagerAmount},Denver Nuggets,FanDuel,198,,33.48,https://sportsbook.fanduel.com/addToBetslip?marketId=42.472284744&selectionId=237492,0.0,2025-01-07 22:50:27.186821+00:00
Low Hold,2.27,NBA,alternate_spreads,,-7.5,Denver Nuggets vs Boston Celtics,2025-01-08T03:10:00Z,Boston Celtics,BetRivers,120,-7.5,44.44,https://{state}.betrivers.com/?page=sportsbook#event/1021436141?coupon={pickType}|3608242695|{wagerAmount},Denver Nuggets,FanDuel,-132,7.5,55.56,https://sportsbook.fanduel.com/addToBetslip?marketId=42.472637269&selectionId=7889675,0.0,2025-01-07 22:50:27.186821+00:00
Low Hold,2.75,NBA,alternate_spreads,,-21.5,Denver Nuggets vs Boston Celtics,2025-01-08T03:10:00Z,Boston Celtics,FanDuel,690,-21.5,12.32,https://sportsbook.fanduel.com/addToBetslip?marketId=42.472637269&selectionId=7933791,Denver Nuggets,DraftKings,-909,21.5,87.68,https://sportsbook.draftkings.com/event/31622236?outcomes=0HC78190573P2150_1,0.0,2025-01-07 22:50:27.186821+00:00
Low Hold,2.13,NBA,alternate_spreads,,-9.5,Denver Nuggets vs Boston Celtics,2025-01-08T03:10:00Z,Boston Celtics,BetRivers,163,-9.5,37.23,https://{state}.betrivers.com/?page=sportsbook#event/1021436141?coupon={pickType}|3608242701|{wagerAmount},Denver Nuggets,FanDuel,-179,9.5,62.77,https://sportsbook.fanduel.com/addToBetslip?marketId=42.472637269&selectionId=7914258,0.0,2025-01-07 22:50:27.186821+00:00
Low Hold,2.99,NBA,alternate_spreads,,-8.5,Denver Nuggets vs Boston Celtics,2025-01-08T03:10:00Z,Boston Celtics,BetRivers,138,-8.5,40.8,https://{state}.betrivers.com/?page=sportsbook#event/1021436141?coupon={pickType}|3608242604|{wagerAmount},Denver Nuggets,FanDuel,-156,8.5,59.2,https://sportsbook.fanduel.com/addToBetslip?marketId=42.472637269&selectionId=7889495,0.0,2025-01-07 22:50:27.186821+00:00
Low Hold,2.68,NBA,alternate_spreads,,-11.5,Denver Nuggets vs Boston Celtics,2025-01-08T03:10:00Z,Boston Celtics,BetRivers,210,-11.5,31.42,https://{state}.betrivers.com/?page=sportsbook#event/1021436141?coupon={pickType}|3608242657|{wagerAmount},Denver Nuggets,FanDuel,-238,11.5,68.58,https://sportsbook.fanduel.com/addToBetslip?marketId=42.472637269&selectionId=7914264,0.0,2025-01-07 22:50:27.186821+00:00
Low Hold,2.82,NBA,alternate_spreads,,-28.5,Denver Nuggets vs Boston Celtics,2025-01-08T03:10:00Z,Boston Celtics,FanDuel,1400,-28.5,6.48,https://sportsbook.fanduel.com/addToBetslip?marketId=42.472637269&selectionId=7889412,Denver Nuggets,DraftKings,-2500,28.5,93.52,https://sportsbook.draftkings.com/event/31622236?outcomes=0HC78190573P2850_1,0.0,2025-01-07 22:50:27.186821+00:00
Low Hold,2.98,NBA,alternate_spreads,,-22.5,Denver Nuggets vs Boston Celtics,2025-01-08T03:10:00Z,Boston Celtics,FanDuel,790,-22.5,10.91,https://sportsbook.fanduel.com/addToBetslip?marketId=42.472637269&selectionId=7889230,Denver Nuggets,DraftKings,-1111,22.5,89.09,https://sportsbook.draftkings.com/event/31622236?outcomes=0HC78190573P2250_1,0.0,2025-01-07 22:50:27.186821+00:00
Low Hold,1.88,NBA,alternate_spreads,,-12.5,Denver Nuggets vs Boston Celtics,2025-01-08T03:10:00Z,Boston Celtics,BetRivers,240,-12.5,28.87,https://{state}.betrivers.com/?page=sportsbook#event/1021436141?coupon={pickType}|3608242645|{wagerAmount},Denver Nuggets,FanDuel,-263,12.5,71.13,https://sportsbook.fanduel.com/addToBetslip?marketId=42.472637269&selectionId=7889514,0.0,2025-01-07 22:50:27.186821+00:00
Low Hold,2.72,NBA,alternate_spreads,,-24.5,Denver Nuggets vs Boston Celtics,2025-01-08T03:10:00Z,Boston Celtics,FanDuel,980,-24.5,9.01,https://sportsbook.fanduel.com/addToBetslip?marketId=42.472637269&selectionId=7933767,Denver Nuggets,DraftKings,-1429,24.5,90.99,https://sportsbook.draftkings.com/event/31622236?outcomes=0HC78190573P2450_1,0.0,2025-01-07 22:50:27.186821+00:00
Low Hold,2.97,NBA,alternate_spreads,,2.5,Denver Nuggets vs Boston Celtics,2025-01-08T03:10:00Z,Boston Celtics,BetRivers,-303,2.5,73.02,https://{state}.betrivers.com/?page=sportsbook#event/1021436141?coupon={pickType}|3608242648|{wagerAmount},Denver Nuggets,BetMGM,260,-2.5,26.98,https://sports.{state}.betmgm.com/en/sports?options=16782637-1227635031--792115200&type=Single,0.0,2025-01-07 22:50:27.186821+00:00
Low Hold,2.64,NBA,alternate_spreads,,5.5,Denver Nuggets vs Boston Celtics,2025-01-08T03:10:00Z,Boston Celtics,Caesars,-476,5.5,80.52,,Denver Nuggets,BetMGM,400,-5.5,19.48,https://sports.{state}.betmgm.com/en/sports?options=16782637-1227645324--792091006&type=Single,0.0,2025-01-07 22:50:27.186821+00:00
Low Hold,2.9,NBA,alternate_spreads,,-23.5,Denver Nuggets vs Boston Celtics,2025-01-08T03:10:00Z,Boston Celtics,FanDuel,870,-23.5,10.02,https://sportsbook.fanduel.com/addToBetslip?marketId=42.472637269&selectionId=7927528,Denver Nuggets,DraftKings,-1250,23.5,89.98,https://sportsbook.draftkings.com/event/31622236?outcomes=0HC78190573P2350_1,0.0,2025-01-07 22:50:27.186821+00:00
Low Hold,2.78,NBA,alternate_spreads,,-13.5,Denver Nuggets vs Boston Celtics,2025-01-08T03:10:00Z,Boston Celtics,BetRivers,270,-13.5,26.29,https://{state}.betrivers.com/?page=sportsbook#event/1021436141?coupon={pickType}|3608242987|{wagerAmount},Denver Nuggets,FanDuel,-312,13.5,73.71,https://sportsbook.fanduel.com/addToBetslip?marketId=42.472637269&selectionId=7889556,0.0,2025-01-07 22:50:27.186821+00:00
Low Hold,2.66,NBA,alternate_spreads,,-10.5,Denver Nuggets vs Boston Celtics,2025-01-08T03:10:00Z,Boston Celtics,BetRivers,185,-10.5,34.18,https://{state}.betrivers.com/?page=sportsbook#event/1021436141?coupon={pickType}|3608242673|{wagerAmount},Denver Nuggets,FanDuel,-208,10.5,65.82,https://sportsbook.fanduel.com/addToBetslip?marketId=42.472637269&selectionId=7889530,0.0,2025-01-07 22:50:27.186821+00:00
Low Hold,2.78,NBA,alternate_spreads,,-6.5,Denver Nuggets vs Boston Celtics,2025-01-08T03:10:00Z,Boston Celtics,BetRivers,104,-6.5,47.69,https://{state}.betrivers.com/?page=sportsbook#event/1021436141?coupon={pickType}|3608242596|{wagerAmount},Denver Nuggets,FanDuel,-116,6.5,52.31,https://sportsbook.fanduel.com/addToBetslip?marketId=42.472637269&selectionId=7889479,0.0,2025-01-07 22:50:27.186821+00:00
Low Hold,2.22,NBA,alternate_totals,,219.5,Denver Nuggets vs Boston Celtics,2025-01-08T03:10:00Z,Over,DraftKings,-526,219.5,82.21,https://sportsbook.draftkings.com/event/31622236?outcomes=0OU78190573O21950_1,Under,FanDuel,450,219.5,17.79,https://sportsbook.fanduel.com/addToBetslip?marketId=42.472637291&selectionId=7711254,0.0,2025-01-07 22:50:27.186821+00:00
Low Hold,2.72,NBA,alternate_totals,,245.5,Denver Nuggets vs Boston Celtics,2025-01-08T03:10:00Z,Over,BetRivers,205,245.5,31.92,https://{state}.betrivers.com/?page=sportsbook#event/1021436141?coupon={pickType}|3608242612|{wagerAmount},Under,FanDuel,-233,245.5,68.08,https://sportsbook.fanduel.com/addToBetslip?marketId=42.472637291&selectionId=7700492,0.0,2025-01-07 22:50:27.186821+00:00
Low Hold,2.11,NBA,alternate_totals,,217.5,Denver Nuggets vs Boston Celtics,2025-01-08T03:10:00Z,Over,DraftKings,-667,217.5,85.16,https://sportsbook.draftkings.com/event/31622236?outcomes=0OU78190573O21750_1,Under,FanDuel,560,217.5,14.84,https://sportsbook.fanduel.com/addToBetslip?marketId=42.472637291&selectionId=7733112,0.0,2025-01-07 22:50:27.186821+00:00
Low Hold,2.14,NBA,alternate_totals,,218.5,Denver Nuggets vs Boston Celtics,2025-01-08T03:10:00Z,Over,DraftKings,-588,218.5,83.68,https://sportsbook.draftkings.com/event/31622236?outcomes=0OU78190573O21850_1,Under,FanDuel,500,218.5,16.32,https://sportsbook.fanduel.com/addToBetslip?marketId=42.472637291&selectionId=7711825,0.0,2025-01-07 22:50:27.186821+00:00
Low Hold,2.2,NBA,alternate_totals,,244.5,Denver Nuggets vs Boston Celtics,2025-01-08T03:10:00Z,Over,BetRivers,185,244.5,34.33,https://{state}.betrivers.com/?page=sportsbook#event/1021436141?coupon={pickType}|3608242720|{wagerAmount},Under,FanDuel,-204,244.5,65.67,https://sportsbook.fanduel.com/addToBetslip?marketId=42.472637291&selectionId=7695584,0.0,2025-01-07 22:50:27.186821+00:00
Low Hold,2.8,NBA,alternate_totals,,225.5,Denver Nuggets vs Boston Celtics,2025-01-08T03:10:00Z,Over,DraftKings,-294,225.5,72.6,https://sportsbook.draftkings.com/event/31622236?outcomes=0OU78190573O22550_1,Under,BetRivers,255,225.5,27.4,https://{state}.betrivers.com/?page=sportsbook#event/1021436141?coupon={pickType}|3608242674|{wagerAmount},0.0,2025-01-07 22:50:27.186821+00:00
Low Hold,2.19,NBA,alternate_totals,,216.5,Denver Nuggets vs Boston Celtics,2025-01-08T03:10:00Z,Over,DraftKings,-769,216.5,86.6,https://sportsbook.draftkings.com/event/31622236?outcomes=0OU78190573O21650_1,Under,FanDuel,630,216.5,13.4,https://sportsbook.fanduel.com/addToBetslip?marketId=42.472637291&selectionId=7711018,0.0,2025-01-07 22:50:27.186821+00:00
Low Hold,2.84,NBA,alternate_totals,,249.5,Denver Nuggets vs Boston Celtics,2025-01-08T03:10:00Z,Over,BetRivers,295,249.5,24.62,https://{state}.betrivers.com/?page=sportsbook#event/1021436141?coupon={pickType}|3608243212|{wagerAmount},Under,FanDuel,-345,249.5,75.38,https://sportsbook.fanduel.com/addToBetslip?marketId=42.472637291&selectionId=7755153,0.0,2025-01-07 22:50:27.186821+00:00
Low Hold,2.51,NBA,alternate_totals,,247.5,Denver Nuggets vs Boston Celtics,2025-01-08T03:10:00Z,Over,BetRivers,245,247.5,28.27,https://{state}.betrivers.com/?page=sportsbook#event/1021436141?coupon={pickType}|3608242639|{wagerAmount},Under,FanDuel,-278,247.5,71.73,https://sportsbook.fanduel.com/addToBetslip?marketId=42.472637291&selectionId=7733081,0.0,2025-01-07 22:50:27.186821+00:00
Low Hold,2.59,NBA,alternate_totals,,248.5,Denver Nuggets vs Boston Celtics,2025-01-08T03:10:00Z,Over,BetRivers,265,248.5,26.71,https://{state}.betrivers.com/?page=sportsbook#event/1021436141?coupon={pickType}|3608242722|{wagerAmount},Under,FanDuel,-303,248.5,73.29,https://sportsbook.fanduel.com/addToBetslip?marketId=42.472637291&selectionId=7711958,0.0,2025-01-07 22:50:27.186821+00:00
Low Hold,2.38,NBA,alternate_totals,,229.5,Denver Nuggets vs Boston Celtics,2025-01-08T03:10:00Z,Over,DraftKings,-200,229.5,65.12,https://sportsbook.draftkings.com/event/31622236?outcomes=0OU78190573O22950_1,Under,BetMGM,180,229.5,34.88,https://sports.{state}.betmgm.com/en/sports?options=16782637-1227634989--792115319&type=Single,0.0,2025-01-07 22:50:27.186821+00:00
Low Hold,2.83,NBA,alternate_totals,,243.5,Denver Nuggets vs Boston Celtics,2025-01-08T03:10:00Z,Over,BetRivers,170,243.5,36.02,https://{state}.betrivers.com/?page=sportsbook#event/1021436141?coupon={pickType}|3608242637|{wagerAmount},Under,FanDuel,-192,243.5,63.98,https://sportsbook.fanduel.com/addToBetslip?marketId=42.472637291&selectionId=7711818,0.0,2025-01-07 22:50:27.186821+00:00
Low Hold,1.79,NBA,alternate_totals,,215.5,Denver Nuggets vs Boston Celtics,2025-01-08T03:10:00Z,Over,DraftKings,-833,215.5,87.72,https://sportsbook.draftkings.com/event/31622236?outcomes=0OU78190573O21550_1,Under,FanDuel,700,215.5,12.28,https://sportsbook.fanduel.com/addToBetslip?marketId=42.472637291&selectionId=7700513,0.0,2025-01-07 22:50:27.186821+00:00
Low Hold,2.68,NBA,alternate_totals,,246.5,Denver Nuggets vs Boston Celtics,2025-01-08T03:10:00Z,Over,BetMGM,220,246.5,30.43,https://sports.{state}.betmgm.com/en/sports?options=16782637-1227666041--792009744&type=Single,Under,FanDuel,-250,246.5,69.57,https://sportsbook.fanduel.com/addToBetslip?marketId=42.472637291&selectionId=7747570,0.0,2025-01-07 22:50:27.186821+00:00
Low Hold,2.17,NBA,alternate_totals,,227.5,Denver Nuggets vs Boston Celtics,2025-01-08T03:10:00Z,Over,DraftKings,-244,227.5,69.41,https://sportsbook.draftkings.com/event/31622236?outcomes=0OU78190573O22750_1,Under,BetMGM,220,227.5,30.59,https://sports.{state}.betmgm.com/en/sports?options=16782637-1227634845--792115656&type=Single,0.0,2025-01-07 22:50:27.186821+00:00
Low Hold,2.3,NBA,alternate_totals,,228.5,Denver Nuggets vs Boston Celtics,2025-01-08T03:10:00Z,Over,DraftKings,-222,228.5,67.42,https://sportsbook.draftkings.com/event/31622236?outcomes=0OU78190573O22850_1,Under,BetMGM,200,228.5,32.58,https://sports.{state}.betmgm.com/en/sports?options=16782637-1227634897--792115552&type=Single,0.0,2025-01-07 22:50:27.186821+00:00
Low Hold,2.91,NBA,alternate_totals,,242.5,Denver Nuggets vs Boston Celtics,2025-01-08T03:10:00Z,Over,BetRivers,155,242.5,38.11,https://{state}.betrivers.com/?page=sportsbook#event/1021436141?coupon={pickType}|3608242649|{wagerAmount},Under,FanDuel,-175,242.5,61.89,https://sportsbook.fanduel.com/addToBetslip?marketId=42.472637291&selectionId=7760688,0.0,2025-01-07 22:50:27.186821+00:00
Low Hold,1.2,NBA,alternate_totals,,214.5,Denver Nuggets vs Boston Celtics,2025-01-08T03:10:00Z,Over,DraftKings,-909,214.5,89.02,https://sportsbook.draftkings.com/event/31622236?outcomes=0OU78190573O21450_1,Under,FanDuel,800,214.5,10.98,https://sportsbook.fanduel.com/addToBetslip?marketId=42.472637291&selectionId=7711349,0.0,2025-01-07 22:50:27.186821+00:00
Low Hold,2.4,NBA,alternate_totals,,226.5,Denver Nuggets vs Boston Celtics,2025-01-08T03:10:00Z,Over,DraftKings,-270,226.5,71.28,https://sportsbook.draftkings.com/event/31622236?outcomes=0OU78190573O22650_1,Under,BetMGM,240,226.5,28.72,https://sports.{state}.betmgm.com/en/sports?options=16782637-1227634871--792115609&type=Single,0.0,2025-01-07 22:50:27.186821+00:00
Low Hold,2.3,NBA,h2h_q3,,,Denver Nuggets vs Boston Celtics,2025-01-08T03:10:00Z,Boston Celtics,BetRivers,-143,,57.5,https://{state}.betrivers.com/?page=sportsbook#event/1021436141?coupon={pickType}|3608362939|{wagerAmount},Denver Nuggets,DraftKings,130,,42.5,https://sportsbook.draftkings.com/event/31622236?outcomes=0ML78194474_1,0.0,2025-01-07 22:50:27.186821+00:00
Low Hold,1.63,NBA,h2h_q4,,,Denver Nuggets vs Boston Celtics,2025-01-08T03:10:00Z,Boston Celtics,FanDuel,-128,,55.28,https://sportsbook.fanduel.com/addToBetslip?marketId=42.472637247&selectionId=60427,Denver Nuggets,DraftKings,120,,44.72,https://sportsbook.draftkings.com/event/31622236?outcomes=0ML78194475_1,0.0,2025-01-07 22:50:27.186821+00:00
Low Hold,2.4,NBA,h2h_h1,,,Denver Nuggets vs Boston Celtics,2025-01-08T03:10:00Z,Boston Celtics,Caesars,-189,,63.83,https://sportsbook.caesars.com/us/{state}/bet/betslip?selectionIds=d2cc88e6-6195-3025-9cb3-dd1bb18674fa,Denver Nuggets,BetMGM,170,,36.17,https://sports.{state}.betmgm.com/en/sports?options=16782637-1227634741--792115874&type=Single,0.0,2025-01-07 22:50:27.186821+00:00
Low Hold,2.98,NBA,h2h_h2,,,Denver Nuggets vs Boston Celtics,2025-01-08T03:10:00Z,Boston Celtics,BetRivers,-154,,58.85,https://{state}.betrivers.com/?page=sportsbook#event/1021436141?coupon={pickType}|3608362955|{wagerAmount},Denver Nuggets,DraftKings,136,,41.15,https://sportsbook.draftkings.com/event/31622236?outcomes=0ML78194491_1,0.0,2025-01-07 22:50:27.186821+00:00
Low Hold,2.83,NBA,spreads_h1,,-3.5,Denver Nuggets vs Boston Celtics,2025-01-08T03:10:00Z,Boston Celtics,BetRivers,-105,-3.5,49.87,https://{state}.betrivers.com/?page=sportsbook#event/1021436141?coupon={pickType}|3608362989|{wagerAmount},Denver Nuggets,FanDuel,-106,3.5,50.13,https://sportsbook.fanduel.com/addToBetslip?marketId=42.472637263&selectionId=237492,0.0,2025-01-07 22:50:27.186821+00:00
Low Hold,2.83,NBA,totals_q2,,60.5,Denver Nuggets vs Boston Celtics,2025-01-08T03:10:00Z,Over,FanDuel,-106,60.5,50.13,https://sportsbook.fanduel.com/addToBetslip?marketId=42.472637250&selectionId=7017823,Under,Caesars,-105,60.5,49.87,https://sportsbook.caesars.com/us/{state}/bet/betslip?selectionIds=88278a72-7316-3902-a667-f2b9e3091079,0.0,2025-01-07 22:50:27.186821+00:00
Low Hold,2.38,NBA,alternate_spreads_q1,,-4.5,Denver Nuggets vs Boston Celtics,2025-01-08T03:10:00Z,Boston Celtics,BetMGM,180,-4.5,34.88,https://sports.{state}.betmgm.com/en/sports?options=16782637-1227634725--792115897&type=Single,Denver Nuggets,DraftKings,-200,4.5,65.12,https://sportsbook.draftkings.com/event/31622236?outcomes=0HC78194485P450_1,0.0,2025-01-07 22:50:27.186821+00:00
Low Hold,1.19,NBA,alternate_spreads_q1,,-5.5,Denver Nuggets vs Boston Celtics,2025-01-08T03:10:00Z,Boston Celtics,BetMGM,225,-5.5,30.41,https://sports.{state}.betmgm.com/en/sports?options=16782637-1227634809--792115744&type=Single,Denver Nuggets,DraftKings,-238,5.5,69.59,https://sportsbook.draftkings.com/event/31622236?outcomes=0HC78194485P550_1,0.0,2025-01-07 22:50:27.186821+00:00
Low Hold,2.17,NBA,alternate_spreads_q1,,2.5,Denver Nuggets vs Boston Celtics,2025-01-08T03:10:00Z,Boston Celtics,DraftKings,-244,2.5,69.41,https://sportsbook.draftkings.com/event/31622236?outcomes=0HC78194485P250_3,Denver Nuggets,BetMGM,220,-2.5,30.59,https://sports.{state}.betmgm.com/en/sports?options=16782637-1227634761--792115771&type=Single,0.0,2025-01-07 22:50:27.186821+00:00
Low Hold,2.68,NBA,alternate_spreads_h1,,1.5,Denver Nuggets vs Boston Celtics,2025-01-08T03:10:00Z,Boston Celtics,DraftKings,-250,1.5,69.57,https://sportsbook.draftkings.com/event/31622236?outcomes=0HC78194483P150_3,Denver Nuggets,BetMGM,220,-1.5,30.43,https://sports.{state}.betmgm.com/en/sports?options=16782637-1227634800--792115747&type=Single,0.0,2025-01-07 22:50:27.186821+00:00
Low Hold,2.58,NBA,alternate_totals_q1,,51.5,Denver Nuggets vs Boston Celtics,2025-01-08T03:10:00Z,Over,DraftKings,-667,51.5,84.77,https://sportsbook.draftkings.com/event/31622236?outcomes=0OU78194485O5150_1,Under,FanDuel,540,51.5,15.23,https://sportsbook.fanduel.com/addToBetslip?marketId=42.472637297&selectionId=6827366,0.0,2025-01-07 22:50:27.186821+00:00
Low Hold,1.67,NBA,alternate_totals_q1,,61.5,Denver Nuggets vs Boston Celtics,2025-01-08T03:10:00Z,Over,DraftKings,110,61.5,46.84,https://sportsbook.draftkings.com/event/31622236?outcomes=0OU78194485O6150_1,Under,FanDuel,-118,61.5,53.16,https://sportsbook.fanduel.com/addToBetslip?marketId=42.472637297&selectionId=7672867,0.0,2025-01-07 22:50:27.186821+00:00
Low Hold,1.93,NBA,alternate_totals_q1,,58.5,Denver Nuggets vs Boston Celtics,2025-01-08T03:10:00Z,Over,BetMGM,-154,58.5,59.46,https://sports.{state}.betmgm.com/en/sports?options=16782637-1227634770--792115816&type=Single,Under,FanDuel,142,58.5,40.54,https://sportsbook.fanduel.com/addToBetslip?marketId=42.472637297&selectionId=7700528,0.0,2025-01-07 22:50:27.186821+00:00
Low Hold,1.96,NBA,alternate_totals_q1,,62.5,Denver Nuggets vs Boston Celtics,2025-01-08T03:10:00Z,Over,DraftKings,130,62.5,42.64,https://sportsbook.draftkings.com/event/31622236?outcomes=0OU78194485O6250_1,Under,FanDuel,-141,62.5,57.36,https://sportsbook.fanduel.com/addToBetslip?marketId=42.472637297&selectionId=7673038,0.0,2025-01-07 22:50:27.186821+00:00
Low Hold,1.94,NBA,alternate_totals_q1,,64.5,Denver Nuggets vs Boston Celtics,2025-01-08T03:10:00Z,Over,DraftKings,180,64.5,35.03,https://sportsbook.draftkings.com/event/31622236?outcomes=0OU78194485O6450_1,Under,FanDuel,-196,64.5,64.97,https://sportsbook.fanduel.com/addToBetslip?marketId=42.472637297&selectionId=4625315,0.0,2025-01-07 22:50:27.186821+00:00
Low Hold,1.95,NBA,alternate_totals_q1,,59.5,Denver Nuggets vs Boston Celtics,2025-01-08T03:10:00Z,Over,BetMGM,-130,59.5,55.42,https://sports.{state}.betmgm.com/en/sports?options=16782637-1227634816--792115730&type=Single,Under,FanDuel,120,59.5,44.58,https://sportsbook.fanduel.com/addToBetslip?marketId=42.472637297&selectionId=7707056,0.0,2025-01-07 22:50:27.186821+00:00
Low Hold,1.87,NBA,alternate_totals_q1,,63.5,Denver Nuggets vs Boston Celtics,2025-01-08T03:10:00Z,Over,DraftKings,154,63.5,38.65,https://sportsbook.draftkings.com/event/31622236?outcomes=0OU78194485O6350_1,Under,FanDuel,-167,63.5,61.35,https://sportsbook.fanduel.com/addToBetslip?marketId=42.472637297&selectionId=6844022,0.0,2025-01-07 22:50:27.186821+00:00
Low Hold,2.62,NBA,alternate_totals_q1,,50.5,Denver Nuggets vs Boston Celtics,2025-01-08T03:10:00Z,Over,DraftKings,-833,50.5,87.01,https://sportsbook.draftkings.com/event/31622236?outcomes=0OU78194485O5050_1,Under,FanDuel,650,50.5,12.99,https://sportsbook.fanduel.com/addToBetslip?marketId=42.472637297&selectionId=6848914,0.0,2025-01-07 22:50:27.186821+00:00
Low Hold,2.68,NBA,alternate_totals_q1,,65.5,Denver Nuggets vs Boston Celtics,2025-01-08T03:10:00Z,Over,DraftKings,210,65.5,31.42,https://sportsbook.draftkings.com/event/31622236?outcomes=0OU78194485O6550_1,Under,FanDuel,-238,65.5,68.58,https://sportsbook.fanduel.com/addToBetslip?marketId=42.472637297&selectionId=7707250,0.0,2025-01-07 22:50:27.186821+00:00
Low Hold,1.86,NBA,alternate_totals_q1,,60.5,Denver Nuggets vs Boston Celtics,2025-01-08T03:10:00Z,Over,BetMGM,-110,60.5,51.4,https://sports.{state}.betmgm.com/en/sports?options=16782637-1227634759--792115845&type=Single,Under,FanDuel,102,60.5,48.6,https://sportsbook.fanduel.com/addToBetslip?marketId=42.472637297&selectionId=7700490,0.0,2025-01-07 22:50:27.186821+00:00
Low Hold,2.04,NBA,player_prop,Nikola Jokic - Assists,8.5,Denver Nuggets vs Boston Celtics,2025-01-08T03:10:00Z,Over (8.5),DraftKings,-105,8.5,50.26,https://sportsbook.draftkings.com/event/31622236,Under (8.5),Caesars,-103,8.5,49.74,https://sportsbook.caesars.com/us/{state}/bet/basketball/30042c07-9781-4bda-9884-7004eb8db403/boston-celtics-at-denver-nuggets,0.0,2025-01-07 22:50:27.186821+00:00
Low Hold,1.28,NBA,player_prop,Nikola Jokic - Assists,8.5,Denver Nuggets vs Boston Celtics,2025-01-08T03:10:00Z,Over (8.5),DraftKings,-105,8.5,50.63,https://sportsbook.draftkings.com/event/31622236,Under (8.5),BetMGM,100,8.5,49.37,https://sports.{state}.betmgm.com/en/sports/events/boston-celtics-at-denver-nuggets-16782637,0.0,2025-01-07 22:50:27.186821+00:00
Low Hold,1.28,NBA,player_prop,Nikola Jokic - Assists,8.5,Denver Nuggets vs Boston Celtics,2025-01-08T03:10:00Z,Over (8.5),DraftKings,-105,8.5,50.63,https://sportsbook.draftkings.com/event/31622236,Under (8.5),BetRivers,100,8.5,49.37,https://{state}.betrivers.com/?page=sportsbook#event/1021436141,0.0,2025-01-07 22:50:27.186821+00:00
Low Hold,0.65,NBA,player_prop,Russell Westbrook - Assists,7.5,Denver Nuggets vs Boston Celtics,2025-01-08T03:10:00Z,Over (7.5),FanDuel,112,7.5,46.87,https://sportsbook.fanduel.com/basketball/nba/boston-celtics-%40-denver-nuggets-33916122,Under (7.5),DraftKings,-115,7.5,53.13,https://sportsbook.draftkings.com/event/31622236,0.0,2025-01-07 22:50:27.186821+00:00
Low Hold,2.91,NBA,player_prop,Jamal Murray - Assists,5.5,Denver Nuggets vs Boston Celtics,2025-01-08T03:10:00Z,Over (5.5),Caesars,-128,5.5,54.59,https://sportsbook.caesars.com/us/{state}/bet/basketball/30042c07-9781-4bda-9884-7004eb8db403/boston-celtics-at-denver-nuggets,Under (5.5),FanDuel,114,5.5,45.41,https://sportsbook.fanduel.com/basketball/nba/boston-celtics-%40-denver-nuggets-33916122,0.0,2025-01-07 22:50:27.186821+00:00
Low Hold,2.69,NBA,player_prop,Jamal Murray - Assists,5.5,Denver Nuggets vs Boston Celtics,2025-01-08T03:10:00Z,Over (5.5),Caesars,-128,5.5,54.71,https://sportsbook.caesars.com/us/{state}/bet/basketball/30042c07-9781-4bda-9884-7004eb8db403/boston-celtics-at-denver-nuggets,Under (5.5),BetMGM,115,5.5,45.29,https://sports.{state}.betmgm.com/en/sports/events/boston-celtics-at-denver-nuggets-16782637,0.0,2025-01-07 22:50:27.186821+00:00
Low Hold,1.72,NBA,player_prop,Jamal Murray - Assists,6.5,Denver Nuggets vs Boston Celtics,2025-01-08T03:10:00Z,Over (6.5),Pinnacle,126,6.5,43.5,https://www.pinnacle.com/en/basketball/nba/boston-celtics-vs-denver-nuggets/1602665087/,Under (6.5),DraftKings,-135,6.5,56.5,https://sportsbook.draftkings.com/event/31622236,0.0,2025-01-07 22:50:27.186821+00:00
Low Hold,2.79,NBA,player_prop,Jayson Tatum - Assists,5.5,Denver Nuggets vs Boston Celtics,2025-01-08T03:10:00Z,Over (5.5),Caesars,116,5.5,45.04,https://sportsbook.caesars.com/us/{state}/bet/basketball/30042c07-9781-4bda-9884-7004eb8db403/boston-celtics-at-denver-nuggets,Under (5.5),FanDuel,-130,5.5,54.96,https://sportsbook.fanduel.com/basketball/nba/boston-celtics-%40-denver-nuggets-33916122,0.0,2025-01-07 22:50:27.186821+00:00
Low Hold,1.28,NBA,player_prop,Derrick White - Assists,4.5,Denver Nuggets vs Boston Celtics,2025-01-08T03:10:00Z,Over (4.5),Caesars,100,4.5,49.37,https://sportsbook.caesars.com/us/{state}/bet/basketball/30042c07-9781-4bda-9884-7004eb8db403/boston-celtics-at-denver-nuggets,Under (4.5),DraftKings,-105,4.5,50.63,https://sportsbook.draftkings.com/event/31622236,0.0,2025-01-07 22:50:27.186821+00:00
Low Hold,1.28,NBA,player_prop,Derrick White - Assists,4.5,Denver Nuggets vs Boston Celtics,2025-01-08T03:10:00Z,Over (4.5),BetMGM,100,4.5,49.37,https://sports.{state}.betmgm.com/en/sports/events/boston-celtics-at-denver-nuggets-16782637,Under (4.5),DraftKings,-105,4.5,50.63,https://sportsbook.draftkings.com/event/31622236,0.0,2025-01-07 22:50:27.186821+00:00
Low Hold,0.54,NBA,player_prop,Derrick White - Assists,4.5,Denver Nuggets vs Boston Celtics,2025-01-08T03:10:00Z,Over (4.5),Pinnacle,103,4.5,48.99,https://www.pinnacle.com/en/basketball/nba/boston-celtics-vs-denver-nuggets/1602665087/,Under (4.5),DraftKings,-105,4.5,51.01,https://sportsbook.draftkings.com/event/31622236,0.0,2025-01-07 22:50:27.186821+00:00
Low Hold,2.02,NBA,player_prop,Jaylen Brown - Assists,4.5,Denver Nuggets vs Boston Celtics,2025-01-08T03:10:00Z,Over (4.5),FanDuel,106,4.5,47.58,https://sportsbook.fanduel.com/basketball/nba/boston-celtics-%40-denver-nuggets-33916122,Under (4.5),DraftKings,-115,4.5,52.42,https://sportsbook.draftkings.com/event/31622236,0.0,2025-01-07 22:50:27.186821+00:00
Low Hold,0.2,NBA,player_prop,Jaylen Brown - Assists,4.5,Denver Nuggets vs Boston Celtics,2025-01-08T03:10:00Z,Over (4.5),BetRivers,114,4.5,46.63,https://{state}.betrivers.com/?page=sportsbook#event/1021436141,Under (4.5),DraftKings,-115,4.5,53.37,https://sportsbook.draftkings.com/event/31622236,0.0,2025-01-07 22:50:27.186821+00:00
Low Hold,2.91,NBA,player_prop,Jaylen Brown - Assists,4.5,Denver Nuggets vs Boston Celtics,2025-01-08T03:10:00Z,Over (4.5),BetRivers,114,4.5,45.41,https://{state}.betrivers.com/?page=sportsbook#event/1021436141,Under (4.5),Caesars,-128,4.5,54.59,https://sportsbook.caesars.com/us/{state}/bet/basketball/30042c07-9781-4bda-9884-7004eb8db403/boston-celtics-at-denver-nuggets,0.0,2025-01-07 22:50:27.186821+00:00
Low Hold,2.5,NBA,player_prop,Jaylen Brown - Assists,4.5,Denver Nuggets vs Boston Celtics,2025-01-08T03:10:00Z,Over (4.5),Pinnacle,104,4.5,47.83,https://www.pinnacle.com/en/basketball/nba/boston-celtics-vs-denver-nuggets/1602665087/,Under (4.5),DraftKings,-115,4.5,52.17,https://sportsbook.draftkings.com/event/31622236,0.0,2025-01-07 22:50:27.186821+00:00
Low Hold,2.98,NBA,player_prop,Jrue Holiday - Assists,4.5,Denver Nuggets vs Boston Celtics,2025-01-08T03:10:00Z,Over (4.5),Pinnacle,132,4.5,41.85,https://www.pinnacle.com/en/basketball/nba/boston-celtics-vs-denver-nuggets/1602665087/,Under (4.5),BetMGM,-149,4.5,58.15,https://sports.{state}.betmgm.com/en/sports/events/boston-celtics-at-denver-nuggets-16782637,0.0,2025-01-07 22:50:27.186821+00:00
Low Hold,1.81,NBA,player_prop,Jayson Tatum - Points,26.5,Denver Nuggets vs Boston Celtics,2025-01-08T03:10:00Z,Over (26.5),Caesars,-120,26.5,53.67,https://sportsbook.caesars.com/us/{state}/bet/basketball/30042c07-9781-4bda-9884-7004eb8db403/boston-celtics-at-denver-nuggets,Under (26.5),BetRivers,112,26.5,46.33,https://{state}.betrivers.com/?page=sportsbook#event/1021436141,0.0,2025-01-07 22:50:27.186821+00:00
Low Hold,1.81,NBA,player_prop,Jayson Tatum - Points,26.5,Denver Nuggets vs Boston Celtics,2025-01-08T03:10:00Z,Over (26.5),BetMGM,-120,26.5,53.67,https://sports.{state}.betmgm.com/en/sports/events/boston-celtics-at-denver-nuggets-16782637,Under (26.5),BetRivers,112,26.5,46.33,https://{state}.betrivers.com/?page=sportsbook#event/1021436141,0.0,2025-01-07 22:50:27.186821+00:00
Low Hold,2.98,NBA,player_prop,Michael Porter Jr - Points,17.5,Denver Nuggets vs Boston Celtics,2025-01-08T03:10:00Z,Over (17.5),FanDuel,-115,17.5,51.93,https://sportsbook.fanduel.com/basketball/nba/boston-celtics-%40-denver-nuggets-33916122,Under (17.5),BetRivers,102,17.5,48.07,https://{state}.betrivers.com/?page=sportsbook#event/1021436141,0.0,2025-01-07 22:50:27.186821+00:00
Low Hold,2.3,NBA,player_prop,Christian Braun - Points,11.5,Denver Nuggets vs Boston Celtics,2025-01-08T03:10:00Z,Over (11.5),BetRivers,-104,11.5,49.87,https://{state}.betrivers.com/?page=sportsbook#event/1021436141,Under (11.5),DraftKings,-105,11.5,50.13,https://sportsbook.draftkings.com/event/31622236,0.0,2025-01-07 22:50:27.186821+00:00
Low Hold,2.84,NBA,player_prop,Derrick White - PRA,23.5,Denver Nuggets vs Boston Celtics,2025-01-08T03:10:00Z,Over (23.5),Pinnacle,-109,23.5,50.64,https://www.pinnacle.com/en/basketball/nba/boston-celtics-vs-denver-nuggets/1602665087/,Under (23.5),Caesars,-103,23.5,49.36,https://sportsbook.caesars.com/us/{state}/bet/basketball/30042c07-9781-4bda-9884-7004eb8db403/boston-celtics-at-denver-nuggets,0.0,2025-01-07 22:50:27.186821+00:00
Low Hold,2.87,NBA,player_prop,Kristaps Porzingis - Rebounds,6.5,Denver Nuggets vs Boston Celtics,2025-01-08T03:10:00Z,Over (6.5),BetRivers,-123,6.5,53.71,https://{state}.betrivers.com/?page=sportsbook#event/1021436141,Under (6.5),DraftKings,110,6.5,46.29,https://sportsbook.draftkings.com/event/31622236,0.0,2025-01-07 22:50:27.186821+00:00
Low Hold,0.29,NBA,player_prop,Kristaps Porzingis - Rebounds,6.5,Denver Nuggets vs Boston Celtics,2025-01-08T03:10:00Z,Over (6.5),BetRivers,-123,6.5,55.09,https://{state}.betrivers.com/?page=sportsbook#event/1021436141,Under (6.5),Pinnacle,122,6.5,44.91,https://www.pinnacle.com/en/basketball/nba/boston-celtics-vs-denver-nuggets/1602665087/,0.0,2025-01-07 22:50:27.186821+00:00
Low Hold,1.26,NBA,player_prop,Jaylen Brown - Rebounds,4.5,Denver Nuggets vs Boston Celtics,2025-01-08T03:10:00Z,Over (4.5),BetMGM,-154,4.5,59.85,https://sports.{state}.betmgm.com/en/sports/events/boston-celtics-at-denver-nuggets-16782637,Under (4.5),Caesars,146,4.5,40.15,https://sportsbook.caesars.com/us/{state}/bet/basketball/30042c07-9781-4bda-9884-7004eb8db403/boston-celtics-at-denver-nuggets,0.0,2025-01-07 22:50:27.186821+00:00
Low Hold,2.07,NBA,player_prop,Russell Westbrook - Rebounds,5.5,Denver Nuggets vs Boston Celtics,2025-01-08T03:10:00Z,Over (5.5),BetMGM,115,5.5,45.57,https://sports.{state}.betmgm.com/en/sports/events/boston-celtics-at-denver-nuggets-16782637,Under (5.5),DraftKings,-125,5.5,54.43,https://sportsbook.draftkings.com/event/31622236,0.0,2025-01-07 22:50:27.186821+00:00
Low Hold,2.69,NBA,player_prop,Russell Westbrook - Rebounds,5.5,Denver Nuggets vs Boston Celtics,2025-01-08T03:10:00Z,Over (5.5),BetMGM,115,5.5,45.29,https://sports.{state}.betmgm.com/en/sports/events/boston-celtics-at-denver-nuggets-16782637,Under (5.5),FanDuel,-128,5.5,54.71,https://sportsbook.fanduel.com/basketball/nba/boston-celtics-%40-denver-nuggets-33916122,0.0,2025-01-07 22:50:27.186821+00:00
Arbitrage,-0.98,NBA,player_prop,Christian Braun - Rebounds,4.5,Denver Nuggets vs Boston Celtics,2025-01-08T03:10:00Z,Over (4.5),FanDuel,104,4.5,49.5,https://sportsbook.fanduel.com/basketball/nba/boston-celtics-%40-denver-nuggets-33916122,Under (4.5),DraftKings,100,4.5,50.5,https://sportsbook.draftkings.com/event/31622236,0.99,2025-01-07 22:50:27.186821+00:00
Low Hold,2.3,NBA,player_prop,Jamal Murray - Rebounds,3.5,Denver Nuggets vs Boston Celtics,2025-01-08T03:10:00Z,Over (3.5),Caesars,-143,3.5,57.5,https://sportsbook.caesars.com/us/{state}/bet/basketball/30042c07-9781-4bda-9884-7004eb8db403/boston-celtics-at-denver-nuggets,Under (3.5),FanDuel,130,3.5,42.5,https://sportsbook.fanduel.com/basketball/nba/boston-celtics-%40-denver-nuggets-33916122,0.0,2025-01-07 22:50:27.186821+00:00
Low Hold,2.65,NBA,player_prop,Jamal Murray - Rebounds,3.5,Denver Nuggets vs Boston Celtics,2025-01-08T03:10:00Z,Over (3.5),BetMGM,-145,3.5,57.64,https://sports.{state}.betmgm.com/en/sports/events/boston-celtics-at-denver-nuggets-16782637,Under (3.5),FanDuel,130,3.5,42.36,https://sportsbook.fanduel.com/basketball/nba/boston-celtics-%40-denver-nuggets-33916122,0.0,2025-01-07 22:50:27.186821+00:00
Low Hold,0.95,NBA,player_prop,Jamal Murray - Rebounds,3.5,Denver Nuggets vs Boston Celtics,2025-01-08T03:10:00Z,Over (3.5),BetRivers,-135,3.5,56.93,https://{state}.betrivers.com/?page=sportsbook#event/1021436141,Under (3.5),FanDuel,130,3.5,43.07,https://sportsbook.fanduel.com/basketball/nba/boston-celtics-%40-denver-nuggets-33916122,0.0,2025-01-07 22:50:27.186821+00:00
Low Hold,2.36,NBA,player_prop,Jayson Tatum - 3-Pointers Made,3.5,Denver Nuggets vs Boston Celtics,2025-01-08T03:10:00Z,Over (3.5),Pinnacle,-110,3.5,51.15,https://www.pinnacle.com/en/basketball/nba/boston-celtics-vs-denver-nuggets/1602665087/,Under (3.5),DraftKings,100,3.5,48.85,https://sportsbook.draftkings.com/event/31622236,0.0,2025-01-07 22:50:27.186821+00:00
Low Hold,1.86,NBA,player_prop,Jayson Tatum - 3-Pointers Made,3.5,Denver Nuggets vs Boston Celtics,2025-01-08T03:10:00Z,Over (3.5),Pinnacle,-110,3.5,51.4,https://www.pinnacle.com/en/basketball/nba/boston-celtics-vs-denver-nuggets/1602665087/,Under (3.5),FanDuel,102,3.5,48.6,https://sportsbook.fanduel.com/basketball/nba/boston-celtics-%40-denver-nuggets-33916122,0.0,2025-01-07 22:50:27.186821+00:00
Low Hold,2.63,NBA,player_prop,Derrick White - 3-Pointers Made,3.5,Denver Nuggets vs Boston Celtics,2025-01-08T03:10:00Z,Over (3.5),Pinnacle,132,3.5,42.0,https://www.pinnacle.com/en/basketball/nba/boston-celtics-vs-denver-nuggets/1602665087/,Under (3.5),Caesars,-147,3.5,58.0,https://sportsbook.caesars.com/us/{state}/bet/basketball/30042c07-9781-4bda-9884-7004eb8db403/boston-celtics-at-denver-nuggets,0.0,2025-01-07 22:50:27.186821+00:00
Low Hold,2.79,NBA,player_prop,Michael Porter Jr - 3-Pointers Made,2.5,Denver Nuggets vs Boston Celtics,2025-01-08T03:10:00Z,Over (2.5),DraftKings,-130,2.5,54.96,https://sportsbook.draftkings.com/event/31622236,Under (2.5),Caesars,116,2.5,45.04,https://sportsbook.caesars.com/us/{state}/bet/basketball/30042c07-9781-4bda-9884-7004eb8db403/boston-celtics-at-denver-nuggets,0.0,2025-01-07 22:50:27.186821+00:00
Low Hold,2.58,NBA,player_prop,Michael Porter Jr - 3-Pointers Made,2.5,Denver Nuggets vs Boston Celtics,2025-01-08T03:10:00Z,Over (2.5),DraftKings,-130,2.5,55.08,https://sportsbook.draftkings.com/event/31622236,Under (2.5),BetRivers,117,2.5,44.92,https://{state}.betrivers.com/?page=sportsbook#event/1021436141,0.0,2025-01-07 22:50:27.186821+00:00
Low Hold,2.79,NBA,player_prop,Michael Porter Jr - 3-Pointers Made,2.5,Denver Nuggets vs Boston Celtics,2025-01-08T03:10:00Z,Over (2.5),BetMGM,-130,2.5,54.96,https://sports.{state}.betmgm.com/en/sports/events/boston-celtics-at-denver-nuggets-16782637,Under (2.5),Caesars,116,2.5,45.04,https://sportsbook.caesars.com/us/{state}/bet/basketball/30042c07-9781-4bda-9884-7004eb8db403/boston-celtics-at-denver-nuggets,0.0,2025-01-07 22:50:27.186821+00:00
Low Hold,2.58,NBA,player_prop,Michael Porter Jr - 3-Pointers Made,2.5,Denver Nuggets vs Boston Celtics,2025-01-08T03:10:00Z,Over (2.5),BetMGM,-130,2.5,55.08,https://sports.{state}.betmgm.com/en/sports/events/boston-celtics-at-denver-nuggets-16782637,Under (2.5),BetRivers,117,2.5,44.92,https://{state}.betrivers.com/?page=sportsbook#event/1021436141,0.0,2025-01-07 22:50:27.186821+00:00
Low Hold,1.72,NBA,player_prop,Jamal Murray - 3-Pointers Made,2.5,Denver Nuggets vs Boston Celtics,2025-01-08T03:10:00Z,Over (2.5),FanDuel,126,2.5,43.5,https://sportsbook.fanduel.com/basketball/nba/boston-celtics-%40-denver-nuggets-33916122,Under (2.5),DraftKings,-135,2.5,56.5,https://sportsbook.draftkings.com/event/31622236,0.0,2025-01-07 22:50:27.186821+00:00
Low Hold,2.52,NBA,player_prop,Jamal Murray - 3-Pointers Made,2.5,Denver Nuggets vs Boston Celtics,2025-01-08T03:10:00Z,Over (2.5),Pinnacle,122,2.5,43.94,https://www.pinnacle.com/en/basketball/nba/boston-celtics-vs-denver-nuggets/1602665087/,Under (2.5),DraftKings,-135,2.5,56.06,https://sportsbook.draftkings.com/event/31622236,0.0,2025-01-07 22:50:27.186821+00:00
Low Hold,2.84,NBA,player_prop,Jrue Holiday - 3-Pointers Made,1.5,Denver Nuggets vs Boston Celtics,2025-01-08T03:10:00Z,Over (1.5),DraftKings,-145,1.5,57.54,https://sportsbook.draftkings.com/event/31622236,Under (1.5),Pinnacle,129,1.5,42.46,https://www.pinnacle.com/en/basketball/nba/boston-celtics-vs-denver-nuggets/1602665087/,0.0,2025-01-07 22:50:27.186821+00:00
Low Hold,1.47,NBA,h2h,,,Golden State Warriors vs Miami Heat,2025-01-08T03:10:00Z,Golden State Warriors,BetRivers,-370,,77.6,https://{state}.betrivers.com/?page=sportsbook#event/1021436137?coupon={pickType}|3608016568|{wagerAmount},Miami Heat,BetMGM,340,,22.4,https://sports.{state}.betmgm.com/en/sports?options=16782638-1218103696--816668281&type=Single,0.0,2025-01-07 22:50:27.186821+00:00
Low Hold,2.82,NBA,alternate_spreads,,-32.5,Golden State Warriors vs Miami Heat,2025-01-08T03:10:00Z,Golden State Warriors,FanDuel,1400,-32.5,6.48,https://sportsbook.fanduel.com/addToBetslip?marketId=42.472636395&selectionId=7949828,Miami Heat,DraftKings,-2500,32.5,93.52,https://sportsbook.draftkings.com/event/31622237?outcomes=0HC78190576P3250_3,0.0,2025-01-07 22:50:27.186821+00:00
Low Hold,0.61,NBA,alternate_spreads,,-12.5,Golden State Warriors vs Miami Heat,2025-01-08T03:10:00Z,Golden State Warriors,BetRivers,150,-12.5,39.76,https://{state}.betrivers.com/?page=sportsbook#event/1021436137?coupon={pickType}|3608284349|{wagerAmount},Miami Heat,BetMGM,-154,12.5,60.24,https://sports.{state}.betmgm.com/en/sports?options=16782638-1227313135--792982290&type=Single,0.0,2025-01-07 22:50:27.186821+00:00
Low Hold,2.59,NBA,alternate_spreads,,-27.5,Golden State Warriors vs Miami Heat,2025-01-08T03:10:00Z,Golden State Warriors,FanDuel,900,-27.5,9.75,https://sportsbook.fanduel.com/addToBetslip?marketId=42.472636395&selectionId=7889049,Miami Heat,DraftKings,-1250,27.5,90.25,https://sportsbook.draftkings.com/event/31622237?outcomes=0HC78190576P2750_3,0.0,2025-01-07 22:50:27.186821+00:00
Low Hold,2.38,NBA,alternate_spreads,,-14.5,Golden State Warriors vs Miami Heat,2025-01-08T03:10:00Z,Golden State Warriors,DraftKings,180,-14.5,34.88,https://sportsbook.draftkings.com/event/31622237?outcomes=0HC78190576N1450_1,Miami Heat,BetMGM,-200,14.5,65.12,https://sports.{state}.betmgm.com/en/sports?options=16782638-1227421024--792694055&type=Single,0.0,2025-01-07 22:50:27.186821+00:00
Low Hold,2.2,NBA,alternate_spreads,,-3.5,Golden State Warriors vs Miami Heat,2025-01-08T03:10:00Z,Golden State Warriors,FanDuel,-250,-3.5,69.89,https://sportsbook.fanduel.com/addToBetslip?marketId=42.472636395&selectionId=7889102,Miami Heat,BetMGM,225,3.5,30.11,https://sports.{state}.betmgm.com/en/sports?options=16782638-1227254201--793132832&type=Single,0.0,2025-01-07 22:50:27.186821+00:00
Low Hold,2.97,NBA,alternate_spreads,,-2.5,Golden State Warriors vs Miami Heat,2025-01-08T03:10:00Z,Golden State Warriors,FanDuel,-303,-2.5,73.02,https://sportsbook.fanduel.com/addToBetslip?marketId=42.472636395&selectionId=7889116,Miami Heat,BetMGM,260,2.5,26.98,https://sports.{state}.betmgm.com/en/sports?options=16782638-1227254238--793132748&type=Single,0.0,2025-01-07 22:50:27.186821+00:00
Low Hold,2.56,NBA,alternate_spreads,,-1.5,Golden State Warriors vs Miami Heat,2025-01-08T03:10:00Z,Golden State Warriors,FanDuel,-333,-1.5,75.0,https://sportsbook.fanduel.com/addToBetslip?marketId=42.472636395&selectionId=7889045,Miami Heat,BetMGM,290,1.5,25.0,https://sports.{state}.betmgm.com/en/sports?options=16782638-1227254224--793132768&type=Single,0.0,2025-01-07 22:50:27.186821+00:00
Low Hold,2.08,NBA,alternate_spreads,,-7.5,Golden State Warriors vs Miami Heat,2025-01-08T03:10:00Z,Golden State Warriors,FanDuel,-147,-7.5,58.31,https://sportsbook.fanduel.com/addToBetslip?marketId=42.472636395&selectionId=7889019,Miami Heat,BetMGM,135,7.5,41.69,https://sports.{state}.betmgm.com/en/sports?options=16782638-1227254199--793132830&type=Single,0.0,2025-01-07 22:50:27.186821+00:00
Low Hold,2.11,NBA,alternate_spreads,,-6.5,Golden State Warriors vs Miami Heat,2025-01-08T03:10:00Z,Golden State Warriors,FanDuel,-164,-6.5,60.83,https://sportsbook.fanduel.com/addToBetslip?marketId=42.472636395&selectionId=7889115,Miami Heat,BetMGM,150,6.5,39.17,https://sports.{state}.betmgm.com/en/sports?options=16782638-1227254212--793132809&type=Single,0.0,2025-01-07 22:50:27.186821+00:00
Low Hold,1.97,NBA,alternate_spreads,,-5.5,Golden State Warriors vs Miami Heat,2025-01-08T03:10:00Z,Golden State Warriors,FanDuel,-185,-5.5,63.68,https://sportsbook.fanduel.com/addToBetslip?marketId=42.472636395&selectionId=7815464,Miami Heat,BetMGM,170,5.5,36.32,https://sports.{state}.betmgm.com/en/sports?options=16782638-1227254191--793132848&type=Single,0.0,2025-01-07 22:50:27.186821+00:00
Low Hold,2.78,NBA,alternate_spreads,,-4.5,Golden State Warriors vs Miami Heat,2025-01-08T03:10:00Z,Golden State Warriors,FanDuel,-227,-4.5,67.57,https://sportsbook.fanduel.com/addToBetslip?marketId=42.472636395&selectionId=7889313,Miami Heat,BetMGM,200,4.5,32.43,https://sports.{state}.betmgm.com/en/sports?options=16782638-1227254239--793132730&type=Single,0.0,2025-01-07 22:50:27.186821+00:00
Low Hold,2.26,NBA,alternate_spreads,,-8.5,Golden State Warriors vs Miami Heat,2025-01-08T03:10:00Z,Golden State Warriors,BetRivers,-120,-8.5,53.44,https://{state}.betrivers.com/?page=sportsbook#event/1021436137?coupon={pickType}|3608068910|{wagerAmount},Miami Heat,BetMGM,110,8.5,46.56,https://sports.{state}.betmgm.com/en/sports?options=16782638-1227254228--793132765&type=Single,0.0,2025-01-07 22:50:27.186821+00:00
Low Hold,2.16,NBA,alternate_spreads,,-13.5,Golden State Warriors vs Miami Heat,2025-01-08T03:10:00Z,Golden State Warriors,DraftKings,160,-13.5,37.65,https://sportsbook.draftkings.com/event/31622237?outcomes=0HC78190576N1350_1,Miami Heat,BetMGM,-175,13.5,62.35,https://sports.{state}.betmgm.com/en/sports?options=16782638-1227409000--792726113&type=Single,0.0,2025-01-07 22:50:27.186821+00:00
Low Hold,1.16,NBA,alternate_spreads,,-10.5,Golden State Warriors vs Miami Heat,2025-01-08T03:10:00Z,Golden State Warriors,BetRivers,115,-10.5,45.98,https://{state}.betrivers.com/?page=sportsbook#event/1021436137?coupon={pickType}|3608284220|{wagerAmount},Miami Heat,BetMGM,-120,10.5,54.02,https://sports.{state}.betmgm.com/en/sports?options=16782638-1227254186--793132857&type=Single,0.0,2025-01-07 22:50:27.186821+00:00
Low Hold,2.59,NBA,alternate_spreads,,-25.5,Golden State Warriors vs Miami Heat,2025-01-08T03:10:00Z,Golden State Warriors,FanDuel,700,-25.5,12.18,https://sportsbook.fanduel.com/addToBetslip?marketId=42.472636395&selectionId=7901390,Miami Heat,DraftKings,-909,25.5,87.82,https://sportsbook.draftkings.com/event/31622237?outcomes=0HC78190576P2550_3,0.0,2025-01-07 22:50:27.186821+00:00
Low Hold,1.58,NBA,alternate_spreads,,-11.5,Golden State Warriors vs Miami Heat,2025-01-08T03:10:00Z,Golden State Warriors,BetRivers,132,-11.5,42.43,https://{state}.betrivers.com/?page=sportsbook#event/1021436137?coupon={pickType}|3608284270|{wagerAmount},Miami Heat,BetMGM,-141,11.5,57.57,https://sports.{state}.betmgm.com/en/sports?options=16782638-1227254244--793132710&type=Single,0.0,2025-01-07 22:50:27.186821+00:00
Low Hold,2.98,NBA,alternate_spreads,,-26.5,Golden State Warriors vs Miami Heat,2025-01-08T03:10:00Z,Golden State Warriors,FanDuel,790,-26.5,10.91,https://sportsbook.fanduel.com/addToBetslip?marketId=42.472636395&selectionId=7888995,Miami Heat,DraftKings,-1111,26.5,89.09,https://sportsbook.draftkings.com/event/31622237?outcomes=0HC78190576P2650_3,0.0,2025-01-07 22:50:27.186821+00:00
Low Hold,2.68,NBA,alternate_spreads,,-16.5,Golden State Warriors vs Miami Heat,2025-01-08T03:10:00Z,Golden State Warriors,DraftKings,220,-16.5,30.43,https://sportsbook.draftkings.com/event/31622237?outcomes=0HC78190576N1650_1,Miami Heat,BetMGM,-250,16.5,69.57,https://sports.{state}.betmgm.com/en/sports?options=16782638-1227634647--792116098&type=Single,0.0,2025-01-07 22:50:27.186821+00:00
Low Hold,2.72,NBA,alternate_spreads,,-28.5,Golden State Warriors vs Miami Heat,2025-01-08T03:10:00Z,Golden State Warriors,FanDuel,980,-28.5,9.01,https://sportsbook.fanduel.com/addToBetslip?marketId=42.472636395&selectionId=7901349,Miami Heat,DraftKings,-1429,28.5,90.99,https://sportsbook.draftkings.com/event/31622237?outcomes=0HC78190576P2850_3,0.0,2025-01-07 22:50:27.186821+00:00
Low Hold,1.97,NBA,alternate_spreads,,1.5,Golden State Warriors vs Miami Heat,2025-01-08T03:10:00Z,Golden State Warriors,FanDuel,-455,1.5,80.39,https://sportsbook.fanduel.com/addToBetslip?marketId=42.472636395&selectionId=7889087,Miami Heat,BetMGM,400,-1.5,19.61,https://sports.{state}.betmgm.com/en/sports?options=16782638-1227634607--792116233&type=Single,0.0,2025-01-07 22:50:27.186821+00:00
Low Hold,2.36,NBA,alternate_spreads,,-9.5,Golden State Warriors vs Miami Heat,2025-01-08T03:10:00Z,Golden State Warriors,BetRivers,100,-9.5,48.85,https://{state}.betrivers.com/?page=sportsbook#event/1021436137?coupon={pickType}|3608096247|{wagerAmount},Miami Heat,FanDuel,-110,9.5,51.15,https://sportsbook.fanduel.com/addToBetslip?marketId=42.472636395&selectionId=7883709,0.0,2025-01-07 22:50:27.186821+00:00
Low Hold,2.51,NBA,alternate_totals,,205.5,Golden State Warriors vs Miami Heat,2025-01-08T03:10:00Z,Over,DraftKings,-278,205.5,71.73,https://sportsbook.draftkings.com/event/31622237?outcomes=0OU78190576O20550_1,Under,BetRivers,245,205.5,28.27,https://{state}.betrivers.com/?page=sportsbook#event/1021436137?coupon={pickType}|3608284245|{wagerAmount},0.0,2025-01-07 22:50:27.186821+00:00
Low Hold,2.66,NBA,alternate_totals,,208.5,Golden State Warriors vs Miami Heat,2025-01-08T03:10:00Z,Over,FanDuel,-208,208.5,65.82,https://sportsbook.fanduel.com/addToBetslip?marketId=42.472636417&selectionId=7712036,Under,BetMGM,185,208.5,34.18,https://sports.{state}.betmgm.com/en/sports?options=16782638-1227634414--792116632&type=Single,0.0,2025-01-07 22:50:27.186821+00:00
Low Hold,1.7,NBA,h2h_q2,,,Golden State Warriors vs Miami Heat,2025-01-08T03:10:00Z,Golden State Warriors,DraftKings,-185,,63.85,https://sportsbook.draftkings.com/event/31622237?outcomes=0ML78194499_1,Miami Heat,FanDuel,172,,36.15,https://sportsbook.fanduel.com/addToBetslip?marketId=42.472636371&selectionId=237486,0.0,2025-01-07 22:50:27.186821+00:00
Low Hold,2.4,NBA,h2h_q3,,,Golden State Warriors vs Miami Heat,2025-01-08T03:10:00Z,Golden State Warriors,FanDuel,-189,,63.83,https://sportsbook.fanduel.com/addToBetslip?marketId=42.472636372&selectionId=237493,Miami Heat,DraftKings,170,,36.17,https://sportsbook.draftkings.com/event/31622237?outcomes=0ML78194500_3,0.0,2025-01-07 22:50:27.186821+00:00
Low Hold,1.14,NBA,h2h_q4,,,Golden State Warriors vs Miami Heat,2025-01-08T03:10:00Z,Golden State Warriors,FanDuel,-130,,55.86,https://sportsbook.fanduel.com/addToBetslip?marketId=42.472636373&selectionId=237493,Miami Heat,DraftKings,124,,44.14,https://sportsbook.draftkings.com/event/31622237?outcomes=0ML78194501_3,0.0,2025-01-07 22:50:27.186821+00:00
Low Hold,2.4,NBA,h2h_h1,,,Golden State Warriors vs Miami Heat,2025-01-08T03:10:00Z,Golden State Warriors,DraftKings,-270,,71.28,https://sportsbook.draftkings.com/event/31622237?outcomes=0ML78194502_1,Miami Heat,BetMGM,240,,28.72,https://sports.{state}.betmgm.com/en/sports?options=16782638-1227634366--792116759&type=Single,0.0,2025-01-07 22:50:27.186821+00:00
Low Hold,1.81,NBA,totals_h1,,110.0,Golden State Warriors vs Miami Heat,2025-01-08T03:10:00Z,Over,Caesars,100,110.0,49.11,https://sportsbook.caesars.com/us/{state}/bet/betslip?selectionIds=17d7e5d2-d23a-33ea-958c-5de7c473862c,Under,DraftKings,-108,110.0,50.89,https://sportsbook.draftkings.com/event/31622237?outcomes=0OU78194502U11000_3,0.0,2025-01-07 22:50:27.186821+00:00
Low Hold,2.86,NBA,alternate_spreads_q1,,-6.5,Golden State Warriors vs Miami Heat,2025-01-08T03:10:00Z,Golden State Warriors,BetMGM,195,-6.5,32.95,https://sports.{state}.betmgm.com/en/sports?options=16782638-1227634381--792116680&type=Single,Miami Heat,DraftKings,-222,6.5,67.05,https://sportsbook.draftkings.com/event/31622237?outcomes=0HC78194511P650_3,0.0,2025-01-07 22:50:27.186821+00:00
Low Hold,2.78,NBA,alternate_spreads_h1,,-10.5,Golden State Warriors vs Miami Heat,2025-01-08T03:10:00Z,Golden State Warriors,BetMGM,200,-10.5,32.43,https://sports.{state}.betmgm.com/en/sports?options=16782638-1227634464--792116549&type=Single,Miami Heat,FanDuel,-227,10.5,67.57,https://sportsbook.fanduel.com/addToBetslip?marketId=42.472636412&selectionId=7883674,0.0,2025-01-07 22:50:27.186821+00:00
Low Hold,2.58,NBA,alternate_spreads_h1,,-7.5,Golden State Warriors vs Miami Heat,2025-01-08T03:10:00Z,Golden State Warriors,BetMGM,125,-7.5,43.32,https://sports.{state}.betmgm.com/en/sports?options=16782638-1227634392--792116719&type=Single,Miami Heat,FanDuel,-139,7.5,56.68,https://sportsbook.fanduel.com/addToBetslip?marketId=42.472636412&selectionId=7883735,0.0,2025-01-07 22:50:27.186821+00:00
Low Hold,1.55,NBA,alternate_spreads_h1,,-9.5,Golden State Warriors vs Miami Heat,2025-01-08T03:10:00Z,Golden State Warriors,BetMGM,170,-9.5,36.47,https://sports.{state}.betmgm.com/en/sports?options=16782638-1227634427--792116617&type=Single,Miami Heat,FanDuel,-182,9.5,63.53,https://sportsbook.fanduel.com/addToBetslip?marketId=42.472636412&selectionId=7883709,0.0,2025-01-07 22:50:27.186821+00:00
Low Hold,2.54,NBA,alternate_spreads_h1,,-8.5,Golden State Warriors vs Miami Heat,2025-01-08T03:10:00Z,Golden State Warriors,BetMGM,145,-8.5,39.8,https://sports.{state}.betmgm.com/en/sports?options=16782638-1227634350--792116764&type=Single,Miami Heat,FanDuel,-161,8.5,60.2,https://sportsbook.fanduel.com/addToBetslip?marketId=42.472636412&selectionId=7883699,0.0,2025-01-07 22:50:27.186821+00:00
Low Hold,1.37,NBA,player_prop,Dennis Schroder - Assists,5.5,Golden State Warriors vs Miami Heat,2025-01-08T03:10:00Z,Over (5.5),DraftKings,114,5.5,46.1,https://sportsbook.draftkings.com/event/31622237,Under (5.5),Caesars,-120,5.5,53.9,https://sportsbook.caesars.com/us/{state}/bet/basketball/b8b4d563-863e-4b81-9de5-655b08ef88c8/miami-heat-at-golden-state-warriors,0.0,2025-01-07 22:50:27.186821+00:00
Low Hold,2.28,NBA,player_prop,Dennis Schroder - Assists,5.5,Golden State Warriors vs Miami Heat,2025-01-08T03:10:00Z,Over (5.5),DraftKings,114,5.5,45.69,https://sportsbook.draftkings.com/event/31622237,Under (5.5),BetMGM,-125,5.5,54.31,https://sports.{state}.betmgm.com/en/sports/events/miami-heat-at-golden-state-warriors-16782638,0.0,2025-01-07 22:50:27.186821+00:00
Low Hold,0.94,NBA,player_prop,Dennis Schroder - Assists,5.5,Golden State Warriors vs Miami Heat,2025-01-08T03:10:00Z,Over (5.5),FanDuel,116,5.5,45.86,https://sportsbook.fanduel.com/basketball/nba/miami-heat-%40-golden-state-warriors-33916123,Under (5.5),Caesars,-120,5.5,54.14,https://sportsbook.caesars.com/us/{state}/bet/basketball/b8b4d563-863e-4b81-9de5-655b08ef88c8/miami-heat-at-golden-state-warriors,0.0,2025-01-07 22:50:27.186821+00:00
Low Hold,1.85,NBA,player_prop,Dennis Schroder - Assists,5.5,Golden State Warriors vs Miami Heat,2025-01-08T03:10:00Z,Over (5.5),FanDuel,116,5.5,45.45,https://sportsbook.fanduel.com/basketball/nba/miami-heat-%40-golden-state-warriors-33916123,Under (5.5),BetMGM,-125,5.5,54.55,https://sports.{state}.betmgm.com/en/sports/events/miami-heat-at-golden-state-warriors-16782638,0.0,2025-01-07 22:50:27.186821+00:00
Low Hold,2.72,NBA,player_prop,Dennis Schroder - Assists,5.5,Golden State Warriors vs Miami Heat,2025-01-08T03:10:00Z,Over (5.5),BetRivers,108,5.5,46.8,https://{state}.betrivers.com/?page=sportsbook#event/1021436137,Under (5.5),Caesars,-120,5.5,53.2,https://sportsbook.caesars.com/us/{state}/bet/basketball/b8b4d563-863e-4b81-9de5-655b08ef88c8/miami-heat-at-golden-state-warriors,0.0,2025-01-07 22:50:27.186821+00:00
Low Hold,2.45,NBA,player_prop,Terry Rozier - Assists,3.5,Golden State Warriors vs Miami Heat,2025-01-08T03:10:00Z,Over (3.5),Pinnacle,139,3.5,40.84,https://www.pinnacle.com/en/basketball/nba/miami-heat-vs-golden-state-warriors/1602665088/,Under (3.5),DraftKings,-154,3.5,59.16,https://sportsbook.draftkings.com/event/31622237,0.0,2025-01-07 22:50:27.186821+00:00
Low Hold,2.83,NBA,player_prop,Tyler Herro - Points,22.5,Golden State Warriors vs Miami Heat,2025-01-08T03:10:00Z,Over (22.5),Caesars,-106,22.5,50.13,https://sportsbook.caesars.com/us/{state}/bet/basketball/b8b4d563-863e-4b81-9de5-655b08ef88c8/miami-heat-at-golden-state-warriors,Under (22.5),DraftKings,-105,22.5,49.87,https://sportsbook.draftkings.com/event/31622237,0.0,2025-01-07 22:50:27.186821+00:00
Low Hold,2.05,NBA,player_prop,Terry Rozier - Points,14.5,Golden State Warriors vs Miami Heat,2025-01-08T03:10:00Z,Over (14.5),BetRivers,118,14.5,44.95,https://{state}.betrivers.com/?page=sportsbook#event/1021436137,Under (14.5),Caesars,-128,14.5,55.05,https://sportsbook.caesars.com/us/{state}/bet/basketball/b8b4d563-863e-4b81-9de5-655b08ef88c8/miami-heat-at-golden-state-warriors,0.0,2025-01-07 22:50:27.186821+00:00
Low Hold,2.02,NBA,player_prop,Dennis Schroder - Points,13.5,Golden State Warriors vs Miami Heat,2025-01-08T03:10:00Z,Over (13.5),BetRivers,106,13.5,47.58,https://{state}.betrivers.com/?page=sportsbook#event/1021436137,Under (13.5),DraftKings,-115,13.5,52.42,https://sportsbook.draftkings.com/event/31622237,0.0,2025-01-07 22:50:27.186821+00:00
Low Hold,2.6,NBA,player_prop,Dennis Schroder - Points,13.5,Golden State Warriors vs Miami Heat,2025-01-08T03:10:00Z,Over (13.5),BetRivers,106,13.5,47.31,https://{state}.betrivers.com/?page=sportsbook#event/1021436137,Under (13.5),Caesars,-118,13.5,52.69,https://sportsbook.caesars.com/us/{state}/bet/basketball/b8b4d563-863e-4b81-9de5-655b08ef88c8/miami-heat-at-golden-state-warriors,0.0,2025-01-07 22:50:27.186821+00:00
Low Hold,2.5,NBA,player_prop,Stephen Curry - PRA,36.5,Golden State Warriors vs Miami Heat,2025-01-08T03:10:00Z,Over (36.5),Caesars,104,36.5,47.83,https://sportsbook.caesars.com/us/{state}/bet/basketball/b8b4d563-863e-4b81-9de5-655b08ef88c8/miami-heat-at-golden-state-warriors,Under (36.5),BetMGM,-115,36.5,52.17,https://sports.{state}.betmgm.com/en/sports/events/miami-heat-at-golden-state-warriors-16782638,0.0,2025-01-07 22:50:27.186821+00:00
Low Hold,1.64,NBA,player_prop,Dennis Schroder - PRA,22.5,Golden State Warriors vs Miami Heat,2025-01-08T03:10:00Z,Over (22.5),Pinnacle,117,22.5,45.34,https://www.pinnacle.com/en/basketball/nba/miami-heat-vs-golden-state-warriors/1602665088/,Under (22.5),DraftKings,-125,22.5,54.66,https://sportsbook.draftkings.com/event/31622237,0.0,2025-01-07 22:50:27.186821+00:00
Low Hold,1.01,NBA,player_prop,Draymond Green - PRA,22.5,Golden State Warriors vs Miami Heat,2025-01-08T03:10:00Z,Over (22.5),Caesars,120,22.5,45.0,https://sportsbook.caesars.com/us/{state}/bet/basketball/b8b4d563-863e-4b81-9de5-655b08ef88c8/miami-heat-at-golden-state-warriors,Under (22.5),BetMGM,-125,22.5,55.0,https://sports.{state}.betmgm.com/en/sports/events/miami-heat-at-golden-state-warriors-16782638,0.0,2025-01-07 22:50:27.186821+00:00
Low Hold,2.73,NBA,player_prop,Draymond Green - PRA,22.5,Golden State Warriors vs Miami Heat,2025-01-08T03:10:00Z,Over (22.5),Pinnacle,112,22.5,45.92,https://www.pinnacle.com/en/basketball/nba/miami-heat-vs-golden-state-warriors/1602665088/,Under (22.5),BetMGM,-125,22.5,54.08,https://sports.{state}.betmgm.com/en/sports/events/miami-heat-at-golden-state-warriors-16782638,0.0,2025-01-07 22:50:27.186821+00:00
Low Hold,1.72,NBA,player_prop,Stephen Curry - Rebounds,5.5,Golden State Warriors vs Miami Heat,2025-01-08T03:10:00Z,Over (5.5),FanDuel,126,5.5,43.5,https://sportsbook.fanduel.com/basketball/nba/miami-heat-%40-golden-state-warriors-33916123,Under (5.5),DraftKings,-135,5.5,56.5,https://sportsbook.draftkings.com/event/31622237,0.0,2025-01-07 22:50:27.186821+00:00
Low Hold,2.73,NBA,player_prop,Stephen Curry - Rebounds,5.5,Golden State Warriors vs Miami Heat,2025-01-08T03:10:00Z,Over (5.5),FanDuel,126,5.5,43.07,https://sportsbook.fanduel.com/basketball/nba/miami-heat-%40-golden-state-warriors-33916123,Under (5.5),BetMGM,-141,5.5,56.93,https://sports.{state}.betmgm.com/en/sports/events/miami-heat-at-golden-state-warriors-16782638,0.0,2025-01-07 22:50:27.186821+00:00
Low Hold,1.07,NBA,player_prop,Stephen Curry - Rebounds,5.5,Golden State Warriors vs Miami Heat,2025-01-08T03:10:00Z,Over (5.5),FanDuel,126,5.5,43.78,https://sportsbook.fanduel.com/basketball/nba/miami-heat-%40-golden-state-warriors-33916123,Under (5.5),Pinnacle,-132,5.5,56.22,https://www.pinnacle.com/en/basketball/nba/miami-heat-vs-golden-state-warriors/1602665088/,0.0,2025-01-07 22:50:27.186821+00:00
Low Hold,2.93,NBA,player_prop,Andrew Wiggins - Rebounds,5.5,Golden State Warriors vs Miami Heat,2025-01-08T03:10:00Z,Over (5.5),BetRivers,120,5.5,44.16,https://{state}.betrivers.com/?page=sportsbook#event/1021436137,Under (5.5),BetMGM,-135,5.5,55.84,https://sports.{state}.betmgm.com/en/sports/events/miami-heat-at-golden-state-warriors-16782638,0.0,2025-01-07 22:50:27.186821+00:00
Low Hold,1.01,NBA,player_prop,Tyler Herro - Rebounds,5.5,Golden State Warriors vs Miami Heat,2025-01-08T03:10:00Z,Over (5.5),Caesars,139,5.5,41.42,https://sportsbook.caesars.com/us/{state}/bet/basketball/b8b4d563-863e-4b81-9de5-655b08ef88c8/miami-heat-at-golden-state-warriors,Under (5.5),DraftKings,-145,5.5,58.58,https://sportsbook.draftkings.com/event/31622237,0.0,2025-01-07 22:50:27.186821+00:00
Low Hold,2.56,NBA,player_prop,Nikola Jovic - Rebounds,4.5,Golden State Warriors vs Miami Heat,2025-01-08T03:10:00Z,Over (4.5),FanDuel,-122,4.5,53.57,https://sportsbook.fanduel.com/basketball/nba/miami-heat-%40-golden-state-warriors-33916123,Under (4.5),DraftKings,110,4.5,46.43,https://sportsbook.draftkings.com/event/31622237,0.0,2025-01-07 22:50:27.186821+00:00
Low Hold,0.02,NBA,player_prop,Dennis Schroder - Rebounds,2.5,Golden State Warriors vs Miami Heat,2025-01-08T03:10:00Z,Over (2.5),FanDuel,-135,2.5,57.46,https://sportsbook.fanduel.com/basketball/nba/miami-heat-%40-golden-state-warriors-33916123,Under (2.5),DraftKings,135,2.5,42.54,https://sportsbook.draftkings.com/event/31622237,0.0,2025-01-07 22:50:27.186821+00:00
Low Hold,2.08,NBA,player_prop,Buddy Hield - 3-Pointers Made,2.5,Golden State Warriors vs Miami Heat,2025-01-08T03:10:00Z,Over (2.5),BetMGM,135,2.5,41.69,https://sports.{state}.betmgm.com/en/sports/events/miami-heat-at-golden-state-warriors-16782638,Under (2.5),FanDuel,-147,2.5,58.31,https://sportsbook.fanduel.com/basketball/nba/miami-heat-%40-golden-state-warriors-33916123,0.0,2025-01-07 22:50:27.186821+00:00
Low Hold,2.54,NBA,player_prop,Andrew Wiggins - 3-Pointers Made,2.5,Golden State Warriors vs Miami Heat,2025-01-08T03:10:00Z,Over (2.5),DraftKings,145,2.5,39.8,https://sportsbook.draftkings.com/event/31622237,Under (2.5),FanDuel,-161,2.5,60.2,https://sportsbook.fanduel.com/basketball/nba/miami-heat-%40-golden-state-warriors-33916123,0.0,2025-01-07 22:50:27.186821+00:00
Low Hold,1.95,NBA,h2h,,,Cleveland Cavaliers vs Oklahoma City Thunder,2025-01-09T00:10:00Z,Cleveland Cavaliers,DraftKings,-130,,55.42,https://sportsbook.draftkings.com/event/31622239?outcomes=0ML78165516_1,Oklahoma City Thunder,FanDuel,120,,44.58,https://sportsbook.fanduel.com/addToBetslip?marketId=42.472456762&selectionId=3319741,0.0,2025-01-07 22:50:27.186821+00:00
Low Hold,2.3,NHL,h2h,,,Boston Bruins vs Edmonton Oilers,2025-01-08T00:00:00Z,Boston Bruins,DraftKings,130,,42.5,https://sportsbook.draftkings.com/event/31628792?outcomes=0ML78182933_1,Edmonton Oilers,BetRivers,-143,,57.5,https://{state}.betrivers.com/?page=sportsbook#event/1021141709?coupon={pickType}|3607494108|{wagerAmount},0.0,2025-01-07 22:50:27.186821+00:00
Low Hold,1.72,NHL,spreads,,1.5,Boston Bruins vs Edmonton Oilers,2025-01-08T00:00:00Z,Boston Bruins,BetMGM,-189,1.5,64.25,https://sports.{state}.betmgm.com/en/sports?options=16781334-1217999940--816974324&type=Single,Edmonton Oilers,BetRivers,175,-1.5,35.75,https://{state}.betrivers.com/?page=sportsbook#event/1021141709?coupon={pickType}|3607728194|{wagerAmount},0.0,2025-01-07 22:50:27.186821+00:00
Low Hold,2.4,NHL,spreads_p1,,0.5,Boston Bruins vs Edmonton Oilers,2025-01-08T00:00:00Z,Boston Bruins,DraftKings,-189,0.5,63.83,https://sportsbook.draftkings.com/event/31628792?outcomes=0HC78183977P50_1,Edmonton Oilers,Caesars,170,-0.5,36.17,https://sportsbook.caesars.com/us/{state}/bet/betslip?selectionIds=e0842aaa-75af-3924-af7a-7648dffbc932,0.0,2025-01-07 22:50:27.186821+00:00
Low Hold,1.67,NHL,totals_p1,,1.5,Boston Bruins vs Edmonton Oilers,2025-01-08T00:00:00Z,Over,FanDuel,-118,1.5,53.16,https://sportsbook.fanduel.com/addToBetslip?marketId=42.472622569&selectionId=7017911,Under,Caesars,110,1.5,46.84,https://sportsbook.caesars.com/us/{state}/bet/betslip?selectionIds=9bac4718-8adc-3fe2-ae5d-058ea80dbf9f,0.0,2025-01-07 22:50:27.186821+00:00
Low Hold,2.68,NHL,player_prop,David Pastrnak - Shots on Goal,3.5,Boston Bruins vs Edmonton Oilers,2025-01-08T00:00:00Z,Over (3.5),BetRivers,-143,3.5,57.29,https://{state}.betrivers.com/?page=sportsbook#event/1021141709,Under (3.5),FanDuel,128,3.5,42.71,https://sportsbook.fanduel.com/ice-hockey/nhl/edmonton-oilers-%40-boston-bruins-33919423,0.0,2025-01-07 22:50:27.186821+00:00
Low Hold,2.91,NHL,player_prop,Leon Draisaitl - Shots on Goal,2.5,Boston Bruins vs Edmonton Oilers,2025-01-08T00:00:00Z,Over (2.5),BetRivers,-112,2.5,51.41,https://{state}.betrivers.com/?page=sportsbook#event/1021141709,Under (2.5),DraftKings,100,2.5,48.59,https://sportsbook.draftkings.com/event/31628792,0.0,2025-01-07 22:50:27.186821+00:00
Low Hold,2.91,NHL,player_prop,Leon Draisaitl - Shots on Goal,2.5,Boston Bruins vs Edmonton Oilers,2025-01-08T00:00:00Z,Over (2.5),BetRivers,-112,2.5,51.41,https://{state}.betrivers.com/?page=sportsbook#event/1021141709,Under (2.5),FanDuel,100,2.5,48.59,https://sportsbook.fanduel.com/ice-hockey/nhl/edmonton-oilers-%40-boston-bruins-33919423,0.0,2025-01-07 22:50:27.186821+00:00
Low Hold,1.69,NHL,player_prop,Leon Draisaitl - Shots on Goal,2.5,Boston Bruins vs Edmonton Oilers,2025-01-08T00:00:00Z,Over (2.5),BetRivers,-112,2.5,52.03,https://{state}.betrivers.com/?page=sportsbook#event/1021141709,Under (2.5),BetMGM,105,2.5,47.97,https://sports.{state}.betmgm.com/en/sports/events/edmonton-oilers-at-boston-bruins-16781334,0.0,2025-01-07 22:50:27.186821+00:00
Low Hold,2.26,NHL,player_prop,Evan Bouchard - Shots on Goal,2.5,Boston Bruins vs Edmonton Oilers,2025-01-08T00:00:00Z,Over (2.5),BetRivers,105,2.5,47.7,https://{state}.betrivers.com/?page=sportsbook#event/1021141709,Under (2.5),BetMGM,-115,2.5,52.3,https://sports.{state}.betmgm.com/en/sports/events/edmonton-oilers-at-boston-bruins-16781334,0.0,2025-01-07 22:50:27.186821+00:00
Low Hold,2.43,NHL,player_prop,Ryan Nugent-Hopkins - Shots on Goal,1.5,Boston Bruins vs Edmonton Oilers,2025-01-08T00:00:00Z,Over (1.5),BetRivers,-149,1.5,58.46,https://{state}.betrivers.com/?page=sportsbook#event/1021141709,Under (1.5),DraftKings,135,1.5,41.54,https://sportsbook.draftkings.com/event/31628792,0.0,2025-01-07 22:50:27.186821+00:00
Low Hold,1.2,NHL,player_prop,Ryan Nugent-Hopkins - Shots on Goal,1.5,Boston Bruins vs Edmonton Oilers,2025-01-08T00:00:00Z,Over (1.5),BetRivers,-149,1.5,59.17,https://{state}.betrivers.com/?page=sportsbook#event/1021141709,Under (1.5),FanDuel,142,1.5,40.83,https://sportsbook.fanduel.com/ice-hockey/nhl/edmonton-oilers-%40-boston-bruins-33919423,0.0,2025-01-07 22:50:27.186821+00:00
Low Hold,2.8,NHL,player_prop,Ryan Nugent-Hopkins - Shots on Goal,1.5,Boston Bruins vs Edmonton Oilers,2025-01-08T00:00:00Z,Over (1.5),BetRivers,-149,1.5,58.25,https://{state}.betrivers.com/?page=sportsbook#event/1021141709,Under (1.5),Pinnacle,133,1.5,41.75,https://www.pinnacle.com/en/hockey/nhl/edmonton-oilers-vs-boston-bruins/1602762929/,0.0,2025-01-07 22:50:27.186821+00:00
Low Hold,2.87,NHL,player_prop,Elias Lindholm - Shots on Goal,1.5,Boston Bruins vs Edmonton Oilers,2025-01-08T00:00:00Z,Over (1.5),BetRivers,-123,1.5,53.71,https://{state}.betrivers.com/?page=sportsbook#event/1021141709,Under (1.5),DraftKings,110,1.5,46.29,https://sportsbook.draftkings.com/event/31628792,0.0,2025-01-07 22:50:27.186821+00:00
Low Hold,2.87,NHL,player_prop,Elias Lindholm - Shots on Goal,1.5,Boston Bruins vs Edmonton Oilers,2025-01-08T00:00:00Z,Over (1.5),BetRivers,-123,1.5,53.71,https://{state}.betrivers.com/?page=sportsbook#event/1021141709,Under (1.5),FanDuel,110,1.5,46.29,https://sportsbook.fanduel.com/ice-hockey/nhl/edmonton-oilers-%40-boston-bruins-33919423,0.0,2025-01-07 22:50:27.186821+00:00
Low Hold,2.56,NHL,player_prop,Ryan Nugent-Hopkins - Points,0.5,Boston Bruins vs Edmonton Oilers,2025-01-08T00:00:00Z,Over (0.5),FanDuel,-122,0.5,53.57,https://sportsbook.fanduel.com/ice-hockey/nhl/edmonton-oilers-%40-boston-bruins-33919423,Under (0.5),DraftKings,110,0.5,46.43,https://sportsbook.draftkings.com/event/31628792,0.0,2025-01-07 22:50:27.186821+00:00
Low Hold,2.8,NHL,player_prop,Viktor Arvidsson - Shots on Goal,2.5,Boston Bruins vs Edmonton Oilers,2025-01-08T00:00:00Z,Over (2.5),Pinnacle,133,2.5,41.75,https://www.pinnacle.com/en/hockey/nhl/edmonton-oilers-vs-boston-bruins/1602762929/,Under (2.5),BetMGM,-149,2.5,58.25,https://sports.{state}.betmgm.com/en/sports/events/edmonton-oilers-at-boston-bruins-16781334,0.0,2025-01-07 22:50:27.186821+00:00
Low Hold,2.93,NHL,alternate_spreads,,2.5,Tampa Bay Lightning vs Carolina Hurricanes,2025-01-08T00:00:00Z,Carolina Hurricanes,BetRivers,-556,2.5,82.34,https://{state}.betrivers.com/?page=sportsbook#event/1022163980?coupon={pickType}|3607722244|{wagerAmount},Tampa Bay Lightning,FanDuel,450,-2.5,17.66,https://sportsbook.fanduel.com/addToBetslip?marketId=42.472622862&selectionId=7739801,0.0,2025-01-07 22:50:27.186821+00:00
Low Hold,2.54,NHL,player_prop,Brayden Point - Shots on Goal,2.5,Tampa Bay Lightning vs Carolina Hurricanes,2025-01-08T00:00:00Z,Over (2.5),BetRivers,145,2.5,39.8,https://{state}.betrivers.com/?page=sportsbook#event/1022163980,Under (2.5),DraftKings,-161,2.5,60.2,https://sportsbook.draftkings.com/event/31628796,0.0,2025-01-07 22:50:27.186821+00:00
Low Hold,2.93,NHL,player_prop,Brayden Point - Shots on Goal,2.5,Tampa Bay Lightning vs Carolina Hurricanes,2025-01-08T00:00:00Z,Over (2.5),BetRivers,145,2.5,39.66,https://{state}.betrivers.com/?page=sportsbook#event/1022163980,Under (2.5),BetMGM,-164,2.5,60.34,https://sports.{state}.betmgm.com/en/sports/events/carolina-hurricanes-at-tampa-bay-lightning-16781338,0.0,2025-01-07 22:50:27.186821+00:00
Low Hold,1.97,NHL,player_prop,Sebastian Aho - Shots on Goal,2.5,Tampa Bay Lightning vs Carolina Hurricanes,2025-01-08T00:00:00Z,Over (2.5),BetRivers,-114,2.5,52.16,https://{state}.betrivers.com/?page=sportsbook#event/1022163980,Under (2.5),BetMGM,105,2.5,47.84,https://sports.{state}.betmgm.com/en/sports/events/carolina-hurricanes-at-tampa-bay-lightning-16781338,0.0,2025-01-07 22:50:27.186821+00:00
Low Hold,2.27,NHL,player_prop,Brent Burns - Shots on Goal,2.5,Tampa Bay Lightning vs Carolina Hurricanes,2025-01-08T00:00:00Z,Over (2.5),Pinnacle,149,2.5,39.27,https://www.pinnacle.com/en/hockey/nhl/carolina-hurricanes-vs-tampa-bay-lightning/1602764540/,Under (2.5),FanDuel,-164,2.5,60.73,https://sportsbook.fanduel.com/ice-hockey/nhl/carolina-hurricanes-%40-tampa-bay-lightning-33919414,0.0,2025-01-07 22:50:27.186821+00:00
Low Hold,1.81,NHL,player_prop,Andrei Svechnikov - Shots on Goal,2.5,Tampa Bay Lightning vs Carolina Hurricanes,2025-01-08T00:00:00Z,Over (2.5),BetRivers,100,2.5,49.11,https://{state}.betrivers.com/?page=sportsbook#event/1022163980,Under (2.5),FanDuel,-108,2.5,50.89,https://sportsbook.fanduel.com/ice-hockey/nhl/carolina-hurricanes-%40-tampa-bay-lightning-33919414,0.0,2025-01-07 22:50:27.186821+00:00
Low Hold,1.81,NHL,player_prop,Andrei Svechnikov - Shots on Goal,2.5,Tampa Bay Lightning vs Carolina Hurricanes,2025-01-08T00:00:00Z,Over (2.5),BetRivers,100,2.5,49.11,https://{state}.betrivers.com/?page=sportsbook#event/1022163980,Under (2.5),Pinnacle,-108,2.5,50.89,https://www.pinnacle.com/en/hockey/nhl/carolina-hurricanes-vs-tampa-bay-lightning/1602764540/,0.0,2025-01-07 22:50:27.186821+00:00
Low Hold,1.81,NHL,player_prop,Andrei Svechnikov - Shots on Goal,2.5,Tampa Bay Lightning vs Carolina Hurricanes,2025-01-08T00:00:00Z,Over (2.5),BetMGM,100,2.5,49.11,https://sports.{state}.betmgm.com/en/sports/events/carolina-hurricanes-at-tampa-bay-lightning-16781338,Under (2.5),FanDuel,-108,2.5,50.89,https://sportsbook.fanduel.com/ice-hockey/nhl/carolina-hurricanes-%40-tampa-bay-lightning-33919414,0.0,2025-01-07 22:50:27.186821+00:00
Low Hold,1.81,NHL,player_prop,Andrei Svechnikov - Shots on Goal,2.5,Tampa Bay Lightning vs Carolina Hurricanes,2025-01-08T00:00:00Z,Over (2.5),BetMGM,100,2.5,49.11,https://sports.{state}.betmgm.com/en/sports/events/carolina-hurricanes-at-tampa-bay-lightning-16781338,Under (2.5),Pinnacle,-108,2.5,50.89,https://www.pinnacle.com/en/hockey/nhl/carolina-hurricanes-vs-tampa-bay-lightning/1602764540/,0.0,2025-01-07 22:50:27.186821+00:00
Low Hold,1.92,NHL,player_prop,Seth Jarvis - Shots on Goal,2.5,Tampa Bay Lightning vs Carolina Hurricanes,2025-01-08T00:00:00Z,Over (2.5),BetRivers,125,2.5,43.61,https://{state}.betrivers.com/?page=sportsbook#event/1022163980,Under (2.5),DraftKings,-135,2.5,56.39,https://sportsbook.draftkings.com/event/31628796,0.0,2025-01-07 22:50:27.186821+00:00
Low Hold,2.58,NHL,player_prop,Seth Jarvis - Shots on Goal,2.5,Tampa Bay Lightning vs Carolina Hurricanes,2025-01-08T00:00:00Z,Over (2.5),BetRivers,125,2.5,43.32,https://{state}.betrivers.com/?page=sportsbook#event/1022163980,Under (2.5),FanDuel,-139,2.5,56.68,https://sportsbook.fanduel.com/ice-hockey/nhl/carolina-hurricanes-%40-tampa-bay-lightning-33919414,0.0,2025-01-07 22:50:27.186821+00:00
Low Hold,2.92,NHL,player_prop,Seth Jarvis - Shots on Goal,2.5,Tampa Bay Lightning vs Carolina Hurricanes,2025-01-08T00:00:00Z,Over (2.5),BetRivers,125,2.5,43.18,https://{state}.betrivers.com/?page=sportsbook#event/1022163980,Under (2.5),BetMGM,-141,2.5,56.82,https://sports.{state}.betmgm.com/en/sports/events/carolina-hurricanes-at-tampa-bay-lightning-16781338,0.0,2025-01-07 22:50:27.186821+00:00
Low Hold,2.25,NHL,player_prop,Seth Jarvis - Shots on Goal,2.5,Tampa Bay Lightning vs Carolina Hurricanes,2025-01-08T00:00:00Z,Over (2.5),BetRivers,125,2.5,43.47,https://{state}.betrivers.com/?page=sportsbook#event/1022163980,Under (2.5),Pinnacle,-137,2.5,56.53,https://www.pinnacle.com/en/hockey/nhl/carolina-hurricanes-vs-tampa-bay-lightning/1602764540/,0.0,2025-01-07 22:50:27.186821+00:00
Low Hold,2.07,NHL,player_prop,Brayden Point - Assists,0.5,Tampa Bay Lightning vs Carolina Hurricanes,2025-01-08T00:00:00Z,Over (0.5),Pinnacle,115,0.5,45.57,https://www.pinnacle.com/en/hockey/nhl/carolina-hurricanes-vs-tampa-bay-lightning/1602764540/,Under (0.5),BetMGM,-125,0.5,54.43,https://sports.{state}.betmgm.com/en/sports/events/carolina-hurricanes-at-tampa-bay-lightning-16781338,0.0,2025-01-07 22:50:27.186821+00:00
Low Hold,2.79,NHL,player_prop,Nikita Kucherov - Points,1.5,Tampa Bay Lightning vs Carolina Hurricanes,2025-01-08T00:00:00Z,Over (1.5),FanDuel,116,1.5,45.04,https://sportsbook.fanduel.com/ice-hockey/nhl/carolina-hurricanes-%40-tampa-bay-lightning-33919414,Under (1.5),DraftKings,-130,1.5,54.96,https://sportsbook.draftkings.com/event/31628796,0.0,2025-01-07 22:50:27.186821+00:00
Low Hold,1.85,NHL,player_prop,Nikita Kucherov - Points,1.5,Tampa Bay Lightning vs Carolina Hurricanes,2025-01-08T00:00:00Z,Over (1.5),FanDuel,116,1.5,45.45,https://sportsbook.fanduel.com/ice-hockey/nhl/carolina-hurricanes-%40-tampa-bay-lightning-33919414,Under (1.5),BetMGM,-125,1.5,54.55,https://sports.{state}.betmgm.com/en/sports/events/carolina-hurricanes-at-tampa-bay-lightning-16781338,0.0,2025-01-07 22:50:27.186821+00:00
Low Hold,2.51,NHL,player_prop,Jake Guentzel - Points,0.5,Tampa Bay Lightning vs Carolina Hurricanes,2025-01-08T00:00:00Z,Over (0.5),FanDuel,-172,0.5,61.74,https://sportsbook.fanduel.com/ice-hockey/nhl/carolina-hurricanes-%40-tampa-bay-lightning-33919414,Under (0.5),DraftKings,155,0.5,38.26,https://sportsbook.draftkings.com/event/31628796,0.0,2025-01-07 22:50:27.186821+00:00
Low Hold,2.51,NHL,player_prop,Jake Guentzel - Points,0.5,Tampa Bay Lightning vs Carolina Hurricanes,2025-01-08T00:00:00Z,Over (0.5),FanDuel,-172,0.5,61.74,https://sportsbook.fanduel.com/ice-hockey/nhl/carolina-hurricanes-%40-tampa-bay-lightning-33919414,Under (0.5),BetMGM,155,0.5,38.26,https://sports.{state}.betmgm.com/en/sports/events/carolina-hurricanes-at-tampa-bay-lightning-16781338,0.0,2025-01-07 22:50:27.186821+00:00
Low Hold,2.35,NHL,player_prop,Jake Guentzel - Points,0.5,Tampa Bay Lightning vs Carolina Hurricanes,2025-01-08T00:00:00Z,Over (0.5),FanDuel,-172,0.5,61.84,https://sportsbook.fanduel.com/ice-hockey/nhl/carolina-hurricanes-%40-tampa-bay-lightning-33919414,Under (0.5),Pinnacle,156,0.5,38.16,https://www.pinnacle.com/en/hockey/nhl/carolina-hurricanes-vs-tampa-bay-lightning/1602764540/,0.0,2025-01-07 22:50:27.186821+00:00
Low Hold,2.96,NHL,spreads,,1.5,Pittsburgh Penguins vs Columbus Blue Jackets,2025-01-08T00:00:00Z,Columbus Blue Jackets,FanDuel,-185,1.5,63.07,https://sportsbook.fanduel.com/addToBetslip?marketId=42.472491174&selectionId=25592,Pittsburgh Penguins,BetRivers,163,-1.5,36.93,https://{state}.betrivers.com/?page=sportsbook#event/1021141722?coupon={pickType}|3607733225|{wagerAmount},0.0,2025-01-07 22:50:27.186821+00:00
Low Hold,1.86,NHL,totals,,6.5,Pittsburgh Penguins vs Columbus Blue Jackets,2025-01-08T00:00:00Z,Over,Caesars,-110,6.5,51.4,https://sportsbook.caesars.com/us/{state}/bet/betslip?selectionIds=81699233-3af0-33cb-8fd6-cecd2351f268,Under,BetRivers,102,6.5,48.6,https://{state}.betrivers.com/?page=sportsbook#event/1021141722?coupon={pickType}|3607733348|{wagerAmount},0.0,2025-01-07 22:50:27.186821+00:00
Low Hold,2.52,NHL,alternate_spreads,,-1.5,Pittsburgh Penguins vs Columbus Blue Jackets,2025-01-08T00:00:00Z,Columbus Blue Jackets,BetRivers,310,-1.5,23.79,https://{state}.betrivers.com/?page=sportsbook#event/1021141722?coupon={pickType}|3607735105|{wagerAmount},Pittsburgh Penguins,DraftKings,-357,1.5,76.21,https://sportsbook.draftkings.com/event/31628795?outcomes=0HC78184100P150_1,0.0,2025-01-07 22:50:27.186821+00:00
Low Hold,2.16,NHL,alternate_totals,,5.5,Pittsburgh Penguins vs Columbus Blue Jackets,2025-01-08T00:00:00Z,Over,Caesars,-175,5.5,62.35,https://sportsbook.caesars.com/us/{state}/bet/betslip?selectionIds=f4771f18-ef0a-3a12-88e4-1f45cd31e785,Under,BetRivers,160,5.5,37.65,https://{state}.betrivers.com/?page=sportsbook#event/1021141722?coupon={pickType}|3607732830|{wagerAmount},0.0,2025-01-07 22:50:27.186821+00:00
Low Hold,2.55,NHL,alternate_totals,,8.5,Pittsburgh Penguins vs Columbus Blue Jackets,2025-01-08T00:00:00Z,Over,FanDuel,320,8.5,23.22,https://sportsbook.fanduel.com/addToBetslip?marketId=42.472627974&selectionId=7669420,Under,BetRivers,-370,8.5,76.78,https://{state}.betrivers.com/?page=sportsbook#event/1021141722?coupon={pickType}|3607732905|{wagerAmount},0.0,2025-01-07 22:50:27.186821+00:00
Low Hold,2.0,NHL,alternate_totals,,7.0,Pittsburgh Penguins vs Columbus Blue Jackets,2025-01-08T00:00:00Z,Over,Caesars,146,7.0,39.85,https://sportsbook.caesars.com/us/{state}/bet/betslip?selectionIds=b05ece97-f6fa-3d93-be3e-96192c79cec0,Under,BetRivers,-159,7.0,60.15,https://{state}.betrivers.com/?page=sportsbook#event/1021141722?coupon={pickType}|3607733016|{wagerAmount},0.0,2025-01-07 22:50:27.186821+00:00
Low Hold,2.09,NHL,alternate_totals,,6.0,Pittsburgh Penguins vs Columbus Blue Jackets,2025-01-08T00:00:00Z,Over,BetMGM,-145,6.0,57.96,https://sports.{state}.betmgm.com/en/sports?options=16781337-1218000490--816972666&type=Single,Under,BetRivers,133,6.0,42.04,https://{state}.betrivers.com/?page=sportsbook#event/1021141722?coupon={pickType}|3607733058|{wagerAmount},0.0,2025-01-07 22:50:27.186821+00:00
Low Hold,2.19,NHL,alternate_totals,,7.5,Pittsburgh Penguins vs Columbus Blue Jackets,2025-01-08T00:00:00Z,Over,FanDuel,210,7.5,31.57,https://sportsbook.fanduel.com/addToBetslip?marketId=42.472627974&selectionId=8359774,Under,BetRivers,-233,7.5,68.43,https://{state}.betrivers.com/?page=sportsbook#event/1021141722?coupon={pickType}|3607733323|{wagerAmount},0.0,2025-01-07 22:50:27.186821+00:00
Low Hold,1.86,NHL,alternate_totals,,6.5,Pittsburgh Penguins vs Columbus Blue Jackets,2025-01-08T00:00:00Z,Over,BetMGM,-110,6.5,51.4,https://sports.{state}.betmgm.com/en/sports?options=16781337-1218000492--816972662&type=Single,Under,BetRivers,102,6.5,48.6,https://{state}.betrivers.com/?page=sportsbook#event/1021141722?coupon={pickType}|3607733348|{wagerAmount},0.0,2025-01-07 22:50:27.186821+00:00
Low Hold,2.55,NHL,alternate_totals,,5.0,Pittsburgh Penguins vs Columbus Blue Jackets,2025-01-08T00:00:00Z,Over,BetMGM,-370,5.0,76.78,https://sports.{state}.betmgm.com/en/sports?options=16781337-1218000488--816972670&type=Single,Under,BetRivers,320,5.0,23.22,https://{state}.betrivers.com/?page=sportsbook#event/1021141722?coupon={pickType}|3607735116|{wagerAmount},0.0,2025-01-07 22:50:27.186821+00:00
Low Hold,2.57,NHL,player_prop,Zach Werenski - Shots on Goal,3.5,Pittsburgh Penguins vs Columbus Blue Jackets,2025-01-08T00:00:00Z,Over (3.5),BetRivers,-106,3.5,50.26,https://{state}.betrivers.com/?page=sportsbook#event/1021141722,Under (3.5),Pinnacle,-104,3.5,49.74,https://www.pinnacle.com/en/hockey/nhl/columbus-blue-jackets-vs-pittsburgh-penguins/1602764539/,0.0,2025-01-07 22:50:27.186821+00:00
Low Hold,2.83,NHL,player_prop,Zach Werenski - Shots on Goal,3.5,Pittsburgh Penguins vs Columbus Blue Jackets,2025-01-08T00:00:00Z,Over (3.5),BetMGM,-105,3.5,49.87,https://sports.{state}.betmgm.com/en/sports/events/columbus-blue-jackets-at-pittsburgh-penguins-16781337,Under (3.5),FanDuel,-106,3.5,50.13,https://sportsbook.fanduel.com/ice-hockey/nhl/columbus-blue-jackets-%40-pittsburgh-penguins-33919410,0.0,2025-01-07 22:50:27.186821+00:00
Low Hold,2.3,NHL,player_prop,Zach Werenski - Shots on Goal,3.5,Pittsburgh Penguins vs Columbus Blue Jackets,2025-01-08T00:00:00Z,Over (3.5),BetMGM,-105,3.5,50.13,https://sports.{state}.betmgm.com/en/sports/events/columbus-blue-jackets-at-pittsburgh-penguins-16781337,Under (3.5),Pinnacle,-104,3.5,49.87,https://www.pinnacle.com/en/hockey/nhl/columbus-blue-jackets-vs-pittsburgh-penguins/1602764539/,0.0,2025-01-07 22:50:27.186821+00:00
Low Hold,2.21,NHL,player_prop,Rickard Rakell - Shots on Goal,2.5,Pittsburgh Penguins vs Columbus Blue Jackets,2025-01-08T00:00:00Z,Over (2.5),Pinnacle,104,2.5,47.96,https://www.pinnacle.com/en/hockey/nhl/columbus-blue-jackets-vs-pittsburgh-penguins/1602764539/,Under (2.5),BetRivers,-114,2.5,52.04,https://{state}.betrivers.com/?page=sportsbook#event/1021141722,0.0,2025-01-07 22:50:27.186821+00:00
Low Hold,0.62,NHL,player_prop,Sean Monahan - Shots on Goal,2.5,Pittsburgh Penguins vs Columbus Blue Jackets,2025-01-08T00:00:00Z,Over (2.5),BetRivers,125,2.5,44.17,https://{state}.betrivers.com/?page=sportsbook#event/1021141722,Under (2.5),Pinnacle,-128,2.5,55.83,https://www.pinnacle.com/en/hockey/nhl/columbus-blue-jackets-vs-pittsburgh-penguins/1602764539/,0.0,2025-01-07 22:50:27.186821+00:00
Low Hold,2.05,NHL,player_prop,Sean Monahan - Shots on Goal,2.5,Pittsburgh Penguins vs Columbus Blue Jackets,2025-01-08T00:00:00Z,Over (2.5),FanDuel,118,2.5,44.95,https://sportsbook.fanduel.com/ice-hockey/nhl/columbus-blue-jackets-%40-pittsburgh-penguins-33919410,Under (2.5),Pinnacle,-128,2.5,55.05,https://www.pinnacle.com/en/hockey/nhl/columbus-blue-jackets-vs-pittsburgh-penguins/1602764539/,0.0,2025-01-07 22:50:27.186821+00:00
Low Hold,0.49,NHL,player_prop,Cole Sillinger - Shots on Goal,2.5,Pittsburgh Penguins vs Columbus Blue Jackets,2025-01-08T00:00:00Z,Over (2.5),BetRivers,140,2.5,41.46,https://{state}.betrivers.com/?page=sportsbook#event/1021141722,Under (2.5),Pinnacle,-143,2.5,58.54,https://www.pinnacle.com/en/hockey/nhl/columbus-blue-jackets-vs-pittsburgh-penguins/1602764539/,0.0,2025-01-07 22:50:27.186821+00:00
Low Hold,2.3,NHL,player_prop,Cole Sillinger - Shots on Goal,2.5,Pittsburgh Penguins vs Columbus Blue Jackets,2025-01-08T00:00:00Z,Over (2.5),FanDuel,130,2.5,42.5,https://sportsbook.fanduel.com/ice-hockey/nhl/columbus-blue-jackets-%40-pittsburgh-penguins-33919410,Under (2.5),Pinnacle,-143,2.5,57.5,https://www.pinnacle.com/en/hockey/nhl/columbus-blue-jackets-vs-pittsburgh-penguins/1602764539/,0.0,2025-01-07 22:50:27.186821+00:00
Low Hold,2.3,NHL,player_prop,Cole Sillinger - Shots on Goal,2.5,Pittsburgh Penguins vs Columbus Blue Jackets,2025-01-08T00:00:00Z,Over (2.5),BetMGM,130,2.5,42.5,https://sports.{state}.betmgm.com/en/sports/events/columbus-blue-jackets-at-pittsburgh-penguins-16781337,Under (2.5),Pinnacle,-143,2.5,57.5,https://www.pinnacle.com/en/hockey/nhl/columbus-blue-jackets-vs-pittsburgh-penguins/1602764539/,0.0,2025-01-07 22:50:27.186821+00:00
Low Hold,1.91,NHL,player_prop,Erik Karlsson - Assists,0.5,Pittsburgh Penguins vs Columbus Blue Jackets,2025-01-08T00:00:00Z,Over (0.5),BetMGM,140,0.5,40.89,https://sports.{state}.betmgm.com/en/sports/events/columbus-blue-jackets-at-pittsburgh-penguins-16781337,Under (0.5),Pinnacle,-152,0.5,59.11,https://www.pinnacle.com/en/hockey/nhl/columbus-blue-jackets-vs-pittsburgh-penguins/1602764539/,0.0,2025-01-07 22:50:27.186821+00:00
Low Hold,2.98,NHL,player_prop,Evgeni Malkin - Assists,0.5,Pittsburgh Penguins vs Columbus Blue Jackets,2025-01-08T00:00:00Z,Over (0.5),BetMGM,160,0.5,37.35,https://sports.{state}.betmgm.com/en/sports/events/columbus-blue-jackets-at-pittsburgh-penguins-16781337,Under (0.5),Pinnacle,-182,0.5,62.65,https://www.pinnacle.com/en/hockey/nhl/columbus-blue-jackets-vs-pittsburgh-penguins/1602764539/,0.0,2025-01-07 22:50:27.186821+00:00
Low Hold,2.04,NHL,player_prop,Dmitri Voronkov - Shots on Goal,2.5,Pittsburgh Penguins vs Columbus Blue Jackets,2025-01-08T00:00:00Z,Over (2.5),BetMGM,-105,2.5,50.26,https://sports.{state}.betmgm.com/en/sports/events/columbus-blue-jackets-at-pittsburgh-penguins-16781337,Under (2.5),Pinnacle,-103,2.5,49.74,https://www.pinnacle.com/en/hockey/nhl/columbus-blue-jackets-vs-pittsburgh-penguins/1602764539/,0.0,2025-01-07 22:50:27.186821+00:00
Low Hold,1.26,NHL,h2h,,,New York Rangers vs Dallas Stars,2025-01-08T00:00:00Z,Dallas Stars,BetRivers,-167,,61.72,https://{state}.betrivers.com/?page=sportsbook#event/1021141713?coupon={pickType}|3607487277|{wagerAmount},New York Rangers,Caesars,158,,38.28,https://sportsbook.caesars.com/us/{state}/bet/betslip?selectionIds=cf9ed3bc-2740-3a65-81d2-0c6dba4ed71e,0.0,2025-01-07 22:50:27.186821+00:00
Low Hold,1.73,NHL,spreads,,-1.5,New York Rangers vs Dallas Stars,2025-01-08T00:00:00Z,Dallas Stars,BetRivers,150,-1.5,39.32,https://{state}.betrivers.com/?page=sportsbook#event/1021141713?coupon={pickType}|3607717633|{wagerAmount},New York Rangers,FanDuel,-161,1.5,60.68,https://sportsbook.fanduel.com/addToBetslip?marketId=42.472491714&selectionId=226870,0.0,2025-01-07 22:50:27.186821+00:00
Low Hold,1.68,NHL,alternate_spreads,,-2.0,New York Rangers vs Dallas Stars,2025-01-08T00:00:00Z,Dallas Stars,BetRivers,215,-2.0,31.22,https://{state}.betrivers.com/?page=sportsbook#event/1021141713?coupon={pickType}|3607717544|{wagerAmount},New York Rangers,Caesars,-233,2.0,68.78,https://sportsbook.caesars.com/us/{state}/bet/betslip?selectionIds=2012215c-4178-3af3-bc27-075564447913,0.0,2025-01-07 22:50:27.186821+00:00
Low Hold,2.11,NHL,alternate_spreads,,-1.5,New York Rangers vs Dallas Stars,2025-01-08T00:00:00Z,Dallas Stars,BetRivers,150,-1.5,39.17,https://{state}.betrivers.com/?page=sportsbook#event/1021141713?coupon={pickType}|3607717633|{wagerAmount},New York Rangers,FanDuel,-164,1.5,60.83,https://sportsbook.fanduel.com/addToBetslip?marketId=42.472621445&selectionId=4303418,0.0,2025-01-07 22:50:27.186821+00:00
Low Hold,2.83,NHL,alternate_spreads,,-1.0,New York Rangers vs Dallas Stars,2025-01-08T00:00:00Z,Dallas Stars,BetRivers,-105,-1.0,49.87,https://{state}.betrivers.com/?page=sportsbook#event/1021141713?coupon={pickType}|3607717811|{wagerAmount},New York Rangers,Caesars,-106,1.0,50.13,https://sportsbook.caesars.com/us/{state}/bet/betslip?selectionIds=c08f34b2-880c-3254-aeb2-c4baaa2cc204,0.0,2025-01-07 22:50:27.186821+00:00
Low Hold,2.24,NHL,alternate_spreads,,-2.5,New York Rangers vs Dallas Stars,2025-01-08T00:00:00Z,Dallas Stars,BetRivers,255,-2.5,27.55,https://{state}.betrivers.com/?page=sportsbook#event/1021141713?coupon={pickType}|3607718169|{wagerAmount},New York Rangers,Caesars,-286,2.5,72.45,https://sportsbook.caesars.com/us/{state}/bet/betslip?selectionIds=006267f4-43c3-3263-9115-1d3a55d36977,0.0,2025-01-07 22:50:27.186821+00:00
Low Hold,2.73,NHL,alternate_totals,,8.5,New York Rangers vs Dallas Stars,2025-01-08T00:00:00Z,Over,FanDuel,340,8.5,22.12,https://sportsbook.fanduel.com/addToBetslip?marketId=42.472621441&selectionId=7669420,Under,BetMGM,-400,8.5,77.88,https://sports.{state}.betmgm.com/en/sports?options=16781336-1218000323--816973185&type=Single,0.0,2025-01-07 22:50:27.186821+00:00
Low Hold,2.54,NHL,player_prop,Mika Zibanejad - Shots on Goal,2.5,New York Rangers vs Dallas Stars,2025-01-08T00:00:00Z,Over (2.5),BetRivers,145,2.5,39.8,https://{state}.betrivers.com/?page=sportsbook#event/1021141713,Under (2.5),DraftKings,-161,2.5,60.2,https://sportsbook.draftkings.com/event/31628794,0.0,2025-01-07 22:50:27.186821+00:00
Low Hold,2.93,NHL,player_prop,Mika Zibanejad - Shots on Goal,2.5,New York Rangers vs Dallas Stars,2025-01-08T00:00:00Z,Over (2.5),BetRivers,145,2.5,39.66,https://{state}.betrivers.com/?page=sportsbook#event/1021141713,Under (2.5),BetMGM,-164,2.5,60.34,https://sports.{state}.betmgm.com/en/sports/events/dallas-stars-at-new-york-rangers-16781336,0.0,2025-01-07 22:50:27.186821+00:00
Low Hold,2.54,NHL,player_prop,Matt Duchene - Shots on Goal,1.5,New York Rangers vs Dallas Stars,2025-01-08T00:00:00Z,Over (1.5),BetRivers,-161,1.5,60.2,https://{state}.betrivers.com/?page=sportsbook#event/1021141713,Under (1.5),DraftKings,145,1.5,39.8,https://sportsbook.draftkings.com/event/31628794,0.0,2025-01-07 22:50:27.186821+00:00
Low Hold,2.38,NHL,player_prop,Matt Duchene - Shots on Goal,1.5,New York Rangers vs Dallas Stars,2025-01-08T00:00:00Z,Over (1.5),BetRivers,-161,1.5,60.29,https://{state}.betrivers.com/?page=sportsbook#event/1021141713,Under (1.5),FanDuel,146,1.5,39.71,https://sportsbook.fanduel.com/ice-hockey/nhl/dallas-stars-%40-new-york-rangers-33919421,0.0,2025-01-07 22:50:27.186821+00:00
Low Hold,2.91,NHL,player_prop,Jason Robertson - Shots on Goal,2.5,New York Rangers vs Dallas Stars,2025-01-08T00:00:00Z,Over (2.5),BetRivers,100,2.5,48.59,https://{state}.betrivers.com/?page=sportsbook#event/1021141713,Under (2.5),Pinnacle,-112,2.5,51.41,https://www.pinnacle.com/en/hockey/nhl/dallas-stars-vs-new-york-rangers/1602764011/,0.0,2025-01-07 22:50:27.186821+00:00
Low Hold,1.96,NHL,player_prop,Roope Hintz - Shots on Goal,2.5,New York Rangers vs Dallas Stars,2025-01-08T00:00:00Z,Over (2.5),BetRivers,130,2.5,42.64,https://{state}.betrivers.com/?page=sportsbook#event/1021141713,Under (2.5),Pinnacle,-141,2.5,57.36,https://www.pinnacle.com/en/hockey/nhl/dallas-stars-vs-new-york-rangers/1602764011/,0.0,2025-01-07 22:50:27.186821+00:00
Low Hold,2.69,NHL,player_prop,Wyatt Johnston - Shots on Goal,2.5,New York Rangers vs Dallas Stars,2025-01-08T00:00:00Z,Over (2.5),BetRivers,-128,2.5,54.71,https://{state}.betrivers.com/?page=sportsbook#event/1021141713,Under (2.5),DraftKings,115,2.5,45.29,https://sportsbook.draftkings.com/event/31628794,0.0,2025-01-07 22:50:27.186821+00:00
Low Hold,2.05,NHL,player_prop,Wyatt Johnston - Shots on Goal,2.5,New York Rangers vs Dallas Stars,2025-01-08T00:00:00Z,Over (2.5),BetRivers,-128,2.5,55.05,https://{state}.betrivers.com/?page=sportsbook#event/1021141713,Under (2.5),FanDuel,118,2.5,44.95,https://sportsbook.fanduel.com/ice-hockey/nhl/dallas-stars-%40-new-york-rangers-33919421,0.0,2025-01-07 22:50:27.186821+00:00
Low Hold,2.11,NHL,player_prop,Matt Duchene - Assists,0.5,New York Rangers vs Dallas Stars,2025-01-08T00:00:00Z,Over (0.5),BetMGM,155,0.5,38.41,https://sports.{state}.betmgm.com/en/sports/events/dallas-stars-at-new-york-rangers-16781336,Under (0.5),Pinnacle,-169,0.5,61.59,https://www.pinnacle.com/en/hockey/nhl/dallas-stars-vs-new-york-rangers/1602764011/,0.0,2025-01-07 22:50:27.186821+00:00
Low Hold,1.93,NHL,player_prop,Mika Zibanejad - Points,0.5,New York Rangers vs Dallas Stars,2025-01-08T00:00:00Z,Over (0.5),FanDuel,104,0.5,48.09,https://sportsbook.fanduel.com/ice-hockey/nhl/dallas-stars-%40-new-york-rangers-33919421,Under (0.5),Pinnacle,-112,0.5,51.91,https://www.pinnacle.com/en/hockey/nhl/dallas-stars-vs-new-york-rangers/1602764011/,0.0,2025-01-07 22:50:27.186821+00:00
Low Hold,2.34,NHL,player_prop,Logan Stankoven - Points,0.5,New York Rangers vs Dallas Stars,2025-01-08T00:00:00Z,Over (0.5),Pinnacle,151,0.5,38.93,https://www.pinnacle.com/en/hockey/nhl/dallas-stars-vs-new-york-rangers/1602764011/,Under (0.5),FanDuel,-167,0.5,61.07,https://sportsbook.fanduel.com/ice-hockey/nhl/dallas-stars-%40-new-york-rangers-33919421,0.0,2025-01-07 22:50:27.186821+00:00
Low Hold,2.83,NHL,h2h,,,Detroit Red Wings vs Ottawa Senators,2025-01-08T00:00:00Z,Detroit Red Wings,DraftKings,105,,47.44,https://sportsbook.draftkings.com/event/31628793?outcomes=0ML78182935_1,Ottawa Senators,BetRivers,-118,,52.56,https://{state}.betrivers.com/?page=sportsbook#event/1021141711?coupon={pickType}|3607465619|{wagerAmount},0.0,2025-01-07 22:50:27.186821+00:00
Low Hold,1.95,NHL,player_prop,Dylan Larkin - Shots on Goal,2.5,Detroit Red Wings vs Ottawa Senators,2025-01-08T00:00:00Z,Over (2.5),BetRivers,-130,2.5,55.42,https://{state}.betrivers.com/?page=sportsbook#event/1021141711,Under (2.5),DraftKings,120,2.5,44.58,https://sportsbook.draftkings.com/event/31628793,0.0,2025-01-07 22:50:27.186821+00:00
Low Hold,2.79,NHL,player_prop,Dylan Larkin - Shots on Goal,2.5,Detroit Red Wings vs Ottawa Senators,2025-01-08T00:00:00Z,Over (2.5),BetRivers,-130,2.5,54.96,https://{state}.betrivers.com/?page=sportsbook#event/1021141711,Under (2.5),FanDuel,116,2.5,45.04,https://sportsbook.fanduel.com/ice-hockey/nhl/ottawa-senators-%40-detroit-red-wings-33919419,0.0,2025-01-07 22:50:27.186821+00:00
Low Hold,1.95,NHL,player_prop,Dylan Larkin - Shots on Goal,2.5,Detroit Red Wings vs Ottawa Senators,2025-01-08T00:00:00Z,Over (2.5),BetRivers,-130,2.5,55.42,https://{state}.betrivers.com/?page=sportsbook#event/1021141711,Under (2.5),BetMGM,120,2.5,44.58,https://sports.{state}.betmgm.com/en/sports/events/ottawa-senators-at-detroit-red-wings-16781335,0.0,2025-01-07 22:50:27.186821+00:00
Low Hold,2.79,NHL,player_prop,Dylan Larkin - Shots on Goal,2.5,Detroit Red Wings vs Ottawa Senators,2025-01-08T00:00:00Z,Over (2.5),BetRivers,-130,2.5,54.96,https://{state}.betrivers.com/?page=sportsbook#event/1021141711,Under (2.5),Pinnacle,116,2.5,45.04,https://www.pinnacle.com/en/hockey/nhl/ottawa-senators-vs-detroit-red-wings/1602764538/,0.0,2025-01-07 22:50:27.186821+00:00
Low Hold,1.95,NHL,player_prop,Brady Tkachuk - Shots on Goal,3.5,Detroit Red Wings vs Ottawa Senators,2025-01-08T00:00:00Z,Over (3.5),BetRivers,-130,3.5,55.42,https://{state}.betrivers.com/?page=sportsbook#event/1021141711,Under (3.5),FanDuel,120,3.5,44.58,https://sportsbook.fanduel.com/ice-hockey/nhl/ottawa-senators-%40-detroit-red-wings-33919419,0.0,2025-01-07 22:50:27.186821+00:00
Low Hold,1.95,NHL,player_prop,Brady Tkachuk - Shots on Goal,3.5,Detroit Red Wings vs Ottawa Senators,2025-01-08T00:00:00Z,Over (3.5),BetRivers,-130,3.5,55.42,https://{state}.betrivers.com/?page=sportsbook#event/1021141711,Under (3.5),Pinnacle,120,3.5,44.58,https://www.pinnacle.com/en/hockey/nhl/ottawa-senators-vs-detroit-red-wings/1602764538/,0.0,2025-01-07 22:50:27.186821+00:00
Low Hold,2.54,NHL,player_prop,Dylan Larkin - Points,0.5,Detroit Red Wings vs Ottawa Senators,2025-01-08T00:00:00Z,Over (0.5),FanDuel,-161,0.5,60.2,https://sportsbook.fanduel.com/ice-hockey/nhl/ottawa-senators-%40-detroit-red-wings-33919419,Under (0.5),DraftKings,145,0.5,39.8,https://sportsbook.draftkings.com/event/31628793,0.0,2025-01-07 22:50:27.186821+00:00
Low Hold,2.54,NHL,player_prop,Dylan Larkin - Points,0.5,Detroit Red Wings vs Ottawa Senators,2025-01-08T00:00:00Z,Over (0.5),FanDuel,-161,0.5,60.2,https://sportsbook.fanduel.com/ice-hockey/nhl/ottawa-senators-%40-detroit-red-wings-33919419,Under (0.5),BetMGM,145,0.5,39.8,https://sports.{state}.betmgm.com/en/sports/events/ottawa-senators-at-detroit-red-wings-16781335,0.0,2025-01-07 22:50:27.186821+00:00
Low Hold,0.94,NHL,player_prop,Dylan Larkin - Points,0.5,Detroit Red Wings vs Ottawa Senators,2025-01-08T00:00:00Z,Over (0.5),FanDuel,-161,0.5,61.15,https://sportsbook.fanduel.com/ice-hockey/nhl/ottawa-senators-%40-detroit-red-wings-33919419,Under (0.5),Pinnacle,155,0.5,38.85,https://www.pinnacle.com/en/hockey/nhl/ottawa-senators-vs-detroit-red-wings/1602764538/,0.0,2025-01-07 22:50:27.186821+00:00
Low Hold,2.92,NHL,h2h,,,Philadelphia Flyers vs Toronto Maple Leafs,2025-01-08T00:30:00Z,Philadelphia Flyers,BetMGM,125,,43.18,https://sports.{state}.betmgm.com/en/sports?options=16781347-1218001004--816970899&type=Single,Toronto Maple Leafs,BetRivers,-141,,56.82,https://{state}.betrivers.com/?page=sportsbook#event/1021141723?coupon={pickType}|3607487379|{wagerAmount},0.0,2025-01-07 22:50:27.186821+00:00
Low Hold,1.81,NHL,alternate_totals,,5.5,Philadelphia Flyers vs Toronto Maple Leafs,2025-01-08T00:30:00Z,Over,BetMGM,-120,5.5,53.67,https://sports.{state}.betmgm.com/en/sports?options=16781347-1218001020--816970828&type=Single,Under,BetRivers,112,5.5,46.33,https://{state}.betrivers.com/?page=sportsbook#event/1021141723?coupon={pickType}|3607719240|{wagerAmount},0.0,2025-01-07 22:50:27.186821+00:00
Low Hold,2.92,NHL,alternate_totals,,6.5,Philadelphia Flyers vs Toronto Maple Leafs,2025-01-08T00:30:00Z,Over,BetMGM,125,6.5,43.18,https://sports.{state}.betmgm.com/en/sports?options=16781347-1218001022--816970824&type=Single,Under,BetRivers,-141,6.5,56.82,https://{state}.betrivers.com/?page=sportsbook#event/1021141723?coupon={pickType}|3607719517|{wagerAmount},0.0,2025-01-07 22:50:27.186821+00:00
Low Hold,2.54,NHL,totals_p1,,1.5,Philadelphia Flyers vs Toronto Maple Leafs,2025-01-08T00:30:00Z,Over,FanDuel,-116,1.5,52.43,https://sportsbook.fanduel.com/addToBetslip?marketId=42.472623251&selectionId=7017911,Under,DraftKings,105,1.5,47.57,https://sportsbook.draftkings.com/event/31628797?outcomes=0OU78183978U150_3,0.0,2025-01-07 22:50:27.186821+00:00
Low Hold,2.21,NHL,player_prop,Travis Konecny - Shots on Goal,2.5,Philadelphia Flyers vs Toronto Maple Leafs,2025-01-08T00:30:00Z,Over (2.5),BetRivers,-114,2.5,52.04,https://{state}.betrivers.com/?page=sportsbook#event/1021141723,Under (2.5),FanDuel,104,2.5,47.96,https://sportsbook.fanduel.com/ice-hockey/nhl/toronto-maple-leafs-%40-philadelphia-flyers-33919425,0.0,2025-01-07 22:50:27.186821+00:00
Low Hold,1.97,NHL,player_prop,Travis Konecny - Shots on Goal,2.5,Philadelphia Flyers vs Toronto Maple Leafs,2025-01-08T00:30:00Z,Over (2.5),BetRivers,-114,2.5,52.16,https://{state}.betrivers.com/?page=sportsbook#event/1021141723,Under (2.5),DraftKings,105,2.5,47.84,https://sportsbook.draftkings.com/event/31628797,0.0,2025-01-07 22:50:27.186821+00:00
Low Hold,1.97,NHL,player_prop,Travis Konecny - Shots on Goal,2.5,Philadelphia Flyers vs Toronto Maple Leafs,2025-01-08T00:30:00Z,Over (2.5),BetRivers,-114,2.5,52.16,https://{state}.betrivers.com/?page=sportsbook#event/1021141723,Under (2.5),Pinnacle,105,2.5,47.84,https://www.pinnacle.com/en/hockey/nhl/toronto-maple-leafs-vs-philadelphia-flyers/1602762931/,0.0,2025-01-07 22:50:27.186821+00:00
Low Hold,2.94,NHL,player_prop,John Tavares - Shots on Goal,2.5,Philadelphia Flyers vs Toronto Maple Leafs,2025-01-08T00:30:00Z,Over (2.5),BetRivers,-114,2.5,51.67,https://{state}.betrivers.com/?page=sportsbook#event/1021141723,Under (2.5),Pinnacle,101,2.5,48.33,https://www.pinnacle.com/en/hockey/nhl/toronto-maple-leafs-vs-philadelphia-flyers/1602762931/,0.0,2025-01-07 22:50:27.186821+00:00
Low Hold,2.79,NHL,player_prop,Auston Matthews - Shots on Goal,3.5,Philadelphia Flyers vs Toronto Maple Leafs,2025-01-08T00:30:00Z,Over (3.5),BetRivers,-130,3.5,54.96,https://{state}.betrivers.com/?page=sportsbook#event/1021141723,Under (3.5),FanDuel,116,3.5,45.04,https://sportsbook.fanduel.com/ice-hockey/nhl/toronto-maple-leafs-%40-philadelphia-flyers-33919425,0.0,2025-01-07 22:50:27.186821+00:00
Low Hold,1.95,NHL,player_prop,Auston Matthews - Shots on Goal,3.5,Philadelphia Flyers vs Toronto Maple Leafs,2025-01-08T00:30:00Z,Over (3.5),BetRivers,-130,3.5,55.42,https://{state}.betrivers.com/?page=sportsbook#event/1021141723,Under (3.5),DraftKings,120,3.5,44.58,https://sportsbook.draftkings.com/event/31628797,0.0,2025-01-07 22:50:27.186821+00:00
Low Hold,2.37,NHL,player_prop,Auston Matthews - Shots on Goal,3.5,Philadelphia Flyers vs Toronto Maple Leafs,2025-01-08T00:30:00Z,Over (3.5),BetRivers,-130,3.5,55.19,https://{state}.betrivers.com/?page=sportsbook#event/1021141723,Under (3.5),Pinnacle,118,3.5,44.81,https://www.pinnacle.com/en/hockey/nhl/toronto-maple-leafs-vs-philadelphia-flyers/1602762931/,0.0,2025-01-07 22:50:27.186821+00:00
Low Hold,2.69,NHL,player_prop,Travis Sanheim - Shots on Goal,1.5,Philadelphia Flyers vs Toronto Maple Leafs,2025-01-08T00:30:00Z,Over (1.5),FanDuel,-128,1.5,54.71,https://sportsbook.fanduel.com/ice-hockey/nhl/toronto-maple-leafs-%40-philadelphia-flyers-33919425,Under (1.5),BetRivers,115,1.5,45.29,https://{state}.betrivers.com/?page=sportsbook#event/1021141723,0.0,2025-01-07 22:50:27.186821+00:00
Low Hold,2.73,NHL,player_prop,Matthew Knies - Points,0.5,Philadelphia Flyers vs Toronto Maple Leafs,2025-01-08T00:30:00Z,Over (0.5),FanDuel,112,0.5,45.92,https://sportsbook.fanduel.com/ice-hockey/nhl/toronto-maple-leafs-%40-philadelphia-flyers-33919425,Under (0.5),DraftKings,-125,0.5,54.08,https://sportsbook.draftkings.com/event/31628797,0.0,2025-01-07 22:50:27.186821+00:00
Low Hold,2.73,NHL,player_prop,Matthew Knies - Points,0.5,Philadelphia Flyers vs Toronto Maple Leafs,2025-01-08T00:30:00Z,Over (0.5),FanDuel,112,0.5,45.92,https://sportsbook.fanduel.com/ice-hockey/nhl/toronto-maple-leafs-%40-philadelphia-flyers-33919425,Under (0.5),Pinnacle,-125,0.5,54.08,https://www.pinnacle.com/en/hockey/nhl/toronto-maple-leafs-vs-philadelphia-flyers/1602762931/,0.0,2025-01-07 22:50:27.186821+00:00
Low Hold,2.98,NHL,player_prop,Bobby McMann - Points,0.5,Philadelphia Flyers vs Toronto Maple Leafs,2025-01-08T00:30:00Z,Over (0.5),FanDuel,132,0.5,41.85,https://sportsbook.fanduel.com/ice-hockey/nhl/toronto-maple-leafs-%40-philadelphia-flyers-33919425,Under (0.5),Pinnacle,-149,0.5,58.15,https://www.pinnacle.com/en/hockey/nhl/toronto-maple-leafs-vs-philadelphia-flyers/1602762931/,0.0,2025-01-07 22:50:27.186821+00:00
Low Hold,2.02,NHL,player_prop,Mitch Marner - Points,1.5,Philadelphia Flyers vs Toronto Maple Leafs,2025-01-08T00:30:00Z,Over (1.5),FanDuel,176,1.5,35.51,https://sportsbook.fanduel.com/ice-hockey/nhl/toronto-maple-leafs-%40-philadelphia-flyers-33919425,Under (1.5),Pinnacle,-192,1.5,64.49,https://www.pinnacle.com/en/hockey/nhl/toronto-maple-leafs-vs-philadelphia-flyers/1602762931/,0.0,2025-01-07 22:50:27.186821+00:00
Low Hold,2.98,NHL,player_prop,Auston Matthews - Points,1.5,Philadelphia Flyers vs Toronto Maple Leafs,2025-01-08T00:30:00Z,Over (1.5),FanDuel,190,1.5,33.49,https://sportsbook.fanduel.com/ice-hockey/nhl/toronto-maple-leafs-%40-philadelphia-flyers-33919425,Under (1.5),DraftKings,-217,1.5,66.51,https://sportsbook.draftkings.com/event/31628797,0.0,2025-01-07 22:50:27.186821+00:00
Low Hold,2.98,NHL,player_prop,Auston Matthews - Points,1.5,Philadelphia Flyers vs Toronto Maple Leafs,2025-01-08T00:30:00Z,Over (1.5),FanDuel,190,1.5,33.49,https://sportsbook.fanduel.com/ice-hockey/nhl/toronto-maple-leafs-%40-philadelphia-flyers-33919425,Under (1.5),Pinnacle,-217,1.5,66.51,https://www.pinnacle.com/en/hockey/nhl/toronto-maple-leafs-vs-philadelphia-flyers/1602762931/,0.0,2025-01-07 22:50:27.186821+00:00
Low Hold,2.51,NHL,player_prop,John Tavares - Assists,0.5,Philadelphia Flyers vs Toronto Maple Leafs,2025-01-08T00:30:00Z,Over (0.5),BetMGM,155,0.5,38.26,https://sports.{state}.betmgm.com/en/sports/events/toronto-maple-leafs-at-philadelphia-flyers-16781347,Under (0.5),Pinnacle,-172,0.5,61.74,https://www.pinnacle.com/en/hockey/nhl/toronto-maple-leafs-vs-philadelphia-flyers/1602762931/,0.0,2025-01-07 22:50:27.186821+00:00
Low Hold,2.28,NHL,h2h,,,Minnesota Wild vs St Louis Blues,2025-01-08T01:00:00Z,Minnesota Wild,BetMGM,-125,,54.31,https://sports.{state}.betmgm.com/en/sports?options=16781356-1218001301--816969731&type=Single,St Louis Blues,FanDuel,114,,45.69,https://sportsbook.fanduel.com/addToBetslip?marketId=42.472491815&selectionId=25595,0.0,2025-01-07 22:50:27.186821+00:00
Low Hold,2.98,NHL,totals,,5.5,Minnesota Wild vs St Louis Blues,2025-01-08T01:00:00Z,Over,BetRivers,102,5.5,48.07,https://{state}.betrivers.com/?page=sportsbook#event/1021141716?coupon={pickType}|3607729333|{wagerAmount},Under,DraftKings,-115,5.5,51.93,https://sportsbook.draftkings.com/event/31628798?outcomes=0OU78182949U550_3,0.0,2025-01-07 22:50:27.186821+00:00
Low Hold,2.98,NHL,alternate_totals,,5.5,Minnesota Wild vs St Louis Blues,2025-01-08T01:00:00Z,Over,BetRivers,102,5.5,48.07,https://{state}.betrivers.com/?page=sportsbook#event/1021141716?coupon={pickType}|3607729333|{wagerAmount},Under,BetMGM,-115,5.5,51.93,https://sports.{state}.betmgm.com/en/sports?options=16781356-1218001328--816969668&type=Single,0.0,2025-01-07 22:50:27.186821+00:00
Low Hold,2.56,NHL,alternate_totals,,6.5,Minnesota Wild vs St Louis Blues,2025-01-08T01:00:00Z,Over,BetRivers,160,6.5,37.5,https://{state}.betrivers.com/?page=sportsbook#event/1021141716?coupon={pickType}|3607729440|{wagerAmount},Under,DraftKings,-179,6.5,62.5,https://sportsbook.draftkings.com/event/31628798?outcomes=0OU78184160U650_3,0.0,2025-01-07 22:50:27.186821+00:00
Low Hold,2.84,NHL,alternate_totals,,7.0,Minnesota Wild vs St Louis Blues,2025-01-08T01:00:00Z,Over,BetRivers,295,7.0,24.62,https://{state}.betrivers.com/?page=sportsbook#event/1021141716?coupon={pickType}|3607745086|{wagerAmount},Under,BetMGM,-345,7.0,75.38,https://sports.{state}.betmgm.com/en/sports?options=16781356-1218001332--816969658&type=Single,0.0,2025-01-07 22:50:27.186821+00:00
Low Hold,2.43,NHL,alternate_totals,,6.0,Minnesota Wild vs St Louis Blues,2025-01-08T01:00:00Z,Over,BetRivers,135,6.0,41.54,https://{state}.betrivers.com/?page=sportsbook#event/1021141716?coupon={pickType}|3607745367|{wagerAmount},Under,BetMGM,-149,6.0,58.46,https://sports.{state}.betmgm.com/en/sports?options=16781356-1218001329--816969664&type=Single,0.0,2025-01-07 22:50:27.186821+00:00
Low Hold,2.3,NHL,player_prop,Joel Eriksson Ek - Shots on Goal,2.5,Minnesota Wild vs St Louis Blues,2025-01-08T01:00:00Z,Over (2.5),BetRivers,-143,2.5,57.5,https://{state}.betrivers.com/?page=sportsbook#event/1021141716,Under (2.5),DraftKings,130,2.5,42.5,https://sportsbook.draftkings.com/event/31628798,0.0,2025-01-07 22:50:27.186821+00:00
Low Hold,2.3,NHL,player_prop,Joel Eriksson Ek - Shots on Goal,2.5,Minnesota Wild vs St Louis Blues,2025-01-08T01:00:00Z,Over (2.5),BetRivers,-143,2.5,57.5,https://{state}.betrivers.com/?page=sportsbook#event/1021141716,Under (2.5),BetMGM,130,2.5,42.5,https://sports.{state}.betmgm.com/en/sports/events/st.-louis-blues-at-minnesota-wild-16781356,0.0,2025-01-07 22:50:27.186821+00:00
Low Hold,1.02,NHL,player_prop,Joel Eriksson Ek - Shots on Goal,2.5,Minnesota Wild vs St Louis Blues,2025-01-08T01:00:00Z,Over (2.5),BetRivers,-143,2.5,58.23,https://{state}.betrivers.com/?page=sportsbook#event/1021141716,Under (2.5),Pinnacle,137,2.5,41.77,https://www.pinnacle.com/en/hockey/nhl/st.-louis-blues-vs-minnesota-wild/1602764021/,0.0,2025-01-07 22:50:27.186821+00:00
Low Hold,2.27,NHL,player_prop,Marco Rossi - Points,0.5,Minnesota Wild vs St Louis Blues,2025-01-08T01:00:00Z,Over (0.5),FanDuel,-132,0.5,55.56,https://sportsbook.fanduel.com/ice-hockey/nhl/st.-louis-blues-%40-minnesota-wild-33919428,Under (0.5),DraftKings,120,0.5,44.44,https://sportsbook.draftkings.com/event/31628798,0.0,2025-01-07 22:50:27.186821+00:00
Low Hold,2.27,NHL,player_prop,Marco Rossi - Points,0.5,Minnesota Wild vs St Louis Blues,2025-01-08T01:00:00Z,Over (0.5),FanDuel,-132,0.5,55.56,https://sportsbook.fanduel.com/ice-hockey/nhl/st.-louis-blues-%40-minnesota-wild-33919428,Under (0.5),BetMGM,120,0.5,44.44,https://sports.{state}.betmgm.com/en/sports/events/st.-louis-blues-at-minnesota-wild-16781356,0.0,2025-01-07 22:50:27.186821+00:00
Low Hold,2.99,NHL,player_prop,Brandon Saad - Points,0.5,Minnesota Wild vs St Louis Blues,2025-01-08T01:00:00Z,Over (0.5),FanDuel,186,0.5,33.95,https://sportsbook.fanduel.com/ice-hockey/nhl/st.-louis-blues-%40-minnesota-wild-33919428,Under (0.5),DraftKings,-213,0.5,66.05,https://sportsbook.draftkings.com/event/31628798,0.0,2025-01-07 22:50:27.186821+00:00
Low Hold,2.88,NHL,player_prop,Brayden Schenn - Points,0.5,Minnesota Wild vs St Louis Blues,2025-01-08T01:00:00Z,Over (0.5),Pinnacle,143,0.5,40.0,https://www.pinnacle.com/en/hockey/nhl/st.-louis-blues-vs-minnesota-wild/1602764021/,Under (0.5),FanDuel,-161,0.5,60.0,https://sportsbook.fanduel.com/ice-hockey/nhl/st.-louis-blues-%40-minnesota-wild-33919428,0.0,2025-01-07 22:50:27.186821+00:00
Low Hold,2.55,NHL,alternate_totals,,7.5,Winnipeg Jets vs Nashville Predators,2025-01-08T01:00:00Z,Over,FanDuel,320,7.5,23.22,https://sportsbook.fanduel.com/addToBetslip?marketId=42.472623583&selectionId=8359774,Under,DraftKings,-370,7.5,76.78,https://sportsbook.draftkings.com/event/31628799?outcomes=0OU78184181U750_3,0.0,2025-01-07 22:50:27.186821+00:00
Low Hold,2.3,NHL,player_prop,Mark Scheifele - Shots on Goal,2.5,Winnipeg Jets vs Nashville Predators,2025-01-08T01:00:00Z,Over (2.5),BetRivers,130,2.5,42.5,https://{state}.betrivers.com/?page=sportsbook#event/1021141717,Under (2.5),DraftKings,-143,2.5,57.5,https://sportsbook.draftkings.com/event/31628799,0.0,2025-01-07 22:50:27.186821+00:00
Low Hold,2.65,NHL,player_prop,Mark Scheifele - Shots on Goal,2.5,Winnipeg Jets vs Nashville Predators,2025-01-08T01:00:00Z,Over (2.5),BetRivers,130,2.5,42.36,https://{state}.betrivers.com/?page=sportsbook#event/1021141717,Under (2.5),Pinnacle,-145,2.5,57.64,https://www.pinnacle.com/en/hockey/nhl/nashville-predators-vs-winnipeg-jets/1602762934/,0.0,2025-01-07 22:50:27.186821+00:00
Low Hold,1.95,NHL,player_prop,Jonathan Marchessault - Shots on Goal,2.5,Winnipeg Jets vs Nashville Predators,2025-01-08T01:00:00Z,Over (2.5),BetRivers,-130,2.5,55.42,https://{state}.betrivers.com/?page=sportsbook#event/1021141717,Under (2.5),DraftKings,120,2.5,44.58,https://sportsbook.draftkings.com/event/31628799,0.0,2025-01-07 22:50:27.186821+00:00
Low Hold,2.37,NHL,player_prop,Jonathan Marchessault - Shots on Goal,2.5,Winnipeg Jets vs Nashville Predators,2025-01-08T01:00:00Z,Over (2.5),BetRivers,-130,2.5,55.19,https://{state}.betrivers.com/?page=sportsbook#event/1021141717,Under (2.5),Pinnacle,118,2.5,44.81,https://www.pinnacle.com/en/hockey/nhl/nashville-predators-vs-winnipeg-jets/1602762934/,0.0,2025-01-07 22:50:27.186821+00:00
Low Hold,2.3,NHL,player_prop,Steven Stamkos - Points,0.5,Winnipeg Jets vs Nashville Predators,2025-01-08T01:00:00Z,Over (0.5),FanDuel,-104,0.5,49.87,https://sportsbook.fanduel.com/ice-hockey/nhl/nashville-predators-%40-winnipeg-jets-33919427,Under (0.5),Pinnacle,-105,0.5,50.13,https://www.pinnacle.com/en/hockey/nhl/nashville-predators-vs-winnipeg-jets/1602762934/,0.0,2025-01-07 22:50:27.186821+00:00
Low Hold,2.67,NHL,player_prop,Nikolaj Ehlers - Points,0.5,Winnipeg Jets vs Nashville Predators,2025-01-08T01:00:00Z,Over (0.5),FanDuel,-159,0.5,59.75,https://sportsbook.fanduel.com/ice-hockey/nhl/nashville-predators-%40-winnipeg-jets-33919427,Under (0.5),Pinnacle,142,0.5,40.25,https://www.pinnacle.com/en/hockey/nhl/nashville-predators-vs-winnipeg-jets/1602762934/,0.0,2025-01-07 22:50:27.186821+00:00
Low Hold,2.26,NHL,player_prop,Filip Forsberg - Points,0.5,Winnipeg Jets vs Nashville Predators,2025-01-08T01:00:00Z,Over (0.5),DraftKings,-147,0.5,58.21,https://sportsbook.draftkings.com/event/31628799,Under (0.5),FanDuel,134,0.5,41.79,https://sportsbook.fanduel.com/ice-hockey/nhl/nashville-predators-%40-winnipeg-jets-33919427,0.0,2025-01-07 22:50:27.186821+00:00
Low Hold,2.43,NHL,player_prop,Filip Forsberg - Assists,0.5,Winnipeg Jets vs Nashville Predators,2025-01-08T01:00:00Z,Over (0.5),Caesars,135,0.5,41.54,https://sportsbook.caesars.com/us/{state}/bet/icehockey/fb272a21-db0f-4b80-8a55-8efb63e49fb0/nashville-predators-at-winnipeg-jets,Under (0.5),Pinnacle,-149,0.5,58.46,https://www.pinnacle.com/en/hockey/nhl/nashville-predators-vs-winnipeg-jets/1602762934/,0.0,2025-01-07 22:50:27.186821+00:00
Low Hold,2.28,NHL,h2h,,,Anaheim Ducks vs Calgary Flames,2025-01-08T03:00:00Z,Anaheim Ducks,FanDuel,132,,42.14,https://sportsbook.fanduel.com/addToBetslip?marketId=42.472491821&selectionId=2294077,Calgary Flames,Caesars,-145,,57.86,https://sportsbook.caesars.com/us/{state}/bet/betslip?selectionIds=0b1aa162-23a2-3a87-9e3e-dff9c0e58122,0.0,2025-01-07 22:50:27.186821+00:00
Low Hold,2.83,NHL,spreads,,1.5,Anaheim Ducks vs Calgary Flames,2025-01-08T03:00:00Z,Anaheim Ducks,FanDuel,-192,1.5,63.98,https://sportsbook.fanduel.com/addToBetslip?marketId=42.472491824&selectionId=2294077,Calgary Flames,BetRivers,170,-1.5,36.02,https://{state}.betrivers.com/?page=sportsbook#event/1021141718?coupon={pickType}|3607747078|{wagerAmount},0.0,2025-01-07 22:50:27.186821+00:00
Low Hold,2.52,NHL,alternate_spreads,,-1.5,Anaheim Ducks vs Calgary Flames,2025-01-08T03:00:00Z,Anaheim Ducks,FanDuel,300,-1.5,24.39,https://sportsbook.fanduel.com/addToBetslip?marketId=42.472624686&selectionId=7000452,Calgary Flames,DraftKings,-345,1.5,75.61,https://sportsbook.draftkings.com/event/31628800?outcomes=0HC78184205P150_3,0.0,2025-01-07 22:50:27.186821+00:00
Low Hold,1.95,NHL,h2h_p1,,,Anaheim Ducks vs Calgary Flames,2025-01-08T03:00:00Z,Anaheim Ducks,FanDuel,120,,44.58,https://sportsbook.fanduel.com/addToBetslip?marketId=42.472624633&selectionId=2294077,Calgary Flames,Caesars,-130,,55.42,https://sportsbook.caesars.com/us/{state}/bet/betslip?selectionIds=3e63780f-6fef-3cf4-92eb-26b1aa5a2780,0.0,2025-01-07 22:50:27.186821+00:00
Low Hold,1.97,NHL,spreads_p1,,0.5,Anaheim Ducks vs Calgary Flames,2025-01-08T03:00:00Z,Anaheim Ducks,FanDuel,-185,0.5,63.68,https://sportsbook.fanduel.com/addToBetslip?marketId=42.472624652&selectionId=2294077,Calgary Flames,Caesars,170,-0.5,36.32,https://sportsbook.caesars.com/us/{state}/bet/betslip?selectionIds=f279f3a8-2dc0-3a0d-854f-207bbe21441c,0.0,2025-01-07 22:50:27.186821+00:00
Low Hold,2.37,NHL,player_prop,Alex Killorn - Shots on Goal,1.5,Anaheim Ducks vs Calgary Flames,2025-01-08T03:00:00Z,Over (1.5),BetRivers,-130,1.5,55.19,https://{state}.betrivers.com/?page=sportsbook#event/1021141718,Under (1.5),FanDuel,118,1.5,44.81,https://sportsbook.fanduel.com/ice-hockey/nhl/calgary-flames-%40-anaheim-ducks-33919429,0.0,2025-01-07 22:50:27.186821+00:00
Low Hold,2.3,NHL,player_prop,Jonathan Huberdeau - Shots on Goal,1.5,Anaheim Ducks vs Calgary Flames,2025-01-08T03:00:00Z,Over (1.5),BetRivers,-143,1.5,57.5,https://{state}.betrivers.com/?page=sportsbook#event/1021141718,Under (1.5),FanDuel,130,1.5,42.5,https://sportsbook.fanduel.com/ice-hockey/nhl/calgary-flames-%40-anaheim-ducks-33919429,0.0,2025-01-07 22:50:27.186821+00:00
Low Hold,2.3,NHL,player_prop,Jonathan Huberdeau - Shots on Goal,1.5,Anaheim Ducks vs Calgary Flames,2025-01-08T03:00:00Z,Over (1.5),BetRivers,-143,1.5,57.5,https://{state}.betrivers.com/?page=sportsbook#event/1021141718,Under (1.5),DraftKings,130,1.5,42.5,https://sportsbook.draftkings.com/event/31628800,0.0,2025-01-07 22:50:27.186821+00:00
Low Hold,2.3,NHL,player_prop,Jonathan Huberdeau - Shots on Goal,1.5,Anaheim Ducks vs Calgary Flames,2025-01-08T03:00:00Z,Over (1.5),BetRivers,-143,1.5,57.5,https://{state}.betrivers.com/?page=sportsbook#event/1021141718,Under (1.5),BetMGM,130,1.5,42.5,https://sports.{state}.betmgm.com/en/sports/events/calgary-flames-at-anaheim-ducks-16781531,0.0,2025-01-07 22:50:27.186821+00:00
Low Hold,2.49,NHL,player_prop,Jonathan Huberdeau - Shots on Goal,1.5,Anaheim Ducks vs Calgary Flames,2025-01-08T03:00:00Z,Over (1.5),BetRivers,-143,1.5,57.39,https://{state}.betrivers.com/?page=sportsbook#event/1021141718,Under (1.5),Pinnacle,129,1.5,42.61,https://www.pinnacle.com/en/hockey/nhl/calgary-flames-vs-anaheim-ducks/1602764031/,0.0,2025-01-07 22:50:27.186821+00:00
Low Hold,0.81,NHL,player_prop,Troy Terry - Shots on Goal,2.5,Anaheim Ducks vs Calgary Flames,2025-01-08T03:00:00Z,Over (2.5),DraftKings,110,2.5,47.24,https://sportsbook.draftkings.com/event/31628800,Under (2.5),BetRivers,-114,2.5,52.76,https://{state}.betrivers.com/?page=sportsbook#event/1021141718,0.0,2025-01-07 22:50:27.186821+00:00
Low Hold,0.81,NHL,player_prop,Troy Terry - Shots on Goal,2.5,Anaheim Ducks vs Calgary Flames,2025-01-08T03:00:00Z,Over (2.5),BetMGM,110,2.5,47.24,https://sports.{state}.betmgm.com/en/sports/events/calgary-flames-at-anaheim-ducks-16781531,Under (2.5),BetRivers,-114,2.5,52.76,https://{state}.betrivers.com/?page=sportsbook#event/1021141718,0.0,2025-01-07 22:50:27.186821+00:00
Low Hold,1.74,NHL,player_prop,Troy Terry - Shots on Goal,2.5,Anaheim Ducks vs Calgary Flames,2025-01-08T03:00:00Z,Over (2.5),Pinnacle,106,2.5,47.72,https://www.pinnacle.com/en/hockey/nhl/calgary-flames-vs-anaheim-ducks/1602764031/,Under (2.5),BetRivers,-114,2.5,52.28,https://{state}.betrivers.com/?page=sportsbook#event/1021141718,0.0,2025-01-07 22:50:27.186821+00:00
Low Hold,2.87,NHL,player_prop,Mikael Backlund - Shots on Goal,2.5,Anaheim Ducks vs Calgary Flames,2025-01-08T03:00:00Z,Over (2.5),BetRivers,-123,2.5,53.71,https://{state}.betrivers.com/?page=sportsbook#event/1021141718,Under (2.5),FanDuel,110,2.5,46.29,https://sportsbook.fanduel.com/ice-hockey/nhl/calgary-flames-%40-anaheim-ducks-33919429,0.0,2025-01-07 22:50:27.186821+00:00
Low Hold,2.83,NHL,player_prop,Nazem Kadri - Shots on Goal,3.5,Anaheim Ducks vs Calgary Flames,2025-01-08T03:00:00Z,Over (3.5),BetRivers,-106,3.5,50.13,https://{state}.betrivers.com/?page=sportsbook#event/1021141718,Under (3.5),Pinnacle,-105,3.5,49.87,https://www.pinnacle.com/en/hockey/nhl/calgary-flames-vs-anaheim-ducks/1602764031/,0.0,2025-01-07 22:50:27.186821+00:00
Low Hold,2.5,NHL,player_prop,Blake Coleman - Points,0.5,Anaheim Ducks vs Calgary Flames,2025-01-08T03:00:00Z,Over (0.5),Pinnacle,113,0.5,45.8,https://www.pinnacle.com/en/hockey/nhl/calgary-flames-vs-anaheim-ducks/1602764031/,Under (0.5),FanDuel,-125,0.5,54.2,https://sportsbook.fanduel.com/ice-hockey/nhl/calgary-flames-%40-anaheim-ducks-33919429,0.0,2025-01-07 22:50:27.186821+00:00
Low Hold,2.21,NHL,player_prop,Leo Carlsson - Shots on Goal,1.5,Anaheim Ducks vs Calgary Flames,2025-01-08T03:00:00Z,Over (1.5),FanDuel,-114,1.5,52.04,https://sportsbook.fanduel.com/ice-hockey/nhl/calgary-flames-%40-anaheim-ducks-33919429,Under (1.5),Pinnacle,104,1.5,47.96,https://www.pinnacle.com/en/hockey/nhl/calgary-flames-vs-anaheim-ducks/1602764031/,0.0,2025-01-07 22:50:27.186821+00:00
Low Hold,1.79,NHL,h2h,,,San Jose Sharks vs Vegas Golden Knights,2025-01-08T03:30:00Z,San Jose Sharks,Caesars,235,,29.32,https://sportsbook.caesars.com/us/{state}/bet/betslip?selectionIds=6d352a4e-14ec-3040-b393-c905ec2a9b30,Vegas Golden Knights,FanDuel,-256,,70.68,https://sportsbook.fanduel.com/addToBetslip?marketId=42.472491836&selectionId=13305501,0.0,2025-01-07 22:50:27.186821+00:00
Low Hold,1.28,NHL,spreads,,1.5,San Jose Sharks vs Vegas Golden Knights,2025-01-08T03:30:00Z,San Jose Sharks,Caesars,-105,1.5,50.63,https://sportsbook.caesars.com/us/{state}/bet/betslip?selectionIds=ef7bb87b-e7ca-3f01-b070-a8d5367e0bb5,Vegas Golden Knights,BetRivers,100,-1.5,49.37,https://{state}.betrivers.com/?page=sportsbook#event/1021141719?coupon={pickType}|3607744500|{wagerAmount},0.0,2025-01-07 22:50:27.186821+00:00
Low Hold,2.98,NHL,totals,,6.5,San Jose Sharks vs Vegas Golden Knights,2025-01-08T03:30:00Z,Over,BetRivers,102,6.5,48.07,https://{state}.betrivers.com/?page=sportsbook#event/1021141719?coupon={pickType}|3607744366|{wagerAmount},Under,FanDuel,-115,6.5,51.93,https://sportsbook.fanduel.com/addToBetslip?marketId=42.472491834&selectionId=7017912,0.0,2025-01-07 22:50:27.186821+00:00
Low Hold,2.83,NHL,alternate_spreads,,2.5,San Jose Sharks vs Vegas Golden Knights,2025-01-08T03:30:00Z,San Jose Sharks,Caesars,-204,2.5,65.27,https://sportsbook.caesars.com/us/{state}/bet/betslip?selectionIds=59b675c8-fdc4-3439-9c36-959281d34e73,Vegas Golden Knights,FanDuel,180,-2.5,34.73,https://sportsbook.fanduel.com/addToBetslip?marketId=42.472626924&selectionId=53322297,0.0,2025-01-07 22:50:27.186821+00:00
Low Hold,2.98,NHL,alternate_totals,,6.5,San Jose Sharks vs Vegas Golden Knights,2025-01-08T03:30:00Z,Over,BetRivers,102,6.5,48.07,https://{state}.betrivers.com/?page=sportsbook#event/1021141719?coupon={pickType}|3607744366|{wagerAmount},Under,BetMGM,-115,6.5,51.93,https://sports.{state}.betmgm.com/en/sports?options=16781532-1218012659--816927860&type=Single,0.0,2025-01-07 22:50:27.186821+00:00
Low Hold,2.59,NHL,h2h_p1,,,San Jose Sharks vs Vegas Golden Knights,2025-01-08T03:30:00Z,San Jose Sharks,BetRivers,175,,35.45,https://{state}.betrivers.com/?page=sportsbook#event/1021141719?coupon={pickType}|3607752250|{wagerAmount},Vegas Golden Knights,Caesars,-196,,64.55,https://sportsbook.caesars.com/us/{state}/bet/betslip?selectionIds=f0eb02b6-9f9f-3455-bf90-344534140196,0.0,2025-01-07 22:50:27.186821+00:00
Low Hold,2.3,NHL,player_prop,Macklin Celebrini - Shots on Goal,2.5,San Jose Sharks vs Vegas Golden Knights,2025-01-08T03:30:00Z,Over (2.5),DraftKings,-143,2.5,57.5,https://sportsbook.draftkings.com/event/31628801,Under (2.5),BetRivers,130,2.5,42.5,https://{state}.betrivers.com/?page=sportsbook#event/1021141719,0.0,2025-01-07 22:50:27.186821+00:00
Low Hold,1.96,NHL,player_prop,Macklin Celebrini - Shots on Goal,2.5,San Jose Sharks vs Vegas Golden Knights,2025-01-08T03:30:00Z,Over (2.5),BetMGM,-141,2.5,57.36,https://sports.{state}.betmgm.com/en/sports/events/vegas-golden-knights-at-san-jose-sharks-16781532,Under (2.5),BetRivers,130,2.5,42.64,https://{state}.betrivers.com/?page=sportsbook#event/1021141719,0.0,2025-01-07 22:50:27.186821+00:00
Low Hold,2.91,NHL,player_prop,Jack Eichel - Shots on Goal,3.5,San Jose Sharks vs Vegas Golden Knights,2025-01-08T03:30:00Z,Over (3.5),BetRivers,100,3.5,48.59,https://{state}.betrivers.com/?page=sportsbook#event/1021141719,Under (3.5),Pinnacle,-112,3.5,51.41,https://www.pinnacle.com/en/hockey/nhl/vegas-golden-knights-vs-san-jose-sharks/1602764573/,0.0,2025-01-07 22:50:27.186821+00:00
Low Hold,2.91,NHL,player_prop,Jack Eichel - Shots on Goal,3.5,San Jose Sharks vs Vegas Golden Knights,2025-01-08T03:30:00Z,Over (3.5),BetMGM,100,3.5,48.59,https://sports.{state}.betmgm.com/en/sports/events/vegas-golden-knights-at-san-jose-sharks-16781532,Under (3.5),Pinnacle,-112,3.5,51.41,https://www.pinnacle.com/en/hockey/nhl/vegas-golden-knights-vs-san-jose-sharks/1602764573/,0.0,2025-01-07 22:50:27.186821+00:00
Low Hold,1.72,NHL,player_prop,Alex Pietrangelo - Points,0.5,San Jose Sharks vs Vegas Golden Knights,2025-01-08T03:30:00Z,Over (0.5),DraftKings,126,0.5,43.5,https://sportsbook.draftkings.com/event/31628801,Under (0.5),FanDuel,-135,0.5,56.5,https://sportsbook.fanduel.com/ice-hockey/nhl/vegas-golden-knights-%40-san-jose-sharks-33919430,0.0,2025-01-07 22:50:27.186821+00:00
Low Hold,2.93,NHL,player_prop,Alex Pietrangelo - Points,0.5,San Jose Sharks vs Vegas Golden Knights,2025-01-08T03:30:00Z,Over (0.5),BetMGM,120,0.5,44.16,https://sports.{state}.betmgm.com/en/sports/events/vegas-golden-knights-at-san-jose-sharks-16781532,Under (0.5),FanDuel,-135,0.5,55.84,https://sportsbook.fanduel.com/ice-hockey/nhl/vegas-golden-knights-%40-san-jose-sharks-33919430,0.0,2025-01-07 22:50:27.186821+00:00
Low Hold,2.11,NHL,player_prop,Alex Pietrangelo - Points,0.5,San Jose Sharks vs Vegas Golden Knights,2025-01-08T03:30:00Z,Over (0.5),Pinnacle,124,0.5,43.72,https://www.pinnacle.com/en/hockey/nhl/vegas-golden-knights-vs-san-jose-sharks/1602764573/,Under (0.5),FanDuel,-135,0.5,56.28,https://sportsbook.fanduel.com/ice-hockey/nhl/vegas-golden-knights-%40-san-jose-sharks-33919430,0.0,2025-01-07 22:50:27.186821+00:00
Low Hold,2.66,NHL,player_prop,Mark Stone - Points,1.5,San Jose Sharks vs Vegas Golden Knights,2025-01-08T03:30:00Z,Over (1.5),BetMGM,185,1.5,34.18,https://sports.{state}.betmgm.com/en/sports/events/vegas-golden-knights-at-san-jose-sharks-16781532,Under (1.5),FanDuel,-208,1.5,65.82,https://sportsbook.fanduel.com/ice-hockey/nhl/vegas-golden-knights-%40-san-jose-sharks-33919430,0.0,2025-01-07 22:50:27.186821+00:00
Low Hold,2.76,NHL,player_prop,Noah Hanifin - Shots on Goal,1.5,San Jose Sharks vs Vegas Golden Knights,2025-01-08T03:30:00Z,Over (1.5),BetMGM,-164,1.5,60.44,https://sports.{state}.betmgm.com/en/sports/events/vegas-golden-knights-at-san-jose-sharks-16781532,Under (1.5),FanDuel,146,1.5,39.56,https://sportsbook.fanduel.com/ice-hockey/nhl/vegas-golden-knights-%40-san-jose-sharks-33919430,0.0,2025-01-07 22:50:27.186821+00:00
Low Hold,2.26,NHL,player_prop,Shea Theodore - Assists,0.5,San Jose Sharks vs Vegas Golden Knights,2025-01-08T03:30:00Z,Over (0.5),BetMGM,105,0.5,47.7,https://sports.{state}.betmgm.com/en/sports/events/vegas-golden-knights-at-san-jose-sharks-16781532,Under (0.5),Pinnacle,-115,0.5,52.3,https://www.pinnacle.com/en/hockey/nhl/vegas-golden-knights-vs-san-jose-sharks/1602764573/,0.0,2025-01-07 22:50:27.186821+00:00
Low Hold,2.93,NHL,h2h,,,Washington Capitals vs Vancouver Canucks,2025-01-09T00:30:00Z,Vancouver Canucks,BetRivers,145,,39.66,https://{state}.betrivers.com/?page=sportsbook#event/1021141715?coupon={pickType}|3608299702|{wagerAmount},Washington Capitals,Caesars,-164,,60.34,https://sportsbook.caesars.com/us/{state}/bet/betslip?selectionIds=bb617ee2-501f-3d94-be7e-89290fb5d158,0.0,2025-01-07 22:50:27.186821+00:00
Low Hold,2.52,NHL,alternate_totals,,7.5,Washington Capitals vs Vancouver Canucks,2025-01-09T00:30:00Z,Over,BetRivers,300,7.5,24.39,https://{state}.betrivers.com/?page=sportsbook#event/1021141715?coupon={pickType}|3608569683|{wagerAmount},Under,DraftKings,-345,7.5,75.61,https://sportsbook.draftkings.com/event/31633749?outcomes=0OU78195710U750_3,0.0,2025-01-07 22:50:27.186821+00:00
Low Hold,2.71,NHL,alternate_totals,,8.5,Washington Capitals vs Vancouver Canucks,2025-01-09T00:30:00Z,Over,BetRivers,480,8.5,16.79,https://{state}.betrivers.com/?page=sportsbook#event/1021141715?coupon={pickType}|3608569705|{wagerAmount},Under,DraftKings,-588,8.5,83.21,https://sportsbook.draftkings.com/event/31633749?outcomes=0OU78195710U850_3,0.0,2025-01-07 22:50:27.186821+00:00
Low Hold,1.55,NHL,alternate_totals,,6.0,Washington Capitals vs Vancouver Canucks,2025-01-09T00:30:00Z,Over,BetRivers,108,6.0,47.34,https://{state}.betrivers.com/?page=sportsbook#event/1021141715?coupon={pickType}|3608569811|{wagerAmount},Under,BetMGM,-115,6.0,52.66,https://sports.{state}.betmgm.com/en/sports?options=16781534-1218013026--816926750&type=Single,0.0,2025-01-07 22:50:27.186821+00:00
Low Hold,2.08,NHL,alternate_totals,,6.5,Washington Capitals vs Vancouver Canucks,2025-01-09T00:30:00Z,Over,BetRivers,135,6.5,41.69,https://{state}.betrivers.com/?page=sportsbook#event/1021141715?coupon={pickType}|3608569919|{wagerAmount},Under,Caesars,-147,6.5,58.31,https://sportsbook.caesars.com/us/{state}/bet/betslip?selectionIds=722409de-a1fb-31f4-a37f-02f6e0e6fb3b,0.0,2025-01-07 22:50:27.186821+00:00
Low Hold,2.66,NHL,spreads,,-1.5,Utah Hockey Club vs Florida Panthers,2025-01-09T03:00:00Z,Florida Panthers,DraftKings,185,-1.5,34.18,https://sportsbook.draftkings.com/event/31633751?outcomes=0HC78194995N150_3,Utah Hockey Club,BetRivers,-208,1.5,65.82,https://{state}.betrivers.com/?page=sportsbook#event/1021463654?coupon={pickType}|3608567357|{wagerAmount},0.0,2025-01-07 22:50:27.186821+00:00
Low Hold,2.27,NHL,h2h,,,Los Angeles Kings vs Calgary Flames,2025-01-09T03:30:00Z,Calgary Flames,Caesars,192,,33.49,https://sportsbook.caesars.com/us/{state}/bet/betslip?selectionIds=44a5c42d-7122-3329-a96e-8ef5fa6b5521,Los Angeles Kings,BetRivers,-213,,66.51,https://{state}.betrivers.com/?page=sportsbook#event/1021141710?coupon={pickType}|3608290265|{wagerAmount},0.0,2025-01-07 22:50:27.186821+00:00
Low Hold,2.93,NHL,spreads,,1.5,Los Angeles Kings vs Calgary Flames,2025-01-09T03:30:00Z,Calgary Flames,DraftKings,-135,1.5,55.84,https://sportsbook.draftkings.com/event/31633752?outcomes=0HC78194997P150_3,Los Angeles Kings,BetRivers,120,-1.5,44.16,https://{state}.betrivers.com/?page=sportsbook#event/1021141710?coupon={pickType}|3608553497|{wagerAmount},0.0,2025-01-07 22:50:27.186821+00:00
Low Hold,2.98,NFL,h2h,,,Houston Texans vs Los Angeles Chargers,2025-01-11T21:31:00Z,Houston Texans,DraftKings,136,,41.15,https://sportsbook.draftkings.com/event/31626160?outcomes=0ML78176902_1,Los Angeles Chargers,FanDuel,-154,,58.85,https://sportsbook.fanduel.com/addToBetslip?marketId=42.471628710&selectionId=12481798,0.0,2025-01-07 22:50:27.186821+00:00
Low Hold,2.59,NFL,alternate_totals,,50.5,Houston Texans vs Los Angeles Chargers,2025-01-11T21:31:00Z,Over,FanDuel,265,50.5,26.71,https://sportsbook.fanduel.com/addToBetslip?marketId=42.472389360&selectionId=12194310,Under,BetMGM,-303,50.5,73.29,https://sports.{state}.betmgm.com/en/sports?options=16863523-1227048940--793637266&type=Single,0.0,2025-01-07 22:50:27.186821+00:00
Low Hold,1.91,NFL,alternate_totals,,51.5,Houston Texans vs Los Angeles Chargers,2025-01-11T21:31:00Z,Over,FanDuel,310,51.5,23.93,https://sportsbook.fanduel.com/addToBetslip?marketId=42.472389360&selectionId=12197175,Under,BetMGM,-345,51.5,76.07,https://sports.{state}.betmgm.com/en/sports?options=16863523-1227048948--793637250&type=Single,0.0,2025-01-07 22:50:27.186821+00:00
Low Hold,2.73,NFL,alternate_totals,,52.5,Houston Texans vs Los Angeles Chargers,2025-01-11T21:31:00Z,Over,FanDuel,340,52.5,22.12,https://sportsbook.fanduel.com/addToBetslip?marketId=42.472389360&selectionId=12194314,Under,BetMGM,-400,52.5,77.88,https://sports.{state}.betmgm.com/en/sports?options=16863523-1227048953--793637240&type=Single,0.0,2025-01-07 22:50:27.186821+00:00
Low Hold,2.26,NFL,h2h_q1,,,Houston Texans vs Los Angeles Chargers,2025-01-11T21:31:00Z,Houston Texans,DraftKings,110,,46.56,https://sportsbook.draftkings.com/event/31626160?outcomes=0ML78177720_1,Los Angeles Chargers,FanDuel,-120,,53.44,https://sportsbook.fanduel.com/addToBetslip?marketId=42.472389334&selectionId=12481798,0.0,2025-01-07 22:50:27.186821+00:00
Low Hold,2.6,NFL,h2h_h1,,,Houston Texans vs Los Angeles Chargers,2025-01-11T21:31:00Z,Houston Texans,DraftKings,120,,44.3,https://sportsbook.draftkings.com/event/31626160?outcomes=0ML78177719_1,Los Angeles Chargers,FanDuel,-133,,55.7,https://sportsbook.fanduel.com/addToBetslip?marketId=42.472389332&selectionId=12481798,0.0,2025-01-07 22:50:27.186821+00:00
Low Hold,2.36,NFL,spreads_h2,,1.5,Houston Texans vs Los Angeles Chargers,2025-01-11T21:31:00Z,Houston Texans,Caesars,-110,1.5,51.15,https://sportsbook.caesars.com/us/{state}/bet/betslip?selectionIds=39348564-ed27-3361-b3cf-b3d66880e6b6,Los Angeles Chargers,FanDuel,100,-1.5,48.85,https://sportsbook.fanduel.com/addToBetslip?marketId=42.472389312&selectionId=12481798,0.0,2025-01-07 22:50:27.186821+00:00
Low Hold,0.35,NFL,totals_q1,,7.5,Houston Texans vs Los Angeles Chargers,2025-01-11T21:31:00Z,Over,FanDuel,116,7.5,46.13,https://sportsbook.fanduel.com/addToBetslip?marketId=42.472389323&selectionId=7017916,Under,DraftKings,-118,7.5,53.87,https://sportsbook.draftkings.com/event/31626160?outcomes=0OU78177720U750_3,0.0,2025-01-07 22:50:27.186821+00:00
Low Hold,1.79,NFL,player_prop,C.J. Stroud - Completions,21.5,Houston Texans vs Los Angeles Chargers,2025-01-11T21:31:00Z,Over (21.5),FanDuel,-102,21.5,49.62,https://sportsbook.fanduel.com/american-football/nfl/los-angeles-chargers-%40-houston-texans-33904281,Under (21.5),BetRivers,-105,21.5,50.38,https://{state}.betrivers.com/?page=sportsbook#event/1022507677,0.0,2025-01-07 22:50:27.186821+00:00
Low Hold,1.79,NFL,player_prop,C.J. Stroud - Completions,21.5,Houston Texans vs Los Angeles Chargers,2025-01-11T21:31:00Z,Over (21.5),FanDuel,-102,21.5,49.62,https://sportsbook.fanduel.com/american-football/nfl/los-angeles-chargers-%40-houston-texans-33904281,Under (21.5),BetMGM,-105,21.5,50.38,https://sports.{state}.betmgm.com/en/sports/events/los-angeles-chargers-at-houston-texans-16863523,0.0,2025-01-07 22:50:27.186821+00:00
Low Hold,1.27,NFL,player_prop,C.J. Stroud - Completions,21.5,Houston Texans vs Los Angeles Chargers,2025-01-11T21:31:00Z,Over (21.5),FanDuel,-102,21.5,49.87,https://sportsbook.fanduel.com/american-football/nfl/los-angeles-chargers-%40-houston-texans-33904281,Under (21.5),Pinnacle,-103,21.5,50.13,https://www.pinnacle.com/en/football/nfl/los-angeles-chargers-vs-houston-texans/1602790430/,0.0,2025-01-07 22:50:27.186821+00:00
Low Hold,2.56,NFL,player_prop,C.J. Stroud - Completions,21.5,Houston Texans vs Los Angeles Chargers,2025-01-11T21:31:00Z,Over (21.5),DraftKings,-105,21.5,50.0,https://sportsbook.draftkings.com/event/31626160,Under (21.5),BetRivers,-105,21.5,50.0,https://{state}.betrivers.com/?page=sportsbook#event/1022507677,0.0,2025-01-07 22:50:27.186821+00:00
Low Hold,2.56,NFL,player_prop,C.J. Stroud - Completions,21.5,Houston Texans vs Los Angeles Chargers,2025-01-11T21:31:00Z,Over (21.5),DraftKings,-105,21.5,50.0,https://sportsbook.draftkings.com/event/31626160,Under (21.5),BetMGM,-105,21.5,50.0,https://sports.{state}.betmgm.com/en/sports/events/los-angeles-chargers-at-houston-texans-16863523,0.0,2025-01-07 22:50:27.186821+00:00
Low Hold,2.04,NFL,player_prop,C.J. Stroud - Completions,21.5,Houston Texans vs Los Angeles Chargers,2025-01-11T21:31:00Z,Over (21.5),DraftKings,-105,21.5,50.26,https://sportsbook.draftkings.com/event/31626160,Under (21.5),Pinnacle,-103,21.5,49.74,https://www.pinnacle.com/en/football/nfl/los-angeles-chargers-vs-houston-texans/1602790430/,0.0,2025-01-07 22:50:27.186821+00:00
Low Hold,2.86,NFL,player_prop,Justin Herbert - Completions,20.5,Houston Texans vs Los Angeles Chargers,2025-01-11T21:31:00Z,Over (20.5),FanDuel,-102,20.5,49.1,https://sportsbook.fanduel.com/american-football/nfl/los-angeles-chargers-%40-houston-texans-33904281,Under (20.5),BetRivers,-110,20.5,50.9,https://{state}.betrivers.com/?page=sportsbook#event/1022507677,0.0,2025-01-07 22:50:27.186821+00:00
Low Hold,2.91,NFL,player_prop,C.J. Stroud - Passing TDs,1.5,Houston Texans vs Los Angeles Chargers,2025-01-11T21:31:00Z,Over (1.5),BetRivers,155,1.5,38.11,https://{state}.betrivers.com/?page=sportsbook#event/1022507677,Under (1.5),DraftKings,-175,1.5,61.89,https://sportsbook.draftkings.com/event/31626160,0.0,2025-01-07 22:50:27.186821+00:00
Low Hold,2.36,NFL,player_prop,Ladd McConkey - Receptions,5.5,Houston Texans vs Los Angeles Chargers,2025-01-11T21:31:00Z,Over (5.5),FanDuel,-110,5.5,51.15,https://sportsbook.fanduel.com/american-football/nfl/los-angeles-chargers-%40-houston-texans-33904281,Under (5.5),DraftKings,100,5.5,48.85,https://sportsbook.draftkings.com/event/31626160,0.0,2025-01-07 22:50:27.186821+00:00
Low Hold,2.11,NFL,player_prop,Ladd McConkey - Receptions,5.5,Houston Texans vs Los Angeles Chargers,2025-01-11T21:31:00Z,Over (5.5),FanDuel,-110,5.5,51.28,https://sportsbook.fanduel.com/american-football/nfl/los-angeles-chargers-%40-houston-texans-33904281,Under (5.5),Pinnacle,101,5.5,48.72,https://www.pinnacle.com/en/football/nfl/los-angeles-chargers-vs-houston-texans/1602790430/,0.0,2025-01-07 22:50:27.186821+00:00
Low Hold,2.94,NFL,player_prop,Ladd McConkey - Receptions,5.5,Houston Texans vs Los Angeles Chargers,2025-01-11T21:31:00Z,Over (5.5),BetRivers,-114,5.5,51.67,https://{state}.betrivers.com/?page=sportsbook#event/1022507677,Under (5.5),Pinnacle,101,5.5,48.33,https://www.pinnacle.com/en/football/nfl/los-angeles-chargers-vs-houston-texans/1602790430/,0.0,2025-01-07 22:50:27.186821+00:00
Low Hold,1.95,NFL,player_prop,C.J. Stroud - Rush Attempts,3.5,Houston Texans vs Los Angeles Chargers,2025-01-11T21:31:00Z,Over (3.5),BetMGM,120,3.5,44.58,https://sports.{state}.betmgm.com/en/sports/events/los-angeles-chargers-at-houston-texans-16863523,Under (3.5),DraftKings,-130,3.5,55.42,https://sportsbook.draftkings.com/event/31626160,0.0,2025-01-07 22:50:27.186821+00:00
Low Hold,1.95,NFL,player_prop,C.J. Stroud - Rush Attempts,3.5,Houston Texans vs Los Angeles Chargers,2025-01-11T21:31:00Z,Over (3.5),BetMGM,120,3.5,44.58,https://sports.{state}.betmgm.com/en/sports/events/los-angeles-chargers-at-houston-texans-16863523,Under (3.5),Caesars,-130,3.5,55.42,https://sportsbook.caesars.com/us/{state}/bet/americanfootball/25d40c45-6d66-4f6a-b35a-cff85bdb853b/los-angeles-chargers-at-houston-texans,0.0,2025-01-07 22:50:27.186821+00:00
Low Hold,2.98,NFL,player_prop,Justin Herbert - Rush Attempts,4.5,Houston Texans vs Los Angeles Chargers,2025-01-11T21:31:00Z,Over (4.5),FanDuel,102,4.5,48.07,https://sportsbook.fanduel.com/american-football/nfl/los-angeles-chargers-%40-houston-texans-33904281,Under (4.5),DraftKings,-115,4.5,51.93,https://sportsbook.draftkings.com/event/31626160,0.0,2025-01-07 22:50:27.186821+00:00
Low Hold,1.51,NFL,h2h,,,Baltimore Ravens vs Pittsburgh Steelers,2025-01-12T01:01:00Z,Baltimore Ravens,DraftKings,-476,,81.41,https://sportsbook.draftkings.com/event/31626161?outcomes=0ML78176903_1,Pittsburgh Steelers,FanDuel,430,,18.59,https://sportsbook.fanduel.com/addToBetslip?marketId=42.471628446&selectionId=50208,0.0,2025-01-07 22:50:27.186821+00:00
Low Hold,2.96,NFL,alternate_spreads,,-19.5,Baltimore Ravens vs Pittsburgh Steelers,2025-01-12T01:01:00Z,Baltimore Ravens,DraftKings,293,-19.5,24.71,https://sportsbook.draftkings.com/event/31626161?outcomes=0HC78176926N1950_1,Pittsburgh Steelers,BetMGM,-345,19.5,75.29,https://sports.{state}.betmgm.com/en/sports?options=16863524-1227062308--793606010&type=Single,0.0,2025-01-07 22:50:27.186821+00:00
Low Hold,1.88,NFL,alternate_spreads,,-3.5,Baltimore Ravens vs Pittsburgh Steelers,2025-01-12T01:01:00Z,Baltimore Ravens,BetRivers,-263,-3.5,71.13,https://{state}.betrivers.com/?page=sportsbook#event/1022507676?coupon={pickType}|3607514360|{wagerAmount},Pittsburgh Steelers,FanDuel,240,3.5,28.87,https://sportsbook.fanduel.com/addToBetslip?marketId=42.472453961&selectionId=12213287,0.0,2025-01-07 22:50:27.186821+00:00
Low Hold,1.5,NFL,alternate_totals,,35.5,Baltimore Ravens vs Pittsburgh Steelers,2025-01-12T01:01:00Z,Over,BetMGM,-303,35.5,74.07,https://sports.{state}.betmgm.com/en/sports?options=16863524-1227062481--793605645&type=Single,Under,FanDuel,280,35.5,25.93,https://sportsbook.fanduel.com/addToBetslip?marketId=42.472453964&selectionId=12197188,0.0,2025-01-07 22:50:27.186821+00:00
Low Hold,2.78,NFL,alternate_totals,,37.5,Baltimore Ravens vs Pittsburgh Steelers,2025-01-12T01:01:00Z,Over,BetMGM,-227,37.5,67.57,https://sports.{state}.betmgm.com/en/sports?options=16863524-1227062494--793605619&type=Single,Under,FanDuel,200,37.5,32.43,https://sportsbook.fanduel.com/addToBetslip?marketId=42.472453964&selectionId=12197184,0.0,2025-01-07 22:50:27.186821+00:00
Low Hold,2.13,NFL,alternate_totals,,38.5,Baltimore Ravens vs Pittsburgh Steelers,2025-01-12T01:01:00Z,Over,BetMGM,-200,38.5,65.28,https://sports.{state}.betmgm.com/en/sports?options=16863524-1227062504--793605597&type=Single,Under,FanDuel,182,38.5,34.72,https://sportsbook.fanduel.com/addToBetslip?marketId=42.472453964&selectionId=12194323,0.0,2025-01-07 22:50:27.186821+00:00
Low Hold,2.2,NFL,h2h_q1,,,Baltimore Ravens vs Pittsburgh Steelers,2025-01-12T01:01:00Z,Baltimore Ravens,FanDuel,-250,,69.89,https://sportsbook.fanduel.com/addToBetslip?marketId=42.472453938&selectionId=50205,Pittsburgh Steelers,Caesars,225,,30.11,https://sportsbook.caesars.com/us/{state}/bet/betslip?selectionIds=c8296a87-0f2d-365e-9fc4-83c3a79908e7,0.0,2025-01-07 22:50:27.186821+00:00
Low Hold,2.2,NFL,h2h_q2,,,Baltimore Ravens vs Pittsburgh Steelers,2025-01-12T01:01:00Z,Baltimore Ravens,BetRivers,-250,,69.89,https://{state}.betrivers.com/?page=sportsbook#event/1022507676?coupon={pickType}|3608408712|{wagerAmount},Pittsburgh Steelers,FanDuel,225,,30.11,https://sportsbook.fanduel.com/addToBetslip?marketId=42.472453939&selectionId=50208,0.0,2025-01-07 22:50:27.186821+00:00
Low Hold,1.58,NFL,h2h_q3,,,Baltimore Ravens vs Pittsburgh Steelers,2025-01-12T01:01:00Z,Baltimore Ravens,BetRivers,-213,,66.97,https://{state}.betrivers.com/?page=sportsbook#event/1022507676?coupon={pickType}|3608408626|{wagerAmount},Pittsburgh Steelers,FanDuel,198,,33.03,https://sportsbook.fanduel.com/addToBetslip?marketId=42.472453940&selectionId=50208,0.0,2025-01-07 22:50:27.186821+00:00
Low Hold,2.07,NFL,h2h_h1,,,Baltimore Ravens vs Pittsburgh Steelers,2025-01-12T01:01:00Z,Baltimore Ravens,DraftKings,-312,,74.22,https://sportsbook.draftkings.com/event/31626161?outcomes=0ML78177717_1,Pittsburgh Steelers,FanDuel,280,,25.78,https://sportsbook.fanduel.com/addToBetslip?marketId=42.472453936&selectionId=50208,0.0,2025-01-07 22:50:27.186821+00:00
Low Hold,2.31,NFL,h2h_h2,,,Baltimore Ravens vs Pittsburgh Steelers,2025-01-12T01:01:00Z,Baltimore Ravens,BetRivers,-263,,70.82,https://{state}.betrivers.com/?page=sportsbook#event/1022507676?coupon={pickType}|3607514353|{wagerAmount},Pittsburgh Steelers,FanDuel,235,,29.18,https://sportsbook.fanduel.com/addToBetslip?marketId=42.472453937&selectionId=50208,0.0,2025-01-07 22:50:27.186821+00:00
Low Hold,1.67,NFL,spreads_q1,,-2.5,Baltimore Ravens vs Pittsburgh Steelers,2025-01-12T01:01:00Z,Baltimore Ravens,FanDuel,-122,-2.5,54.04,https://sportsbook.fanduel.com/addToBetslip?marketId=42.472453917&selectionId=50205,Pittsburgh Steelers,DraftKings,114,2.5,45.96,https://sportsbook.draftkings.com/event/31626161?outcomes=0HC78177718P250_3,0.0,2025-01-07 22:50:27.186821+00:00
Low Hold,2.31,NFL,spreads_q2,,-3.5,Baltimore Ravens vs Pittsburgh Steelers,2025-01-12T01:01:00Z,Baltimore Ravens,BetRivers,-103,-3.5,49.62,https://{state}.betrivers.com/?page=sportsbook#event/1022507676?coupon={pickType}|3608408801|{wagerAmount},Pittsburgh Steelers,FanDuel,-106,3.5,50.38,https://sportsbook.fanduel.com/addToBetslip?marketId=42.472453918&selectionId=50208,0.0,2025-01-07 22:50:27.186821+00:00
Low Hold,2.7,NFL,spreads_q3,,-2.5,Baltimore Ravens vs Pittsburgh Steelers,2025-01-12T01:01:00Z,Baltimore Ravens,BetRivers,-114,-2.5,51.79,https://{state}.betrivers.com/?page=sportsbook#event/1022507676?coupon={pickType}|3608408659|{wagerAmount},Pittsburgh Steelers,FanDuel,102,2.5,48.21,https://sportsbook.fanduel.com/addToBetslip?marketId=42.472453919&selectionId=50208,0.0,2025-01-07 22:50:27.186821+00:00
Low Hold,0.59,NFL,player_prop,Russell Wilson - Completions,18.5,Baltimore Ravens vs Pittsburgh Steelers,2025-01-12T01:01:00Z,Over (18.5),FanDuel,-108,18.5,51.51,https://sportsbook.fanduel.com/american-football/nfl/pittsburgh-steelers-%40-baltimore-ravens-33904273,Under (18.5),DraftKings,105,18.5,48.49,https://sportsbook.draftkings.com/event/31626161,0.0,2025-01-07 22:50:27.186821+00:00
Low Hold,0.59,NFL,player_prop,Russell Wilson - Completions,18.5,Baltimore Ravens vs Pittsburgh Steelers,2025-01-12T01:01:00Z,Over (18.5),FanDuel,-108,18.5,51.51,https://sportsbook.fanduel.com/american-football/nfl/pittsburgh-steelers-%40-baltimore-ravens-33904273,Under (18.5),BetMGM,105,18.5,48.49,https://sports.{state}.betmgm.com/en/sports/events/pittsburgh-steelers-at-baltimore-ravens-16863524,0.0,2025-01-07 22:50:27.186821+00:00
Low Hold,1.07,NFL,player_prop,Russell Wilson - Completions,18.5,Baltimore Ravens vs Pittsburgh Steelers,2025-01-12T01:01:00Z,Over (18.5),FanDuel,-108,18.5,51.26,https://sportsbook.fanduel.com/american-football/nfl/pittsburgh-steelers-%40-baltimore-ravens-33904273,Under (18.5),Pinnacle,103,18.5,48.74,https://www.pinnacle.com/en/football/nfl/pittsburgh-steelers-vs-baltimore-ravens/1602790429/,0.0,2025-01-07 22:50:27.186821+00:00
Low Hold,1.69,NFL,player_prop,Russell Wilson - Completions,18.5,Baltimore Ravens vs Pittsburgh Steelers,2025-01-12T01:01:00Z,Over (18.5),BetRivers,-112,18.5,52.03,https://{state}.betrivers.com/?page=sportsbook#event/1022507676,Under (18.5),DraftKings,105,18.5,47.97,https://sportsbook.draftkings.com/event/31626161,0.0,2025-01-07 22:50:27.186821+00:00
Low Hold,1.69,NFL,player_prop,Russell Wilson - Completions,18.5,Baltimore Ravens vs Pittsburgh Steelers,2025-01-12T01:01:00Z,Over (18.5),BetRivers,-112,18.5,52.03,https://{state}.betrivers.com/?page=sportsbook#event/1022507676,Under (18.5),BetMGM,105,18.5,47.97,https://sports.{state}.betmgm.com/en/sports/events/pittsburgh-steelers-at-baltimore-ravens-16863524,0.0,2025-01-07 22:50:27.186821+00:00
Low Hold,2.17,NFL,player_prop,Russell Wilson - Completions,18.5,Baltimore Ravens vs Pittsburgh Steelers,2025-01-12T01:01:00Z,Over (18.5),BetRivers,-112,18.5,51.79,https://{state}.betrivers.com/?page=sportsbook#event/1022507676,Under (18.5),Pinnacle,103,18.5,48.21,https://www.pinnacle.com/en/football/nfl/pittsburgh-steelers-vs-baltimore-ravens/1602790429/,0.0,2025-01-07 22:50:27.186821+00:00
Low Hold,2.34,NFL,player_prop,Mark Andrews - Receptions,3.5,Baltimore Ravens vs Pittsburgh Steelers,2025-01-12T01:01:00Z,Over (3.5),Caesars,-141,3.5,57.14,https://sportsbook.caesars.com/us/{state}/bet/americanfootball/efc4a72d-b379-4d55-a0a5-8d982ce66914/pittsburgh-steelers-at-baltimore-ravens,Under (3.5),BetRivers,128,3.5,42.86,https://{state}.betrivers.com/?page=sportsbook#event/1022507676,0.0,2025-01-07 22:50:27.186821+00:00
Low Hold,1.81,NFL,player_prop,Lamar Jackson - Rush Attempts,8.5,Baltimore Ravens vs Pittsburgh Steelers,2025-01-12T01:01:00Z,Over (8.5),FanDuel,-108,8.5,50.89,https://sportsbook.fanduel.com/american-football/nfl/pittsburgh-steelers-%40-baltimore-ravens-33904273,Under (8.5),BetMGM,100,8.5,49.11,https://sports.{state}.betmgm.com/en/sports/events/pittsburgh-steelers-at-baltimore-ravens-16863524,0.0,2025-01-07 22:50:27.186821+00:00
Low Hold,2.81,NFL,alternate_spreads,,-5.5,Buffalo Bills vs Denver Broncos,2025-01-12T18:01:00Z,Buffalo Bills,BetRivers,-185,-5.5,63.16,https://{state}.betrivers.com/?page=sportsbook#event/1022507667?coupon={pickType}|3607493456|{wagerAmount},Denver Broncos,FanDuel,164,5.5,36.84,https://sportsbook.fanduel.com/addToBetslip?marketId=42.472385526&selectionId=12229889,0.0,2025-01-07 22:50:27.186821+00:00
Low Hold,2.53,NFL,alternate_spreads,,-4.5,Buffalo Bills vs Denver Broncos,2025-01-12T18:01:00Z,Buffalo Bills,BetRivers,-208,-4.5,65.9,https://{state}.betrivers.com/?page=sportsbook#event/1022507667?coupon={pickType}|3607493402|{wagerAmount},Denver Broncos,FanDuel,186,4.5,34.1,https://sportsbook.fanduel.com/addToBetslip?marketId=42.472385526&selectionId=12229885,0.0,2025-01-07 22:50:27.186821+00:00
Low Hold,2.67,NFL,alternate_spreads,,-3.5,Buffalo Bills vs Denver Broncos,2025-01-12T18:01:00Z,Buffalo Bills,BetRivers,-244,-3.5,69.08,https://{state}.betrivers.com/?page=sportsbook#event/1022507667?coupon={pickType}|3607519622|{wagerAmount},Denver Broncos,FanDuel,215,3.5,30.92,https://sportsbook.fanduel.com/addToBetslip?marketId=42.472385526&selectionId=12229881,0.0,2025-01-07 22:50:27.186821+00:00
Low Hold,2.78,NFL,alternate_totals,,53.5,Buffalo Bills vs Denver Broncos,2025-01-12T18:01:00Z,Over,FanDuel,200,53.5,32.43,https://sportsbook.fanduel.com/addToBetslip?marketId=42.472385529&selectionId=12197179,Under,BetMGM,-227,53.5,67.57,https://sports.{state}.betmgm.com/en/sports?options=16863475-1227043431--793657065&type=Single,0.0,2025-01-07 22:50:27.186821+00:00
Low Hold,1.73,NFL,alternate_totals,,54.5,Buffalo Bills vs Denver Broncos,2025-01-12T18:01:00Z,Over,FanDuel,230,54.5,29.79,https://sportsbook.fanduel.com/addToBetslip?marketId=42.472385529&selectionId=12194318,Under,BetMGM,-250,54.5,70.21,https://sports.{state}.betmgm.com/en/sports?options=16863475-1227043437--793657053&type=Single,0.0,2025-01-07 22:50:27.186821+00:00
Low Hold,1.68,NFL,h2h_q1,,,Buffalo Bills vs Denver Broncos,2025-01-12T18:01:00Z,Buffalo Bills,FanDuel,-233,,68.78,https://sportsbook.fanduel.com/addToBetslip?marketId=42.472385503&selectionId=50203,Denver Broncos,DraftKings,215,,31.22,https://sportsbook.draftkings.com/event/31626096?outcomes=0ML78177722_3,0.0,2025-01-07 22:50:27.186821+00:00
Low Hold,0.29,NFL,h2h_q2,,,Buffalo Bills vs Denver Broncos,2025-01-12T18:01:00Z,Buffalo Bills,BetRivers,-213,,67.83,https://{state}.betrivers.com/?page=sportsbook#event/1022507667?coupon={pickType}|3608441957|{wagerAmount},Denver Broncos,FanDuel,210,,32.17,https://sportsbook.fanduel.com/addToBetslip?marketId=42.472385504&selectionId=50211,0.0,2025-01-07 22:50:27.186821+00:00
Low Hold,2.05,NFL,h2h_q3,,,Buffalo Bills vs Denver Broncos,2025-01-12T18:01:00Z,Buffalo Bills,BetRivers,-208,,66.21,https://{state}.betrivers.com/?page=sportsbook#event/1022507667?coupon={pickType}|3608442096|{wagerAmount},Denver Broncos,FanDuel,190,,33.79,https://sportsbook.fanduel.com/addToBetslip?marketId=42.472385505&selectionId=50211,0.0,2025-01-07 22:50:27.186821+00:00
Low Hold,2.98,NFL,h2h_q4,,,Buffalo Bills vs Denver Broncos,2025-01-12T18:01:00Z,Buffalo Bills,BetRivers,-182,,62.65,https://{state}.betrivers.com/?page=sportsbook#event/1022507667?coupon={pickType}|3608442128|{wagerAmount},Denver Broncos,FanDuel,160,,37.35,https://sportsbook.fanduel.com/addToBetslip?marketId=42.472385506&selectionId=50211,0.0,2025-01-07 22:50:27.186821+00:00
Low Hold,1.85,NFL,h2h_h1,,,Buffalo Bills vs Denver Broncos,2025-01-12T18:01:00Z,Buffalo Bills,DraftKings,-286,,72.73,https://sportsbook.draftkings.com/event/31626096?outcomes=0ML78177721_1,Denver Broncos,FanDuel,260,,27.27,https://sportsbook.fanduel.com/addToBetslip?marketId=42.472385501&selectionId=50211,0.0,2025-01-07 22:50:27.186821+00:00
Low Hold,2.2,NFL,h2h_h2,,,Buffalo Bills vs Denver Broncos,2025-01-12T18:01:00Z,Buffalo Bills,BetRivers,-250,,69.89,https://{state}.betrivers.com/?page=sportsbook#event/1022507667?coupon={pickType}|3607493459|{wagerAmount},Denver Broncos,FanDuel,225,,30.11,https://sportsbook.fanduel.com/addToBetslip?marketId=42.472385502&selectionId=50211,0.0,2025-01-07 22:50:27.186821+00:00
Low Hold,2.21,NFL,spreads_q2,,-3.5,Buffalo Bills vs Denver Broncos,2025-01-12T18:01:00Z,Buffalo Bills,BetRivers,104,-3.5,47.96,https://{state}.betrivers.com/?page=sportsbook#event/1022507667?coupon={pickType}|3608474725|{wagerAmount},Denver Broncos,FanDuel,-114,3.5,52.04,https://sportsbook.fanduel.com/addToBetslip?marketId=42.472385483&selectionId=50211,0.0,2025-01-07 22:50:27.186821+00:00
Low Hold,2.04,NFL,spreads_h2,,-3.5,Buffalo Bills vs Denver Broncos,2025-01-12T18:01:00Z,Buffalo Bills,Caesars,-105,-3.5,50.26,https://sportsbook.caesars.com/us/{state}/bet/betslip?selectionIds=c27df2f3-e1ad-3635-90ff-ff3683a490c4,Denver Broncos,BetRivers,-103,3.5,49.74,https://{state}.betrivers.com/?page=sportsbook#event/1022507667?coupon={pickType}|3608442262|{wagerAmount},0.0,2025-01-07 22:50:27.186821+00:00
Low Hold,2.36,NFL,player_prop,Bo Nix - Completions,22.5,Buffalo Bills vs Denver Broncos,2025-01-12T18:01:00Z,Over (22.5),BetMGM,100,22.5,48.85,https://sports.{state}.betmgm.com/en/sports/events/denver-broncos-at-buffalo-bills-16863475,Under (22.5),FanDuel,-110,22.5,51.15,https://sportsbook.fanduel.com/american-football/nfl/denver-broncos-%40-buffalo-bills-33904153,0.0,2025-01-07 22:50:27.186821+00:00
Low Hold,2.36,NFL,player_prop,Bo Nix - Completions,22.5,Buffalo Bills vs Denver Broncos,2025-01-12T18:01:00Z,Over (22.5),BetMGM,100,22.5,48.85,https://sports.{state}.betmgm.com/en/sports/events/denver-broncos-at-buffalo-bills-16863475,Under (22.5),DraftKings,-110,22.5,51.15,https://sportsbook.draftkings.com/event/31626096,0.0,2025-01-07 22:50:27.186821+00:00
Low Hold,2.89,NFL,player_prop,Bo Nix - Passing TDs,1.5,Buffalo Bills vs Denver Broncos,2025-01-12T18:01:00Z,Over (1.5),BetRivers,150,1.5,38.88,https://{state}.betrivers.com/?page=sportsbook#event/1022507667,Under (1.5),Caesars,-169,1.5,61.12,https://sportsbook.caesars.com/us/{state}/bet/americanfootball/a60744bb-edac-4913-9935-f29b41c4f13e/denver-broncos-at-buffalo-bills,0.0,2025-01-07 22:50:27.186821+00:00
Low Hold,2.62,NFL,player_prop,Khalil Shakir - Receptions,5.5,Buffalo Bills vs Denver Broncos,2025-01-12T18:01:00Z,Over (5.5),FanDuel,134,5.5,41.65,https://sportsbook.fanduel.com/american-football/nfl/denver-broncos-%40-buffalo-bills-33904153,Under (5.5),BetRivers,-149,5.5,58.35,https://{state}.betrivers.com/?page=sportsbook#event/1022507667,0.0,2025-01-07 22:50:27.186821+00:00
Low Hold,1.91,NFL,player_prop,Khalil Shakir - Receptions,5.5,Buffalo Bills vs Denver Broncos,2025-01-12T18:01:00Z,Over (5.5),FanDuel,134,5.5,41.94,https://sportsbook.fanduel.com/american-football/nfl/denver-broncos-%40-buffalo-bills-33904153,Under (5.5),BetMGM,-145,5.5,58.06,https://sports.{state}.betmgm.com/en/sports/events/denver-broncos-at-buffalo-bills-16863475,0.0,2025-01-07 22:50:27.186821+00:00
Low Hold,1.91,NFL,player_prop,Khalil Shakir - Receptions,5.5,Buffalo Bills vs Denver Broncos,2025-01-12T18:01:00Z,Over (5.5),FanDuel,134,5.5,41.94,https://sportsbook.fanduel.com/american-football/nfl/denver-broncos-%40-buffalo-bills-33904153,Under (5.5),Caesars,-145,5.5,58.06,https://sportsbook.caesars.com/us/{state}/bet/americanfootball/a60744bb-edac-4913-9935-f29b41c4f13e/denver-broncos-at-buffalo-bills,0.0,2025-01-07 22:50:27.186821+00:00
Low Hold,2.26,NFL,player_prop,Khalil Shakir - Receptions,5.5,Buffalo Bills vs Denver Broncos,2025-01-12T18:01:00Z,Over (5.5),FanDuel,134,5.5,41.79,https://sportsbook.fanduel.com/american-football/nfl/denver-broncos-%40-buffalo-bills-33904153,Under (5.5),Pinnacle,-147,5.5,58.21,https://www.pinnacle.com/en/football/nfl/denver-broncos-vs-buffalo-bills/1602789589/,0.0,2025-01-07 22:50:27.186821+00:00
Low Hold,1.85,NFL,player_prop,Jaleel McLaughlin - Rush Attempts,7.5,Buffalo Bills vs Denver Broncos,2025-01-12T18:01:00Z,Over (7.5),BetRivers,-125,7.5,54.55,https://{state}.betrivers.com/?page=sportsbook#event/1022507667,Under (7.5),FanDuel,116,7.5,45.45,https://sportsbook.fanduel.com/american-football/nfl/denver-broncos-%40-buffalo-bills-33904153,0.0,2025-01-07 22:50:27.186821+00:00
Low Hold,2.07,NFL,player_prop,Jaleel McLaughlin - Rush Attempts,7.5,Buffalo Bills vs Denver Broncos,2025-01-12T18:01:00Z,Over (7.5),BetRivers,-125,7.5,54.43,https://{state}.betrivers.com/?page=sportsbook#event/1022507667,Under (7.5),Caesars,115,7.5,45.57,https://sportsbook.caesars.com/us/{state}/bet/americanfootball/a60744bb-edac-4913-9935-f29b41c4f13e/denver-broncos-at-buffalo-bills,0.0,2025-01-07 22:50:27.186821+00:00
Low Hold,0.94,NFL,player_prop,Jaleel McLaughlin - Rush Attempts,7.5,Buffalo Bills vs Denver Broncos,2025-01-12T18:01:00Z,Over (7.5),BetMGM,-120,7.5,54.14,https://sports.{state}.betmgm.com/en/sports/events/denver-broncos-at-buffalo-bills-16863475,Under (7.5),FanDuel,116,7.5,45.86,https://sportsbook.fanduel.com/american-football/nfl/denver-broncos-%40-buffalo-bills-33904153,0.0,2025-01-07 22:50:27.186821+00:00
Low Hold,2.26,NFL,player_prop,Jaleel McLaughlin - Rush Attempts,7.5,Buffalo Bills vs Denver Broncos,2025-01-12T18:01:00Z,Over (7.5),BetMGM,-120,7.5,53.44,https://sports.{state}.betmgm.com/en/sports/events/denver-broncos-at-buffalo-bills-16863475,Under (7.5),DraftKings,110,7.5,46.56,https://sportsbook.draftkings.com/event/31626096,0.0,2025-01-07 22:50:27.186821+00:00
Low Hold,1.16,NFL,player_prop,Jaleel McLaughlin - Rush Attempts,7.5,Buffalo Bills vs Denver Broncos,2025-01-12T18:01:00Z,Over (7.5),BetMGM,-120,7.5,54.02,https://sports.{state}.betmgm.com/en/sports/events/denver-broncos-at-buffalo-bills-16863475,Under (7.5),Caesars,115,7.5,45.98,https://sportsbook.caesars.com/us/{state}/bet/americanfootball/a60744bb-edac-4913-9935-f29b41c4f13e/denver-broncos-at-buffalo-bills,0.0,2025-01-07 22:50:27.186821+00:00
Low Hold,1.28,NFL,player_prop,Keon Coleman - Receptions,2.5,Buffalo Bills vs Denver Broncos,2025-01-12T18:01:00Z,Over (2.5),DraftKings,-105,2.5,50.63,https://sportsbook.draftkings.com/event/31626096,Under (2.5),BetRivers,100,2.5,49.37,https://{state}.betrivers.com/?page=sportsbook#event/1022507667,0.0,2025-01-07 22:50:27.186821+00:00
Low Hold,2.56,NFL,player_prop,Keon Coleman - Receptions,2.5,Buffalo Bills vs Denver Broncos,2025-01-12T18:01:00Z,Over (2.5),DraftKings,-105,2.5,50.0,https://sportsbook.draftkings.com/event/31626096,Under (2.5),BetMGM,-105,2.5,50.0,https://sports.{state}.betmgm.com/en/sports/events/denver-broncos-at-buffalo-bills-16863475,0.0,2025-01-07 22:50:27.186821+00:00
Low Hold,1.64,NFL,player_prop,Javonte Williams - Receptions,2.5,Buffalo Bills vs Denver Broncos,2025-01-12T18:01:00Z,Over (2.5),BetRivers,117,2.5,45.34,https://{state}.betrivers.com/?page=sportsbook#event/1022507667,Under (2.5),Pinnacle,-125,2.5,54.66,https://www.pinnacle.com/en/football/nfl/denver-broncos-vs-buffalo-bills/1602789589/,0.0,2025-01-07 22:50:27.186821+00:00
Low Hold,2.07,NFL,player_prop,Javonte Williams - Receptions,2.5,Buffalo Bills vs Denver Broncos,2025-01-12T18:01:00Z,Over (2.5),BetMGM,115,2.5,45.57,https://sports.{state}.betmgm.com/en/sports/events/denver-broncos-at-buffalo-bills-16863475,Under (2.5),Pinnacle,-125,2.5,54.43,https://www.pinnacle.com/en/football/nfl/denver-broncos-vs-buffalo-bills/1602789589/,0.0,2025-01-07 22:50:27.186821+00:00
Low Hold,2.07,NFL,player_prop,Javonte Williams - Receptions,2.5,Buffalo Bills vs Denver Broncos,2025-01-12T18:01:00Z,Over (2.5),Caesars,115,2.5,45.57,https://sportsbook.caesars.com/us/{state}/bet/americanfootball/a60744bb-edac-4913-9935-f29b41c4f13e/denver-broncos-at-buffalo-bills,Under (2.5),Pinnacle,-125,2.5,54.43,https://www.pinnacle.com/en/football/nfl/denver-broncos-vs-buffalo-bills/1602789589/,0.0,2025-01-07 22:50:27.186821+00:00
Low Hold,1.93,NFL,h2h,,,Philadelphia Eagles vs Green Bay Packers,2025-01-12T21:31:00Z,Green Bay Packers,BetMGM,195,,33.26,https://sports.{state}.betmgm.com/en/sports?options=16863365-1226674421--794637446&type=Single,Philadelphia Eagles,FanDuel,-213,,66.74,https://sportsbook.fanduel.com/addToBetslip?marketId=42.471626060&selectionId=50186,0.0,2025-01-07 22:50:27.186821+00:00
Low Hold,2.05,NFL,alternate_spreads,,9.5,Philadelphia Eagles vs Green Bay Packers,2025-01-12T21:31:00Z,Green Bay Packers,BetRivers,-208,9.5,66.21,https://{state}.betrivers.com/?page=sportsbook#event/1022506930?coupon={pickType}|3607533672|{wagerAmount},Philadelphia Eagles,FanDuel,190,-9.5,33.79,https://sportsbook.fanduel.com/addToBetslip?marketId=42.472378469&selectionId=14753540,0.0,2025-01-07 22:50:27.186821+00:00
Low Hold,2.9,NFL,alternate_spreads,,8.5,Philadelphia Eagles vs Green Bay Packers,2025-01-12T21:31:00Z,Green Bay Packers,BetRivers,-200,8.5,64.79,https://{state}.betrivers.com/?page=sportsbook#event/1022506930?coupon={pickType}|3607533783|{wagerAmount},Philadelphia Eagles,FanDuel,176,-8.5,35.21,https://sportsbook.fanduel.com/addToBetslip?marketId=42.472378469&selectionId=14753538,0.0,2025-01-07 22:50:27.186821+00:00
Low Hold,2.86,NFL,alternate_spreads,,7.5,Philadelphia Eagles vs Green Bay Packers,2025-01-12T21:31:00Z,Green Bay Packers,BetRivers,-179,7.5,62.32,https://{state}.betrivers.com/?page=sportsbook#event/1022506930?coupon={pickType}|3607533533|{wagerAmount},Philadelphia Eagles,FanDuel,158,-7.5,37.68,https://sportsbook.fanduel.com/addToBetslip?marketId=42.472378469&selectionId=12213194,0.0,2025-01-07 22:50:27.186821+00:00
Low Hold,2.52,NFL,alternate_spreads,,6.5,Philadelphia Eagles vs Green Bay Packers,2025-01-12T21:31:00Z,Green Bay Packers,BetRivers,-135,6.5,56.06,https://{state}.betrivers.com/?page=sportsbook#event/1022506930?coupon={pickType}|3607533687|{wagerAmount},Philadelphia Eagles,FanDuel,122,-6.5,43.94,https://sportsbook.fanduel.com/addToBetslip?marketId=42.472378469&selectionId=12213190,0.0,2025-01-07 22:50:27.186821+00:00
Low Hold,2.52,NFL,alternate_totals,,55.5,Philadelphia Eagles vs Green Bay Packers,2025-01-12T21:31:00Z,Over,FanDuel,300,55.5,24.39,https://sportsbook.fanduel.com/addToBetslip?marketId=42.472378472&selectionId=12197183,Under,BetMGM,-345,55.5,75.61,https://sports.{state}.betmgm.com/en/sports?options=16863365-1226677849--794630103&type=Single,0.0,2025-01-07 22:50:27.186821+00:00
Low Hold,2.69,NFL,h2h_q1,,,Philadelphia Eagles vs Green Bay Packers,2025-01-12T21:31:00Z,Green Bay Packers,BetMGM,115,,45.29,https://sports.{state}.betmgm.com/en/sports?options=16863365-1227148731--793387876&type=Single,Philadelphia Eagles,FanDuel,-128,,54.71,https://sportsbook.fanduel.com/addToBetslip?marketId=42.472378446&selectionId=50186,0.0,2025-01-07 22:50:27.186821+00:00
Low Hold,1.79,NFL,h2h_q3,,,Philadelphia Eagles vs Green Bay Packers,2025-01-12T21:31:00Z,Green Bay Packers,FanDuel,152,,38.98,https://sportsbook.fanduel.com/addToBetslip?marketId=42.472378448&selectionId=50192,Philadelphia Eagles,BetRivers,-164,,61.02,https://{state}.betrivers.com/?page=sportsbook#event/1022506930?coupon={pickType}|3608483109|{wagerAmount},0.0,2025-01-07 22:50:27.186821+00:00
Low Hold,2.36,NFL,totals_h2,,22.5,Philadelphia Eagles vs Green Bay Packers,2025-01-12T21:31:00Z,Over,FanDuel,-110,22.5,51.15,https://sportsbook.fanduel.com/addToBetslip?marketId=42.472378434&selectionId=7017916,Under,Caesars,100,22.5,48.85,https://sportsbook.caesars.com/us/{state}/bet/betslip?selectionIds=bc536a04-f343-3384-bdc0-934324b8f2d7,0.0,2025-01-07 22:50:27.186821+00:00
Low Hold,1.24,NFL,player_prop,Jalen Hurts - Passing TDs,1.5,Philadelphia Eagles vs Green Bay Packers,2025-01-12T21:31:00Z,Over (1.5),FanDuel,116,1.5,45.73,https://sportsbook.fanduel.com/american-football/nfl/green-bay-packers-%40-philadelphia-eagles-33904186,Under (1.5),Pinnacle,-122,1.5,54.27,https://www.pinnacle.com/en/football/nfl/green-bay-packers-vs-philadelphia-eagles/1602789623/,0.0,2025-01-07 22:50:27.186821+00:00
Low Hold,2.56,NFL,player_prop,Jalen Hurts - Passing TDs,1.5,Philadelphia Eagles vs Green Bay Packers,2025-01-12T21:31:00Z,Over (1.5),DraftKings,110,1.5,46.43,https://sportsbook.draftkings.com/event/31625602,Under (1.5),Pinnacle,-122,1.5,53.57,https://www.pinnacle.com/en/football/nfl/green-bay-packers-vs-philadelphia-eagles/1602789623/,0.0,2025-01-07 22:50:27.186821+00:00
Low Hold,0.82,NFL,player_prop,Jalen Hurts - Passing TDs,1.5,Philadelphia Eagles vs Green Bay Packers,2025-01-12T21:31:00Z,Over (1.5),BetRivers,118,1.5,45.5,https://{state}.betrivers.com/?page=sportsbook#event/1022506930,Under (1.5),Pinnacle,-122,1.5,54.5,https://www.pinnacle.com/en/football/nfl/green-bay-packers-vs-philadelphia-eagles/1602789623/,0.0,2025-01-07 22:50:27.186821+00:00
Low Hold,2.56,NFL,player_prop,Jalen Hurts - Passing TDs,1.5,Philadelphia Eagles vs Green Bay Packers,2025-01-12T21:31:00Z,Over (1.5),BetMGM,110,1.5,46.43,https://sports.{state}.betmgm.com/en/sports/events/green-bay-packers-at-philadelphia-eagles-16863365,Under (1.5),Pinnacle,-122,1.5,53.57,https://www.pinnacle.com/en/football/nfl/green-bay-packers-vs-philadelphia-eagles/1602789623/,0.0,2025-01-07 22:50:27.186821+00:00
Low Hold,2.56,NFL,player_prop,Jalen Hurts - Passing TDs,1.5,Philadelphia Eagles vs Green Bay Packers,2025-01-12T21:31:00Z,Over (1.5),Caesars,110,1.5,46.43,https://sportsbook.caesars.com/us/{state}/bet/americanfootball/a878ca31-3a43-4d4f-a56a-6c8e6dd459dd/green-bay-packers-at-philadelphia-eagles,Under (1.5),Pinnacle,-122,1.5,53.57,https://www.pinnacle.com/en/football/nfl/green-bay-packers-vs-philadelphia-eagles/1602789623/,0.0,2025-01-07 22:50:27.186821+00:00
Low Hold,2.11,NFL,player_prop,Dallas Goedert - Receiving Yards,34.5,Philadelphia Eagles vs Green Bay Packers,2025-01-12T21:31:00Z,Over (34.5),BetMGM,-110,34.5,51.28,https://sports.{state}.betmgm.com/en/sports/events/green-bay-packers-at-philadelphia-eagles-16863365,Under (34.5),Pinnacle,101,34.5,48.72,https://www.pinnacle.com/en/football/nfl/green-bay-packers-vs-philadelphia-eagles/1602789623/,0.0,2025-01-07 22:50:27.186821+00:00
Low Hold,2.72,NFL,player_prop,Tucker Kraft - Receptions,3.5,Philadelphia Eagles vs Green Bay Packers,2025-01-12T21:31:00Z,Over (3.5),FanDuel,108,3.5,46.8,https://sportsbook.fanduel.com/american-football/nfl/green-bay-packers-%40-philadelphia-eagles-33904186,Under (3.5),BetMGM,-120,3.5,53.2,https://sports.{state}.betmgm.com/en/sports/events/green-bay-packers-at-philadelphia-eagles-16863365,0.0,2025-01-07 22:50:27.186821+00:00
Low Hold,0.59,NFL,player_prop,Dontayvion Wicks - Receptions,3.5,Philadelphia Eagles vs Green Bay Packers,2025-01-12T21:31:00Z,Over (3.5),FanDuel,-108,3.5,51.51,https://sportsbook.fanduel.com/american-football/nfl/green-bay-packers-%40-philadelphia-eagles-33904186,Under (3.5),DraftKings,105,3.5,48.49,https://sportsbook.draftkings.com/event/31625602,0.0,2025-01-07 22:50:27.186821+00:00
Low Hold,2.83,NFL,player_prop,Dontayvion Wicks - Receptions,3.5,Philadelphia Eagles vs Green Bay Packers,2025-01-12T21:31:00Z,Over (3.5),BetRivers,-118,3.5,52.56,https://{state}.betrivers.com/?page=sportsbook#event/1022506930,Under (3.5),DraftKings,105,3.5,47.44,https://sportsbook.draftkings.com/event/31625602,0.0,2025-01-07 22:50:27.186821+00:00
Low Hold,2.26,NFL,player_prop,Dontayvion Wicks - Receptions,3.5,Philadelphia Eagles vs Green Bay Packers,2025-01-12T21:31:00Z,Over (3.5),Caesars,-115,3.5,52.3,https://sportsbook.caesars.com/us/{state}/bet/americanfootball/a878ca31-3a43-4d4f-a56a-6c8e6dd459dd/green-bay-packers-at-philadelphia-eagles,Under (3.5),DraftKings,105,3.5,47.7,https://sportsbook.draftkings.com/event/31625602,0.0,2025-01-07 22:50:27.186821+00:00
Low Hold,2.98,NFL,player_prop,DeVonta Smith - Receptions,5.5,Philadelphia Eagles vs Green Bay Packers,2025-01-12T21:31:00Z,Over (5.5),BetRivers,102,5.5,48.07,https://{state}.betrivers.com/?page=sportsbook#event/1022506930,Under (5.5),DraftKings,-115,5.5,51.93,https://sportsbook.draftkings.com/event/31625602,0.0,2025-01-07 22:50:27.186821+00:00
Low Hold,2.26,NFL,player_prop,DeVonta Smith - Receptions,5.5,Philadelphia Eagles vs Green Bay Packers,2025-01-12T21:31:00Z,Over (5.5),BetMGM,105,5.5,47.7,https://sports.{state}.betmgm.com/en/sports/events/green-bay-packers-at-philadelphia-eagles-16863365,Under (5.5),DraftKings,-115,5.5,52.3,https://sportsbook.draftkings.com/event/31625602,0.0,2025-01-07 22:50:27.186821+00:00
Low Hold,2.26,NFL,player_prop,DeVonta Smith - Receptions,5.5,Philadelphia Eagles vs Green Bay Packers,2025-01-12T21:31:00Z,Over (5.5),Caesars,105,5.5,47.7,https://sportsbook.caesars.com/us/{state}/bet/americanfootball/a878ca31-3a43-4d4f-a56a-6c8e6dd459dd/green-bay-packers-at-philadelphia-eagles,Under (5.5),DraftKings,-115,5.5,52.3,https://sportsbook.draftkings.com/event/31625602,0.0,2025-01-07 22:50:27.186821+00:00
Low Hold,1.55,NFL,player_prop,DeVonta Smith - Receptions,5.5,Philadelphia Eagles vs Green Bay Packers,2025-01-12T21:31:00Z,Over (5.5),Pinnacle,108,5.5,47.34,https://www.pinnacle.com/en/football/nfl/green-bay-packers-vs-philadelphia-eagles/1602789623/,Under (5.5),DraftKings,-115,5.5,52.66,https://sportsbook.draftkings.com/event/31625602,0.0,2025-01-07 22:50:27.186821+00:00
Low Hold,2.27,NFL,player_prop,Jayden Reed - Receptions,4.5,Philadelphia Eagles vs Green Bay Packers,2025-01-12T21:31:00Z,Over (4.5),BetRivers,140,4.5,40.74,https://{state}.betrivers.com/?page=sportsbook#event/1022506930,Under (4.5),DraftKings,-154,4.5,59.26,https://sportsbook.draftkings.com/event/31625602,0.0,2025-01-07 22:50:27.186821+00:00
Low Hold,1.55,NFL,player_prop,Jayden Reed - Receptions,4.5,Philadelphia Eagles vs Green Bay Packers,2025-01-12T21:31:00Z,Over (4.5),BetRivers,140,4.5,41.03,https://{state}.betrivers.com/?page=sportsbook#event/1022506930,Under (4.5),BetMGM,-149,4.5,58.97,https://sports.{state}.betmgm.com/en/sports/events/green-bay-packers-at-philadelphia-eagles-16863365,0.0,2025-01-07 22:50:27.186821+00:00
Low Hold,0.84,NFL,player_prop,Jayden Reed - Receptions,4.5,Philadelphia Eagles vs Green Bay Packers,2025-01-12T21:31:00Z,Over (4.5),BetRivers,140,4.5,41.32,https://{state}.betrivers.com/?page=sportsbook#event/1022506930,Under (4.5),Caesars,-145,4.5,58.68,https://sportsbook.caesars.com/us/{state}/bet/americanfootball/a878ca31-3a43-4d4f-a56a-6c8e6dd459dd/green-bay-packers-at-philadelphia-eagles,0.0,2025-01-07 22:50:27.186821+00:00
Low Hold,2.27,NFL,player_prop,Jayden Reed - Receptions,4.5,Philadelphia Eagles vs Green Bay Packers,2025-01-12T21:31:00Z,Over (4.5),BetRivers,140,4.5,40.74,https://{state}.betrivers.com/?page=sportsbook#event/1022506930,Under (4.5),Pinnacle,-154,4.5,59.26,https://www.pinnacle.com/en/football/nfl/green-bay-packers-vs-philadelphia-eagles/1602789623/,0.0,2025-01-07 22:50:27.186821+00:00
Low Hold,1.81,NFL,player_prop,Saquon Barkley - Rush Attempts,20.5,Philadelphia Eagles vs Green Bay Packers,2025-01-12T21:31:00Z,Over (20.5),FanDuel,-108,20.5,50.89,https://sportsbook.fanduel.com/american-football/nfl/green-bay-packers-%40-philadelphia-eagles-33904186,Under (20.5),DraftKings,100,20.5,49.11,https://sportsbook.draftkings.com/event/31625602,0.0,2025-01-07 22:50:27.186821+00:00
Low Hold,0.51,NFL,player_prop,Josh Jacobs - Rush Attempts,17.5,Philadelphia Eagles vs Green Bay Packers,2025-01-12T21:31:00Z,Over (17.5),BetMGM,100,17.5,49.75,https://sports.{state}.betmgm.com/en/sports/events/green-bay-packers-at-philadelphia-eagles-16863365,Under (17.5),FanDuel,-102,17.5,50.25,https://sportsbook.fanduel.com/american-football/nfl/green-bay-packers-%40-philadelphia-eagles-33904186,0.0,2025-01-07 22:50:27.186821+00:00
Low Hold,2.36,NFL,player_prop,Josh Jacobs - Rush Attempts,17.5,Philadelphia Eagles vs Green Bay Packers,2025-01-12T21:31:00Z,Over (17.5),BetMGM,100,17.5,48.85,https://sports.{state}.betmgm.com/en/sports/events/green-bay-packers-at-philadelphia-eagles-16863365,Under (17.5),Caesars,-110,17.5,51.15,https://sportsbook.caesars.com/us/{state}/bet/americanfootball/a878ca31-3a43-4d4f-a56a-6c8e6dd459dd/green-bay-packers-at-philadelphia-eagles,0.0,2025-01-07 22:50:27.186821+00:00
Low Hold,2.86,NFL,player_prop,Jalen Hurts - Rush Attempts,9.5,Philadelphia Eagles vs Green Bay Packers,2025-01-12T21:31:00Z,Over (9.5),DraftKings,-110,9.5,50.9,https://sportsbook.draftkings.com/event/31625602,Under (9.5),FanDuel,-102,9.5,49.1,https://sportsbook.fanduel.com/american-football/nfl/green-bay-packers-%40-philadelphia-eagles-33904186,0.0,2025-01-07 22:50:27.186821+00:00
Low Hold,1.79,NFL,player_prop,Jalen Hurts - Rush Attempts,9.5,Philadelphia Eagles vs Green Bay Packers,2025-01-12T21:31:00Z,Over (9.5),BetMGM,-105,9.5,50.38,https://sports.{state}.betmgm.com/en/sports/events/green-bay-packers-at-philadelphia-eagles-16863365,Under (9.5),FanDuel,-102,9.5,49.62,https://sportsbook.fanduel.com/american-football/nfl/green-bay-packers-%40-philadelphia-eagles-33904186,0.0,2025-01-07 22:50:27.186821+00:00
Low Hold,2.56,NFL,player_prop,Jalen Hurts - Rush Attempts,9.5,Philadelphia Eagles vs Green Bay Packers,2025-01-12T21:31:00Z,Over (9.5),BetMGM,-105,9.5,50.0,https://sports.{state}.betmgm.com/en/sports/events/green-bay-packers-at-philadelphia-eagles-16863365,Under (9.5),BetRivers,-105,9.5,50.0,https://{state}.betrivers.com/?page=sportsbook#event/1022506930,0.0,2025-01-07 22:50:27.186821+00:00
Low Hold,2.81,NFL,alternate_spreads,,1.5,Tampa Bay Buccaneers vs Washington Commanders,2025-01-13T01:01:00Z,Tampa Bay Buccaneers,BetRivers,-185,1.5,63.16,https://{state}.betrivers.com/?page=sportsbook#event/1022507693?coupon={pickType}|3607534176|{wagerAmount},Washington Commanders,FanDuel,164,-1.5,36.84,https://sportsbook.fanduel.com/addToBetslip?marketId=42.472475929&selectionId=44941226,0.0,2025-01-07 22:50:27.186821+00:00
Low Hold,2.13,NFL,alternate_spreads,,2.5,Tampa Bay Buccaneers vs Washington Commanders,2025-01-13T01:01:00Z,Tampa Bay Buccaneers,BetRivers,-200,2.5,65.28,https://{state}.betrivers.com/?page=sportsbook#event/1022507693?coupon={pickType}|3607534239|{wagerAmount},Washington Commanders,FanDuel,182,-2.5,34.72,https://sportsbook.fanduel.com/addToBetslip?marketId=42.472475929&selectionId=44941219,0.0,2025-01-07 22:50:27.186821+00:00
Low Hold,2.62,NFL,alternate_totals,,53.5,Tampa Bay Buccaneers vs Washington Commanders,2025-01-13T01:01:00Z,Over,FanDuel,138,53.5,40.94,https://sportsbook.fanduel.com/addToBetslip?marketId=42.472475932&selectionId=12197179,Under,BetMGM,-154,53.5,59.06,https://sports.{state}.betmgm.com/en/sports?options=16863607-1227040947--793663096&type=Single,0.0,2025-01-07 22:50:27.186821+00:00
Low Hold,2.9,NFL,alternate_totals,,55.5,Tampa Bay Buccaneers vs Washington Commanders,2025-01-13T01:01:00Z,Over,FanDuel,176,55.5,35.21,https://sportsbook.fanduel.com/addToBetslip?marketId=42.472475932&selectionId=12197183,Under,BetMGM,-200,55.5,64.79,https://sports.{state}.betmgm.com/en/sports?options=16863607-1227040967--793663048&type=Single,0.0,2025-01-07 22:50:27.186821+00:00
Low Hold,2.68,NFL,alternate_totals,,57.5,Tampa Bay Buccaneers vs Washington Commanders,2025-01-13T01:01:00Z,Over,FanDuel,220,57.5,30.43,https://sportsbook.fanduel.com/addToBetslip?marketId=42.472475932&selectionId=12197187,Under,BetMGM,-250,57.5,69.57,https://sports.{state}.betmgm.com/en/sports?options=16863607-1227040977--793663028&type=Single,0.0,2025-01-07 22:50:27.186821+00:00
Low Hold,2.1,NFL,alternate_totals,,58.5,Tampa Bay Buccaneers vs Washington Commanders,2025-01-13T01:01:00Z,Over,FanDuel,250,58.5,27.98,https://sportsbook.fanduel.com/addToBetslip?marketId=42.472475932&selectionId=12194326,Under,BetMGM,-278,58.5,72.02,https://sports.{state}.betmgm.com/en/sports?options=16863607-1227040984--793663008&type=Single,0.0,2025-01-07 22:50:27.186821+00:00
Low Hold,1.5,NFL,alternate_totals,,59.5,Tampa Bay Buccaneers vs Washington Commanders,2025-01-13T01:01:00Z,Over,FanDuel,280,59.5,25.93,https://sportsbook.fanduel.com/addToBetslip?marketId=42.472475932&selectionId=12197191,Under,BetMGM,-303,59.5,74.07,https://sports.{state}.betmgm.com/en/sports?options=16863607-1227040993--793662981&type=Single,0.0,2025-01-07 22:50:27.186821+00:00
Low Hold,2.52,NFL,alternate_totals,,60.5,Tampa Bay Buccaneers vs Washington Commanders,2025-01-13T01:01:00Z,Over,FanDuel,300,60.5,24.39,https://sportsbook.fanduel.com/addToBetslip?marketId=42.472475932&selectionId=12194330,Under,BetMGM,-345,60.5,75.61,https://sports.{state}.betmgm.com/en/sports?options=16863607-1227041002--793662959&type=Single,0.0,2025-01-07 22:50:27.186821+00:00
Low Hold,2.3,NFL,h2h_q3,,,Tampa Bay Buccaneers vs Washington Commanders,2025-01-13T01:01:00Z,Tampa Bay Buccaneers,BetRivers,-104,,49.87,https://{state}.betrivers.com/?page=sportsbook#event/1022507693?coupon={pickType}|3608502990|{wagerAmount},Washington Commanders,FanDuel,-105,,50.13,https://sportsbook.fanduel.com/addToBetslip?marketId=42.472475908&selectionId=42568622,0.0,2025-01-07 22:50:27.186821+00:00
Low Hold,1.48,NFL,h2h_h1,,,Tampa Bay Buccaneers vs Washington Commanders,2025-01-13T01:01:00Z,Tampa Bay Buccaneers,BetMGM,-164,,61.2,https://sports.{state}.betmgm.com/en/sports?options=16863607-1227160097--793360735&type=Single,Washington Commanders,DraftKings,154,,38.8,https://sportsbook.draftkings.com/event/31626162?outcomes=0ML78177716_3,0.0,2025-01-07 22:50:27.186821+00:00
Low Hold,2.93,NFL,spreads_q4,,-1.5,Tampa Bay Buccaneers vs Washington Commanders,2025-01-13T01:01:00Z,Tampa Bay Buccaneers,FanDuel,120,-1.5,44.16,https://sportsbook.fanduel.com/addToBetslip?marketId=42.472475888&selectionId=50190,Washington Commanders,BetRivers,-135,1.5,55.84,https://{state}.betrivers.com/?page=sportsbook#event/1022507693?coupon={pickType}|3608503081|{wagerAmount},0.0,2025-01-07 22:50:27.186821+00:00
Low Hold,1.67,NFL,totals_q1,,9.5,Tampa Bay Buccaneers vs Washington Commanders,2025-01-13T01:01:00Z,Over,BetRivers,-118,9.5,53.16,https://{state}.betrivers.com/?page=sportsbook#event/1022507693?coupon={pickType}|3607535123|{wagerAmount},Under,DraftKings,110,9.5,46.84,https://sportsbook.draftkings.com/event/31626162?outcomes=0OU78177715U950_3,0.0,2025-01-07 22:50:27.186821+00:00
Low Hold,2.5,NFL,totals_h2,,24.5,Tampa Bay Buccaneers vs Washington Commanders,2025-01-13T01:01:00Z,Over,BetRivers,104,24.5,47.83,https://{state}.betrivers.com/?page=sportsbook#event/1022507693?coupon={pickType}|3607535118|{wagerAmount},Under,Caesars,-115,24.5,52.17,https://sportsbook.caesars.com/us/{state}/bet/betslip?selectionIds=348c539c-5640-3d00-8a8a-3ccfa166ccce,0.0,2025-01-07 22:50:27.186821+00:00
Low Hold,2.5,NFL,player_prop,Baker Mayfield - Passing TDs,1.5,Tampa Bay Buccaneers vs Washington Commanders,2025-01-13T01:01:00Z,Over (1.5),FanDuel,-167,1.5,60.98,https://sportsbook.fanduel.com/american-football/nfl/washington-commanders-%40-tampa-bay-buccaneers-33904226,Under (1.5),Caesars,150,1.5,39.02,https://sportsbook.caesars.com/us/{state}/bet/americanfootball/12b1f1d6-91e4-46fb-8140-d44d1bfd295a/washington-commanders-at-tampa-bay-buccaneers,0.0,2025-01-07 22:50:27.186821+00:00
Low Hold,2.5,NFL,player_prop,Baker Mayfield - Passing TDs,1.5,Tampa Bay Buccaneers vs Washington Commanders,2025-01-13T01:01:00Z,Over (1.5),BetRivers,-167,1.5,60.98,https://{state}.betrivers.com/?page=sportsbook#event/1022507693,Under (1.5),Caesars,150,1.5,39.02,https://sportsbook.caesars.com/us/{state}/bet/americanfootball/12b1f1d6-91e4-46fb-8140-d44d1bfd295a/washington-commanders-at-tampa-bay-buccaneers,0.0,2025-01-07 22:50:27.186821+00:00
Low Hold,2.95,NFL,player_prop,Jayden Daniels - Passing TDs,1.5,Tampa Bay Buccaneers vs Washington Commanders,2025-01-13T01:01:00Z,Over (1.5),FanDuel,-120,1.5,53.08,https://sportsbook.fanduel.com/american-football/nfl/washington-commanders-%40-tampa-bay-buccaneers-33904226,Under (1.5),Pinnacle,107,1.5,46.92,https://www.pinnacle.com/en/football/nfl/washington-commanders-vs-tampa-bay-buccaneers/1602790433/,0.0,2025-01-07 22:50:27.186821+00:00
Low Hold,2.95,NFL,player_prop,Jayden Daniels - Passing TDs,1.5,Tampa Bay Buccaneers vs Washington Commanders,2025-01-13T01:01:00Z,Over (1.5),BetRivers,-120,1.5,53.08,https://{state}.betrivers.com/?page=sportsbook#event/1022507693,Under (1.5),Pinnacle,107,1.5,46.92,https://www.pinnacle.com/en/football/nfl/washington-commanders-vs-tampa-bay-buccaneers/1602790433/,0.0,2025-01-07 22:50:27.186821+00:00
Low Hold,2.8,NFL,player_prop,Bucky Irving - Receptions,3.5,Tampa Bay Buccaneers vs Washington Commanders,2025-01-13T01:01:00Z,Over (3.5),Pinnacle,133,3.5,41.75,https://www.pinnacle.com/en/football/nfl/washington-commanders-vs-tampa-bay-buccaneers/1602790433/,Under (3.5),DraftKings,-149,3.5,58.25,https://sportsbook.draftkings.com/event/31626162,0.0,2025-01-07 22:50:27.186821+00:00
Low Hold,1.06,NFL,player_prop,Bucky Irving - Receptions,3.5,Tampa Bay Buccaneers vs Washington Commanders,2025-01-13T01:01:00Z,Over (3.5),Pinnacle,133,3.5,42.47,https://www.pinnacle.com/en/football/nfl/washington-commanders-vs-tampa-bay-buccaneers/1602790433/,Under (3.5),BetRivers,-139,3.5,57.53,https://{state}.betrivers.com/?page=sportsbook#event/1022507693,0.0,2025-01-07 22:50:27.186821+00:00
Low Hold,2.09,NFL,player_prop,Bucky Irving - Receptions,3.5,Tampa Bay Buccaneers vs Washington Commanders,2025-01-13T01:01:00Z,Over (3.5),Pinnacle,133,3.5,42.04,https://www.pinnacle.com/en/football/nfl/washington-commanders-vs-tampa-bay-buccaneers/1602790433/,Under (3.5),BetMGM,-145,3.5,57.96,https://sports.{state}.betmgm.com/en/sports/events/washington-commanders-at-tampa-bay-buccaneers-16863607,0.0,2025-01-07 22:50:27.186821+00:00
Low Hold,2.8,NFL,player_prop,Bucky Irving - Receptions,3.5,Tampa Bay Buccaneers vs Washington Commanders,2025-01-13T01:01:00Z,Over (3.5),Pinnacle,133,3.5,41.75,https://www.pinnacle.com/en/football/nfl/washington-commanders-vs-tampa-bay-buccaneers/1602790433/,Under (3.5),Caesars,-149,3.5,58.25,https://sportsbook.caesars.com/us/{state}/bet/americanfootball/12b1f1d6-91e4-46fb-8140-d44d1bfd295a/washington-commanders-at-tampa-bay-buccaneers,0.0,2025-01-07 22:50:27.186821+00:00
Low Hold,2.72,NFL,h2h,,,Los Angeles Rams vs Minnesota Vikings,2025-01-14T01:00:00Z,Los Angeles Rams,FanDuel,108,,46.8,https://sportsbook.fanduel.com/addToBetslip?marketId=42.471628858&selectionId=10782388,Minnesota Vikings,Caesars,-120,,53.2,https://sportsbook.caesars.com/us/{state}/bet/betslip?selectionIds=949b7e4d-c29f-38df-a80e-e7ace8e68e79,0.0,2025-01-07 22:50:27.186821+00:00
Low Hold,2.78,NFL,alternate_spreads,,-4.5,Los Angeles Rams vs Minnesota Vikings,2025-01-14T01:00:00Z,Los Angeles Rams,FanDuel,200,-4.5,32.43,https://sportsbook.fanduel.com/addToBetslip?marketId=42.472403078&selectionId=12267847,Minnesota Vikings,DraftKings,-227,4.5,67.57,https://sportsbook.draftkings.com/event/31626716?outcomes=0HC78177698P450_3,0.0,2025-01-07 22:50:27.186821+00:00
Low Hold,2.68,NFL,alternate_spreads,,-5.5,Los Angeles Rams vs Minnesota Vikings,2025-01-14T01:00:00Z,Los Angeles Rams,FanDuel,220,-5.5,30.43,https://sportsbook.fanduel.com/addToBetslip?marketId=42.472403078&selectionId=12267848,Minnesota Vikings,DraftKings,-250,5.5,69.57,https://sportsbook.draftkings.com/event/31626716?outcomes=0HC78177698P550_3,0.0,2025-01-07 22:50:27.186821+00:00
Low Hold,2.78,NFL,alternate_totals,,53.5,Los Angeles Rams vs Minnesota Vikings,2025-01-14T01:00:00Z,Over,FanDuel,200,53.5,32.43,https://sportsbook.fanduel.com/addToBetslip?marketId=42.472403081&selectionId=12197179,Under,BetMGM,-227,53.5,67.57,https://sports.{state}.betmgm.com/en/sports?options=16863706-1227044081--793655600&type=Single,0.0,2025-01-07 22:50:27.186821+00:00
Low Hold,1.5,NFL,alternate_totals,,38.5,Los Angeles Rams vs Minnesota Vikings,2025-01-14T01:00:00Z,Over,BetMGM,-303,38.5,74.07,https://sports.{state}.betmgm.com/en/sports?options=16863706-1227044050--793655663&type=Single,Under,FanDuel,280,38.5,25.93,https://sportsbook.fanduel.com/addToBetslip?marketId=42.472403081&selectionId=12194323,0.0,2025-01-07 22:50:27.186821+00:00
Low Hold,1.73,NFL,alternate_totals,,54.5,Los Angeles Rams vs Minnesota Vikings,2025-01-14T01:00:00Z,Over,FanDuel,230,54.5,29.79,https://sportsbook.fanduel.com/addToBetslip?marketId=42.472403081&selectionId=12194318,Under,BetMGM,-250,54.5,70.21,https://sports.{state}.betmgm.com/en/sports?options=16863706-1227044083--793655596&type=Single,0.0,2025-01-07 22:50:27.186821+00:00
Low Hold,2.52,NFL,alternate_totals,,37.5,Los Angeles Rams vs Minnesota Vikings,2025-01-14T01:00:00Z,Over,BetMGM,-345,37.5,75.61,https://sports.{state}.betmgm.com/en/sports?options=16863706-1227044048--793655667&type=Single,Under,FanDuel,300,37.5,24.39,https://sportsbook.fanduel.com/addToBetslip?marketId=42.472403081&selectionId=12197184,0.0,2025-01-07 22:50:27.186821+00:00
Low Hold,2.94,NFL,alternate_totals,,39.5,Los Angeles Rams vs Minnesota Vikings,2025-01-14T01:00:00Z,Over,BetMGM,-278,39.5,71.43,https://sports.{state}.betmgm.com/en/sports?options=16863706-1227044052--793655657&type=Single,Under,FanDuel,240,39.5,28.57,https://sportsbook.fanduel.com/addToBetslip?marketId=42.472403081&selectionId=12197180,0.0,2025-01-07 22:50:27.186821+00:00
Low Hold,2.26,NFL,h2h_h1,,,Los Angeles Rams vs Minnesota Vikings,2025-01-14T01:00:00Z,Los Angeles Rams,BetMGM,105,,47.7,https://sports.{state}.betmgm.com/en/sports?options=16863706-1227163723--793352774&type=Single,Minnesota Vikings,DraftKings,-115,,52.3,https://sportsbook.draftkings.com/event/31626716?outcomes=0ML78177713_3,0.0,2025-01-07 22:50:27.186821+00:00
Low Hold,2.26,NFL,spreads_h1,,0.5,Los Angeles Rams vs Minnesota Vikings,2025-01-14T01:00:00Z,Los Angeles Rams,BetMGM,-115,0.5,52.3,https://sports.{state}.betmgm.com/en/sports?options=16863706-1227163724--793352772&type=Single,Minnesota Vikings,DraftKings,105,-0.5,47.7,https://sportsbook.draftkings.com/event/31626716?outcomes=0HC78177713N50_3,0.0,2025-01-07 22:50:27.186821+00:00
Low Hold,1.86,NFL,totals_h1,,23.5,Los Angeles Rams vs Minnesota Vikings,2025-01-14T01:00:00Z,Over,DraftKings,102,23.5,48.6,https://sportsbook.draftkings.com/event/31626716?outcomes=0OU78177713O2350_1,Under,FanDuel,-110,23.5,51.4,https://sportsbook.fanduel.com/addToBetslip?marketId=42.472403042&selectionId=7017917,0.0,2025-01-07 22:50:27.186821+00:00
Low Hold,2.21,NFL,player_prop,Matthew Stafford - Completions,21.5,Los Angeles Rams vs Minnesota Vikings,2025-01-14T01:00:00Z,Over (21.5),FanDuel,-114,21.5,52.04,https://sportsbook.fanduel.com/american-football/nfl/minnesota-vikings-%40-los-angeles-rams-33904283,Under (21.5),BetRivers,104,21.5,47.96,https://{state}.betrivers.com/?page=sportsbook#event/1022508641,0.0,2025-01-07 22:50:27.186821+00:00
Low Hold,2.36,NFL,player_prop,Jalen Nailor - Receiving Yards,16.5,Los Angeles Rams vs Minnesota Vikings,2025-01-14T01:00:00Z,Over (16.5),BetMGM,-110,16.5,51.15,https://sports.{state}.betmgm.com/en/sports/events/minnesota-vikings-at-los-angeles-rams-16863706,Under (16.5),DraftKings,100,16.5,48.85,https://sportsbook.draftkings.com/event/31626716,0.0,2025-01-07 22:50:27.186821+00:00
Low Hold,2.83,NFL,player_prop,Puka Nacua - Receptions,7.5,Los Angeles Rams vs Minnesota Vikings,2025-01-14T01:00:00Z,Over (7.5),FanDuel,-106,7.5,50.13,https://sportsbook.fanduel.com/american-football/nfl/minnesota-vikings-%40-los-angeles-rams-33904283,Under (7.5),BetMGM,-105,7.5,49.87,https://sports.{state}.betmgm.com/en/sports/events/minnesota-vikings-at-los-angeles-rams-16863706,0.0,2025-01-07 22:50:27.186821+00:00
Low Hold,2.83,NFL,player_prop,Puka Nacua - Receptions,7.5,Los Angeles Rams vs Minnesota Vikings,2025-01-14T01:00:00Z,Over (7.5),FanDuel,-106,7.5,50.13,https://sportsbook.fanduel.com/american-football/nfl/minnesota-vikings-%40-los-angeles-rams-33904283,Under (7.5),Pinnacle,-105,7.5,49.87,https://www.pinnacle.com/en/football/nfl/minnesota-vikings-vs-los-angeles-rams/1602789634/,0.0,2025-01-07 22:50:27.186821+00:00
Low Hold,0.83,NFL,player_prop,Justin Jefferson - Receptions,6.5,Los Angeles Rams vs Minnesota Vikings,2025-01-14T01:00:00Z,Over (6.5),FanDuel,104,6.5,48.61,https://sportsbook.fanduel.com/american-football/nfl/minnesota-vikings-%40-los-angeles-rams-33904283,Under (6.5),Pinnacle,-108,6.5,51.39,https://www.pinnacle.com/en/football/nfl/minnesota-vikings-vs-los-angeles-rams/1602789634/,0.0,2025-01-07 22:50:27.186821+00:00
Low Hold,2.36,NFL,player_prop,Cooper Kupp - Receptions,4.5,Los Angeles Rams vs Minnesota Vikings,2025-01-14T01:00:00Z,Over (4.5),BetRivers,-110,4.5,51.15,https://{state}.betrivers.com/?page=sportsbook#event/1022508641,Under (4.5),DraftKings,100,4.5,48.85,https://sportsbook.draftkings.com/event/31626716,0.0,2025-01-07 22:50:27.186821+00:00
Low Hold,2.36,NFL,player_prop,Cooper Kupp - Receptions,4.5,Los Angeles Rams vs Minnesota Vikings,2025-01-14T01:00:00Z,Over (4.5),BetRivers,-110,4.5,51.15,https://{state}.betrivers.com/?page=sportsbook#event/1022508641,Under (4.5),BetMGM,100,4.5,48.85,https://sports.{state}.betmgm.com/en/sports/events/minnesota-vikings-at-los-angeles-rams-16863706,0.0,2025-01-07 22:50:27.186821+00:00
Low Hold,2.36,NFL,player_prop,Cooper Kupp - Receptions,4.5,Los Angeles Rams vs Minnesota Vikings,2025-01-14T01:00:00Z,Over (4.5),BetRivers,-110,4.5,51.15,https://{state}.betrivers.com/?page=sportsbook#event/1022508641,Under (4.5),Pinnacle,100,4.5,48.85,https://www.pinnacle.com/en/football/nfl/minnesota-vikings-vs-los-angeles-rams/1602789634/,0.0,2025-01-07 22:50:27.186821+00:00
Low Hold,1.81,NFL,player_prop,Cooper Kupp - Receptions,4.5,Los Angeles Rams vs Minnesota Vikings,2025-01-14T01:00:00Z,Over (4.5),FanDuel,-108,4.5,50.89,https://sportsbook.fanduel.com/american-football/nfl/minnesota-vikings-%40-los-angeles-rams-33904283,Under (4.5),DraftKings,100,4.5,49.11,https://sportsbook.draftkings.com/event/31626716,0.0,2025-01-07 22:50:27.186821+00:00
Low Hold,1.81,NFL,player_prop,Cooper Kupp - Receptions,4.5,Los Angeles Rams vs Minnesota Vikings,2025-01-14T01:00:00Z,Over (4.5),FanDuel,-108,4.5,50.89,https://sportsbook.fanduel.com/american-football/nfl/minnesota-vikings-%40-los-angeles-rams-33904283,Under (4.5),BetMGM,100,4.5,49.11,https://sports.{state}.betmgm.com/en/sports/events/minnesota-vikings-at-los-angeles-rams-16863706,0.0,2025-01-07 22:50:27.186821+00:00
Low Hold,1.81,NFL,player_prop,Cooper Kupp - Receptions,4.5,Los Angeles Rams vs Minnesota Vikings,2025-01-14T01:00:00Z,Over (4.5),FanDuel,-108,4.5,50.89,https://sportsbook.fanduel.com/american-football/nfl/minnesota-vikings-%40-los-angeles-rams-33904283,Under (4.5),Pinnacle,100,4.5,49.11,https://www.pinnacle.com/en/football/nfl/minnesota-vikings-vs-los-angeles-rams/1602789634/,0.0,2025-01-07 22:50:27.186821+00:00
Low Hold,2.6,NFL,player_prop,Jordan Addison - Receptions,4.5,Los Angeles Rams vs Minnesota Vikings,2025-01-14T01:00:00Z,Over (4.5),FanDuel,-118,4.5,52.69,https://sportsbook.fanduel.com/american-football/nfl/minnesota-vikings-%40-los-angeles-rams-33904283,Under (4.5),Pinnacle,106,4.5,47.31,https://www.pinnacle.com/en/football/nfl/minnesota-vikings-vs-los-angeles-rams/1602789634/,0.0,2025-01-07 22:50:27.186821+00:00
Low Hold,1.81,NFL,player_prop,Tyler Higbee - Receptions,2.5,Los Angeles Rams vs Minnesota Vikings,2025-01-14T01:00:00Z,Over (2.5),BetMGM,100,2.5,49.11,https://sports.{state}.betmgm.com/en/sports/events/minnesota-vikings-at-los-angeles-rams-16863706,Under (2.5),FanDuel,-108,2.5,50.89,https://sportsbook.fanduel.com/american-football/nfl/minnesota-vikings-%40-los-angeles-rams-33904283,0.0,2025-01-07 22:50:27.186821+00:00
Low Hold,1.32,NFL,player_prop,Tyler Higbee - Receptions,2.5,Los Angeles Rams vs Minnesota Vikings,2025-01-14T01:00:00Z,Over (2.5),Pinnacle,102,2.5,48.86,https://www.pinnacle.com/en/football/nfl/minnesota-vikings-vs-los-angeles-rams/1602789634/,Under (2.5),FanDuel,-108,2.5,51.14,https://sportsbook.fanduel.com/american-football/nfl/minnesota-vikings-%40-los-angeles-rams-33904283,0.0,2025-01-07 22:50:27.186821+00:00
Low Hold,2.11,NFL,player_prop,Kyren Williams - Receptions,1.5,Los Angeles Rams vs Minnesota Vikings,2025-01-14T01:00:00Z,Over (1.5),DraftKings,-164,1.5,60.83,https://sportsbook.draftkings.com/event/31626716,Under (1.5),Caesars,150,1.5,39.17,https://sportsbook.caesars.com/us/{state}/bet/americanfootball/9d880c02-e5ee-47b6-b6e5-9be8965576f6/minnesota-vikings-at-los-angeles-rams,0.0,2025-01-07 22:50:27.186821+00:00
Low Hold,2.76,NFL,player_prop,Kyren Williams - Receptions,1.5,Los Angeles Rams vs Minnesota Vikings,2025-01-14T01:00:00Z,Over (1.5),DraftKings,-164,1.5,60.44,https://sportsbook.draftkings.com/event/31626716,Under (1.5),Pinnacle,146,1.5,39.56,https://www.pinnacle.com/en/football/nfl/minnesota-vikings-vs-los-angeles-rams/1602789634/,0.0,2025-01-07 22:50:27.186821+00:00
Low Hold,1.81,NFL,player_prop,Aaron Jones - Rush Attempts,14.5,Los Angeles Rams vs Minnesota Vikings,2025-01-14T01:00:00Z,Over (14.5),DraftKings,100,14.5,49.11,https://sportsbook.draftkings.com/event/31626716,Under (14.5),FanDuel,-108,14.5,50.89,https://sportsbook.fanduel.com/american-football/nfl/minnesota-vikings-%40-los-angeles-rams-33904283,0.0,2025-01-07 22:50:27.186821+00:00
Low Hold,1.81,NFL,player_prop,Aaron Jones - Rush Attempts,14.5,Los Angeles Rams vs Minnesota Vikings,2025-01-14T01:00:00Z,Over (14.5),BetMGM,100,14.5,49.11,https://sports.{state}.betmgm.com/en/sports/events/minnesota-vikings-at-los-angeles-rams-16863706,Under (14.5),FanDuel,-108,14.5,50.89,https://sportsbook.fanduel.com/american-football/nfl/minnesota-vikings-%40-los-angeles-rams-33904283,0.0,2025-01-07 22:50:27.186821+00:00
Low Hold,1.27,NFL,player_prop,Cam Akers - Rush Attempts,5.5,Los Angeles Rams vs Minnesota Vikings,2025-01-14T01:00:00Z,Over (5.5),BetRivers,108,5.5,47.47,https://{state}.betrivers.com/?page=sportsbook#event/1022508641,Under (5.5),FanDuel,-114,5.5,52.53,https://sportsbook.fanduel.com/american-football/nfl/minnesota-vikings-%40-los-angeles-rams-33904283,0.0,2025-01-07 22:50:27.186821+00:00
