sport,market_type,market_point,game,commence_time,team,bookmaker,odds,fair_odds,ev_percentage,link,market_data,primary_key
NCAAB,Total 144.5,144.5,Wyoming Cowboys vs New Mexico Lobos,2025-01-08T03:00:00Z,Over,Caesars,100,-106,2.91,https://sportsbook.caesars.com/us/{state}/bet/betslip?selectionIds=b32dd633-133b-3adf-b8a7-7ebdf8be4571,"{'Over_144.5': {'odds': {'fanduel': {'american': -108, 'decimal': 1.93, 'link': 'https://sportsbook.fanduel.com/addToBetslip?marketId=42.472503948&selectionId=7017823'}, 'betrivers': {'american': -114, 'decimal': 1.88, 'link': 'https://{state}.betrivers.com/?page=sportsbook#event/1021867746?coupon={pickType}|3608369794|{wagerAmount}'}, 'draftkings': {'american': -110, 'decimal': 1.91, 'link': 'https://sportsbook.draftkings.com/event/31629503?outcomes=0OU78184610O14450_1'}, 'betmgm': {'american': -105, 'decimal': 1.95, 'link': 'https://sports.{state}.betmgm.com/en/sports?options=16865821-1227808491--791651733&type=Single'}, 'caesars': {'american': 100, 'decimal': 2.0, 'link': 'https://sportsbook.caesars.com/us/{state}/bet/betslip?selectionIds=b32dd633-133b-3adf-b8a7-7ebdf8be4571'}, 'pinnacle': {'american': -116, 'decimal': 1.86, 'link': None}}}, 'Under_144.5': {'odds': {'fanduel': {'american': -112, 'decimal': 1.89, 'link': 'https://sportsbook.fanduel.com/addToBetslip?marketId=42.472503948&selectionId=7017824'}, 'betrivers': {'american': -108, 'decimal': 1.93, 'link': 'https://{state}.betrivers.com/?page=sportsbook#event/1021867746?coupon={pickType}|3608369797|{wagerAmount}'}, 'draftkings': {'american': -110, 'decimal': 1.91, 'link': 'https://sportsbook.draftkings.com/event/31629503?outcomes=0OU78184610U14450_3'}, 'betmgm': {'american': -115, 'decimal': 1.87, 'link': 'https://sports.{state}.betmgm.com/en/sports?options=16865821-1227808491--791651732&type=Single'}, 'caesars': {'american': -120, 'decimal': 1.83, 'link': 'https://sportsbook.caesars.com/us/{state}/bet/betslip?selectionIds=c9f2cd64-91c4-36cf-9903-a3fbc81ecf88'}, 'pinnacle': {'american': -104, 'decimal': 1.96, 'link': None}}}}",Wyoming Cowboys vs New Mexico LobosOverTotal 144.5144.5Caesars
NCAAB,Moneyline,,Boise State Broncos vs UNLV Rebels,2025-01-08T03:30:00Z,Boise State Broncos,Caesars,-333,-366,2.13,https://sportsbook.caesars.com/us/{state}/bet/betslip?selectionIds=2e4a9cc1-b911-3b0c-9331-a33483dd8e3d,"{'Boise State Broncos_None': {'odds': {'fanduel': {'american': -417, 'decimal': 1.24, 'link': 'https://sportsbook.fanduel.com/addToBetslip?marketId=42.472504463&selectionId=712843'}, 'betrivers': {'american': -370, 'decimal': 1.27, 'link': 'https://{state}.betrivers.com/?page=sportsbook#event/1021852478?coupon={pickType}|3607816147|{wagerAmount}'}, 'draftkings': {'american': -357, 'decimal': 1.28, 'link': 'https://sportsbook.draftkings.com/event/31629513?outcomes=0ML78184620_1'}, 'betmgm': {'american': -345, 'decimal': 1.29, 'link': 'https://sports.{state}.betmgm.com/en/sports?options=16865822-1227003500--793783989&type=Single'}, 'caesars': {'american': -333, 'decimal': 1.3, 'link': 'https://sportsbook.caesars.com/us/{state}/bet/betslip?selectionIds=2e4a9cc1-b911-3b0c-9331-a33483dd8e3d'}, 'pinnacle': {'american': -400, 'decimal': 1.25, 'link': None}}}, 'UNLV Rebels_None': {'odds': {'fanduel': {'american': 315, 'decimal': 4.15, 'link': 'https://sportsbook.fanduel.com/addToBetslip?marketId=42.472504463&selectionId=702239'}, 'betrivers': {'american': 290, 'decimal': 3.9, 'link': 'https://{state}.betrivers.com/?page=sportsbook#event/1021852478?coupon={pickType}|3607816151|{wagerAmount}'}, 'draftkings': {'american': 285, 'decimal': 3.85, 'link': 'https://sportsbook.draftkings.com/event/31629513?outcomes=0ML78184620_3'}, 'betmgm': {'american': 275, 'decimal': 3.75, 'link': 'https://sports.{state}.betmgm.com/en/sports?options=16865822-1227003500--793783990&type=Single'}, 'caesars': {'american': 260, 'decimal': 3.6, 'link': 'https://sportsbook.caesars.com/us/{state}/bet/betslip?selectionIds=8960ecd9-1290-383f-bcbd-1449fe6ae954'}, 'pinnacle': {'american': 315, 'decimal': 4.15, 'link': None}}}}",Boise State Broncos vs UNLV RebelsBoise State BroncosMoneylineNoneCaesars
NCAAB,Spread 10.5,10.5,George Mason Patriots vs Richmond Spiders,2025-01-09T00:00:00Z,Richmond Spiders,DraftKings,-105,-110,2.27,https://sportsbook.draftkings.com/event/31634399?outcomes=0HC78196117P1050_3,"{'George Mason Patriots_-10.5': {'odds': {'draftkings': {'american': -115, 'decimal': 1.87, 'link': 'https://sportsbook.draftkings.com/event/31634399?outcomes=0HC78196117N1050_1'}, 'betmgm': {'american': -115, 'decimal': 1.87, 'link': 'https://sports.{state}.betmgm.com/en/sports?options=16870096-1227890228--791449081&type=Single'}, 'fanduel': {'american': -115, 'decimal': 1.87, 'link': 'https://sportsbook.fanduel.com/addToBetslip?marketId=42.472719715&selectionId=754277'}}}, 'Richmond Spiders_10.5': {'odds': {'draftkings': {'american': -105, 'decimal': 1.95, 'link': 'https://sportsbook.draftkings.com/event/31634399?outcomes=0HC78196117P1050_3'}, 'betmgm': {'american': -105, 'decimal': 1.95, 'link': 'https://sports.{state}.betmgm.com/en/sports?options=16870096-1227890228--791449082&type=Single'}, 'fanduel': {'american': -105, 'decimal': 1.95, 'link': 'https://sportsbook.fanduel.com/addToBetslip?marketId=42.472719715&selectionId=697707'}}}, 'George Mason Patriots_-11.0': {'odds': {'caesars': {'american': -110, 'decimal': 1.91, 'link': 'https://sportsbook.caesars.com/us/{state}/bet/betslip?selectionIds=448913b9-aa2d-3640-bba8-c48e103fbb36'}}}, 'Richmond Spiders_11.0': {'odds': {'caesars': {'american': -110, 'decimal': 1.91, 'link': 'https://sportsbook.caesars.com/us/{state}/bet/betslip?selectionIds=bf6805a4-2507-358f-83c8-fcc2761f72bf'}}}, 'George Mason Patriots_-11.5': {'odds': {'pinnacle': {'american': 102, 'decimal': 2.02, 'link': None}}}, 'Richmond Spiders_11.5': {'odds': {'pinnacle': {'american': -119, 'decimal': 1.84, 'link': None}}}}",George Mason Patriots vs Richmond SpidersRichmond SpidersSpread 10.510.5DraftKings
NCAAB,Spread 10.5,10.5,George Mason Patriots vs Richmond Spiders,2025-01-09T00:00:00Z,Richmond Spiders,BetMGM,-105,-110,2.27,https://sports.{state}.betmgm.com/en/sports?options=16870096-1227890228--791449082&type=Single,"{'George Mason Patriots_-10.5': {'odds': {'draftkings': {'american': -115, 'decimal': 1.87, 'link': 'https://sportsbook.draftkings.com/event/31634399?outcomes=0HC78196117N1050_1'}, 'betmgm': {'american': -115, 'decimal': 1.87, 'link': 'https://sports.{state}.betmgm.com/en/sports?options=16870096-1227890228--791449081&type=Single'}, 'fanduel': {'american': -115, 'decimal': 1.87, 'link': 'https://sportsbook.fanduel.com/addToBetslip?marketId=42.472719715&selectionId=754277'}}}, 'Richmond Spiders_10.5': {'odds': {'draftkings': {'american': -105, 'decimal': 1.95, 'link': 'https://sportsbook.draftkings.com/event/31634399?outcomes=0HC78196117P1050_3'}, 'betmgm': {'american': -105, 'decimal': 1.95, 'link': 'https://sports.{state}.betmgm.com/en/sports?options=16870096-1227890228--791449082&type=Single'}, 'fanduel': {'american': -105, 'decimal': 1.95, 'link': 'https://sportsbook.fanduel.com/addToBetslip?marketId=42.472719715&selectionId=697707'}}}, 'George Mason Patriots_-11.0': {'odds': {'caesars': {'american': -110, 'decimal': 1.91, 'link': 'https://sportsbook.caesars.com/us/{state}/bet/betslip?selectionIds=448913b9-aa2d-3640-bba8-c48e103fbb36'}}}, 'Richmond Spiders_11.0': {'odds': {'caesars': {'american': -110, 'decimal': 1.91, 'link': 'https://sportsbook.caesars.com/us/{state}/bet/betslip?selectionIds=bf6805a4-2507-358f-83c8-fcc2761f72bf'}}}, 'George Mason Patriots_-11.5': {'odds': {'pinnacle': {'american': 102, 'decimal': 2.02, 'link': None}}}, 'Richmond Spiders_11.5': {'odds': {'pinnacle': {'american': -119, 'decimal': 1.84, 'link': None}}}}",George Mason Patriots vs Richmond SpidersRichmond SpidersSpread 10.510.5BetMGM
NCAAB,Spread 10.5,10.5,George Mason Patriots vs Richmond Spiders,2025-01-09T00:00:00Z,Richmond Spiders,FanDuel,-105,-110,2.27,https://sportsbook.fanduel.com/addToBetslip?marketId=42.472719715&selectionId=697707,"{'George Mason Patriots_-10.5': {'odds': {'draftkings': {'american': -115, 'decimal': 1.87, 'link': 'https://sportsbook.draftkings.com/event/31634399?outcomes=0HC78196117N1050_1'}, 'betmgm': {'american': -115, 'decimal': 1.87, 'link': 'https://sports.{state}.betmgm.com/en/sports?options=16870096-1227890228--791449081&type=Single'}, 'fanduel': {'american': -115, 'decimal': 1.87, 'link': 'https://sportsbook.fanduel.com/addToBetslip?marketId=42.472719715&selectionId=754277'}}}, 'Richmond Spiders_10.5': {'odds': {'draftkings': {'american': -105, 'decimal': 1.95, 'link': 'https://sportsbook.draftkings.com/event/31634399?outcomes=0HC78196117P1050_3'}, 'betmgm': {'american': -105, 'decimal': 1.95, 'link': 'https://sports.{state}.betmgm.com/en/sports?options=16870096-1227890228--791449082&type=Single'}, 'fanduel': {'american': -105, 'decimal': 1.95, 'link': 'https://sportsbook.fanduel.com/addToBetslip?marketId=42.472719715&selectionId=697707'}}}, 'George Mason Patriots_-11.0': {'odds': {'caesars': {'american': -110, 'decimal': 1.91, 'link': 'https://sportsbook.caesars.com/us/{state}/bet/betslip?selectionIds=448913b9-aa2d-3640-bba8-c48e103fbb36'}}}, 'Richmond Spiders_11.0': {'odds': {'caesars': {'american': -110, 'decimal': 1.91, 'link': 'https://sportsbook.caesars.com/us/{state}/bet/betslip?selectionIds=bf6805a4-2507-358f-83c8-fcc2761f72bf'}}}, 'George Mason Patriots_-11.5': {'odds': {'pinnacle': {'american': 102, 'decimal': 2.02, 'link': None}}}, 'Richmond Spiders_11.5': {'odds': {'pinnacle': {'american': -119, 'decimal': 1.84, 'link': None}}}}",George Mason Patriots vs Richmond SpidersRichmond SpidersSpread 10.510.5FanDuel
NCAAB,Spread 20.5,20.5,San Diego St Aztecs vs Air Force Falcons,2025-01-09T03:30:00Z,Air Force Falcons,FanDuel,-104,-110,2.75,https://sportsbook.fanduel.com/addToBetslip?marketId=42.472694478&selectionId=704641,"{'Air Force Falcons_20.5': {'odds': {'fanduel': {'american': -104, 'decimal': 1.96, 'link': 'https://sportsbook.fanduel.com/addToBetslip?marketId=42.472694478&selectionId=704641'}}}, 'San Diego St Aztecs_-20.5': {'odds': {'fanduel': {'american': -118, 'decimal': 1.85, 'link': 'https://sportsbook.fanduel.com/addToBetslip?marketId=42.472694478&selectionId=711057'}}}, 'Air Force Falcons_21.5': {'odds': {'betrivers': {'american': -108, 'decimal': 1.93, 'link': 'https://{state}.betrivers.com/?page=sportsbook#event/1021860873?coupon={pickType}|3608620859|{wagerAmount}'}, 'draftkings': {'american': -112, 'decimal': 1.89, 'link': 'https://sportsbook.draftkings.com/event/31634433?outcomes=0HC78196148P2150_3'}, 'betmgm': {'american': -110, 'decimal': 1.91, 'link': 'https://sports.{state}.betmgm.com/en/sports?options=16870138-1227885757--791460490&type=Single'}, 'caesars': {'american': -110, 'decimal': 1.91, 'link': 'https://sportsbook.caesars.com/us/{state}/bet/betslip?selectionIds=958d991e-6ccd-3552-b147-fd08ee37d452'}}}, 'San Diego St Aztecs_-21.5': {'odds': {'betrivers': {'american': -114, 'decimal': 1.88, 'link': 'https://{state}.betrivers.com/?page=sportsbook#event/1021860873?coupon={pickType}|3608620857|{wagerAmount}'}, 'draftkings': {'american': -108, 'decimal': 1.93, 'link': 'https://sportsbook.draftkings.com/event/31634433?outcomes=0HC78196148N2150_1'}, 'betmgm': {'american': -110, 'decimal': 1.91, 'link': 'https://sports.{state}.betmgm.com/en/sports?options=16870138-1227885757--791460489&type=Single'}, 'caesars': {'american': -110, 'decimal': 1.91, 'link': 'https://sportsbook.caesars.com/us/{state}/bet/betslip?selectionIds=48b834ca-c184-30a0-b7bc-2430808b1ae7'}}}, 'Air Force Falcons_22.5': {'odds': {'pinnacle': {'american': -120, 'decimal': 1.83, 'link': None}}}, 'San Diego St Aztecs_-22.5': {'odds': {'pinnacle': {'american': 100, 'decimal': 2.0, 'link': None}}}}",San Diego St Aztecs vs Air Force FalconsAir Force FalconsSpread 20.520.5FanDuel
NBA,Player Prop - Assists,7.5,Denver Nuggets vs Boston Celtics,2025-01-08T03:10:00Z,Russell Westbrook Over,BetMGM,100,-112,5.66,https://sports.{state}.betmgm.com/en/sports/events/boston-celtics-at-denver-nuggets-16782637,"{'over': {'odds': {'draftkings': {'american': -130, 'decimal': 1.77, 'link': 'https://sportsbook.draftkings.com/event/31622236'}, 'caesars': {'american': -109, 'decimal': 1.92, 'link': 'https://sportsbook.caesars.com/us/{state}/bet/basketball/30042c07-9781-4bda-9884-7004eb8db403/boston-celtics-at-denver-nuggets'}, 'fanduel': {'american': -123, 'decimal': 1.81, 'link': 'https://sportsbook.fanduel.com/basketball/nba/boston-celtics-%40-denver-nuggets-33916122'}, 'betmgm': {'american': 100, 'decimal': 2.0, 'link': 'https://sports.{state}.betmgm.com/en/sports/events/boston-celtics-at-denver-nuggets-16782637'}, 'betrivers': {'american': -118, 'decimal': 1.85, 'link': 'https://{state}.betrivers.com/?page=sportsbook#event/1021436141'}}}, 'under': {'odds': {'draftkings': {'american': 100, 'decimal': 2.0, 'link': 'https://sportsbook.draftkings.com/event/31622236'}, 'caesars': {'american': -125, 'decimal': 1.8, 'link': 'https://sportsbook.caesars.com/us/{state}/bet/basketball/30042c07-9781-4bda-9884-7004eb8db403/boston-celtics-at-denver-nuggets'}, 'fanduel': {'american': 102, 'decimal': 2.02, 'link': 'https://sportsbook.fanduel.com/basketball/nba/boston-celtics-%40-denver-nuggets-33916122'}, 'betmgm': {'american': -135, 'decimal': 1.74, 'link': 'https://sports.{state}.betmgm.com/en/sports/events/boston-celtics-at-denver-nuggets-16782637'}, 'betrivers': {'american': -114, 'decimal': 1.88, 'link': 'https://{state}.betrivers.com/?page=sportsbook#event/1021436141'}}}}",Denver Nuggets vs Boston CelticsRussell Westbrook OverPlayer Prop - Assists7.5BetMGM
NBA,Player Prop - Assists,5.5,Denver Nuggets vs Boston Celtics,2025-01-08T03:10:00Z,Jayson Tatum Over,BetMGM,105,-100,2.5,https://sports.{state}.betmgm.com/en/sports/events/boston-celtics-at-denver-nuggets-16782637,"{'over': {'odds': {'draftkings': {'american': -115, 'decimal': 1.87, 'link': 'https://sportsbook.draftkings.com/event/31622236'}, 'caesars': {'american': -120, 'decimal': 1.83, 'link': 'https://sportsbook.caesars.com/us/{state}/bet/basketball/30042c07-9781-4bda-9884-7004eb8db403/boston-celtics-at-denver-nuggets'}, 'fanduel': {'american': -110, 'decimal': 1.91, 'link': 'https://sportsbook.fanduel.com/basketball/nba/boston-celtics-%40-denver-nuggets-33916122'}, 'betmgm': {'american': 105, 'decimal': 2.05, 'link': 'https://sports.{state}.betmgm.com/en/sports/events/boston-celtics-at-denver-nuggets-16782637'}, 'betrivers': {'american': -120, 'decimal': 1.83, 'link': 'https://{state}.betrivers.com/?page=sportsbook#event/1021436141'}}}, 'under': {'odds': {'draftkings': {'american': -115, 'decimal': 1.87, 'link': 'https://sportsbook.draftkings.com/event/31622236'}, 'caesars': {'american': -114, 'decimal': 1.88, 'link': 'https://sportsbook.caesars.com/us/{state}/bet/basketball/30042c07-9781-4bda-9884-7004eb8db403/boston-celtics-at-denver-nuggets'}, 'fanduel': {'american': -110, 'decimal': 1.91, 'link': 'https://sportsbook.fanduel.com/basketball/nba/boston-celtics-%40-denver-nuggets-33916122'}, 'betmgm': {'american': -141, 'decimal': 1.71, 'link': 'https://sports.{state}.betmgm.com/en/sports/events/boston-celtics-at-denver-nuggets-16782637'}, 'betrivers': {'american': -109, 'decimal': 1.92, 'link': 'https://{state}.betrivers.com/?page=sportsbook#event/1021436141'}}}}",Denver Nuggets vs Boston CelticsJayson Tatum OverPlayer Prop - Assists5.5BetMGM
NBA,Player Prop - Assists,4.5,Denver Nuggets vs Boston Celtics,2025-01-08T03:10:00Z,Jaylen Brown Under,DraftKings,105,-109,6.91,https://sportsbook.draftkings.com/event/31622236,"{'over': {'odds': {'draftkings': {'american': -135, 'decimal': 1.74, 'link': 'https://sportsbook.draftkings.com/event/31622236'}, 'caesars': {'american': -109, 'decimal': 1.92, 'link': 'https://sportsbook.caesars.com/us/{state}/bet/basketball/30042c07-9781-4bda-9884-7004eb8db403/boston-celtics-at-denver-nuggets'}, 'fanduel': {'american': -102, 'decimal': 1.98, 'link': 'https://sportsbook.fanduel.com/basketball/nba/boston-celtics-%40-denver-nuggets-33916122'}, 'betmgm': {'american': -110, 'decimal': 1.91, 'link': 'https://sports.{state}.betmgm.com/en/sports/events/boston-celtics-at-denver-nuggets-16782637'}, 'betrivers': {'american': -122, 'decimal': 1.82, 'link': 'https://{state}.betrivers.com/?page=sportsbook#event/1021436141'}, 'pinnacle': {'american': -108, 'decimal': 1.93, 'link': 'https://www.pinnacle.com/en/basketball/nba/boston-celtics-vs-denver-nuggets/1602665087/'}}}, 'under': {'odds': {'draftkings': {'american': 105, 'decimal': 2.05, 'link': 'https://sportsbook.draftkings.com/event/31622236'}, 'caesars': {'american': -125, 'decimal': 1.8, 'link': 'https://sportsbook.caesars.com/us/{state}/bet/basketball/30042c07-9781-4bda-9884-7004eb8db403/boston-celtics-at-denver-nuggets'}, 'fanduel': {'american': -120, 'decimal': 1.83, 'link': 'https://sportsbook.fanduel.com/basketball/nba/boston-celtics-%40-denver-nuggets-33916122'}, 'betmgm': {'american': -120, 'decimal': 1.83, 'link': 'https://sports.{state}.betmgm.com/en/sports/events/boston-celtics-at-denver-nuggets-16782637'}, 'betrivers': {'american': -108, 'decimal': 1.93, 'link': 'https://{state}.betrivers.com/?page=sportsbook#event/1021436141'}, 'pinnacle': {'american': -123, 'decimal': 1.81, 'link': 'https://www.pinnacle.com/en/basketball/nba/boston-celtics-vs-denver-nuggets/1602665087/'}}}}",Denver Nuggets vs Boston CelticsJaylen Brown UnderPlayer Prop - Assists4.5DraftKings
NBA,Player Prop - Points,23.5,Denver Nuggets vs Boston Celtics,2025-01-08T03:10:00Z,Jaylen Brown Under,Caesars,104,-100,2.0,https://sportsbook.caesars.com/us/{state}/bet/basketball/30042c07-9781-4bda-9884-7004eb8db403/boston-celtics-at-denver-nuggets,"{'over': {'odds': {'draftkings': {'american': -120, 'decimal': 1.83, 'link': 'https://sportsbook.draftkings.com/event/31622236'}, 'caesars': {'american': -143, 'decimal': 1.7, 'link': 'https://sportsbook.caesars.com/us/{state}/bet/basketball/30042c07-9781-4bda-9884-7004eb8db403/boston-celtics-at-denver-nuggets'}, 'fanduel': {'american': -110, 'decimal': 1.91, 'link': 'https://sportsbook.fanduel.com/basketball/nba/boston-celtics-%40-denver-nuggets-33916122'}, 'betmgm': {'american': -120, 'decimal': 1.83, 'link': 'https://sports.{state}.betmgm.com/en/sports/events/boston-celtics-at-denver-nuggets-16782637'}, 'betrivers': {'american': -120, 'decimal': 1.83, 'link': 'https://{state}.betrivers.com/?page=sportsbook#event/1021436141'}}}, 'under': {'odds': {'draftkings': {'american': -110, 'decimal': 1.91, 'link': 'https://sportsbook.draftkings.com/event/31622236'}, 'caesars': {'american': 104, 'decimal': 2.04, 'link': 'https://sportsbook.caesars.com/us/{state}/bet/basketball/30042c07-9781-4bda-9884-7004eb8db403/boston-celtics-at-denver-nuggets'}, 'fanduel': {'american': -110, 'decimal': 1.91, 'link': 'https://sportsbook.fanduel.com/basketball/nba/boston-celtics-%40-denver-nuggets-33916122'}, 'betmgm': {'american': -110, 'decimal': 1.91, 'link': 'https://sports.{state}.betmgm.com/en/sports/events/boston-celtics-at-denver-nuggets-16782637'}, 'betrivers': {'american': -112, 'decimal': 1.89, 'link': 'https://{state}.betrivers.com/?page=sportsbook#event/1021436141'}}}}",Denver Nuggets vs Boston CelticsJaylen Brown UnderPlayer Prop - Points23.5Caesars
NBA,Player Prop - Points,15.5,Denver Nuggets vs Boston Celtics,2025-01-08T03:10:00Z,Russell Westbrook Under,DraftKings,-105,-118,5.68,https://sportsbook.draftkings.com/event/31622236,"{'over': {'odds': {'draftkings': {'american': -125, 'decimal': 1.8, 'link': 'https://sportsbook.draftkings.com/event/31622236'}, 'caesars': {'american': -103, 'decimal': 1.97, 'link': 'https://sportsbook.caesars.com/us/{state}/bet/basketball/30042c07-9781-4bda-9884-7004eb8db403/boston-celtics-at-denver-nuggets'}, 'fanduel': {'american': 106, 'decimal': 2.06, 'link': 'https://sportsbook.fanduel.com/basketball/nba/boston-celtics-%40-denver-nuggets-33916122'}, 'betmgm': {'american': -130, 'decimal': 1.77, 'link': 'https://sports.{state}.betmgm.com/en/sports/events/boston-celtics-at-denver-nuggets-16782637'}, 'betrivers': {'american': 107, 'decimal': 2.07, 'link': 'https://{state}.betrivers.com/?page=sportsbook#event/1021436141'}}}, 'under': {'odds': {'draftkings': {'american': -105, 'decimal': 1.95, 'link': 'https://sportsbook.draftkings.com/event/31622236'}, 'caesars': {'american': -133, 'decimal': 1.75, 'link': 'https://sportsbook.caesars.com/us/{state}/bet/basketball/30042c07-9781-4bda-9884-7004eb8db403/boston-celtics-at-denver-nuggets'}, 'fanduel': {'american': -130, 'decimal': 1.77, 'link': 'https://sportsbook.fanduel.com/basketball/nba/boston-celtics-%40-denver-nuggets-33916122'}, 'betmgm': {'american': -105, 'decimal': 1.95, 'link': 'https://sports.{state}.betmgm.com/en/sports/events/boston-celtics-at-denver-nuggets-16782637'}, 'betrivers': {'american': -143, 'decimal': 1.7, 'link': 'https://{state}.betrivers.com/?page=sportsbook#event/1021436141'}}}}",Denver Nuggets vs Boston CelticsRussell Westbrook UnderPlayer Prop - Points15.5DraftKings
NBA,Player Prop - Points,15.5,Denver Nuggets vs Boston Celtics,2025-01-08T03:10:00Z,Russell Westbrook Under,BetMGM,-105,-118,5.68,https://sports.{state}.betmgm.com/en/sports/events/boston-celtics-at-denver-nuggets-16782637,"{'over': {'odds': {'draftkings': {'american': -125, 'decimal': 1.8, 'link': 'https://sportsbook.draftkings.com/event/31622236'}, 'caesars': {'american': -103, 'decimal': 1.97, 'link': 'https://sportsbook.caesars.com/us/{state}/bet/basketball/30042c07-9781-4bda-9884-7004eb8db403/boston-celtics-at-denver-nuggets'}, 'fanduel': {'american': 106, 'decimal': 2.06, 'link': 'https://sportsbook.fanduel.com/basketball/nba/boston-celtics-%40-denver-nuggets-33916122'}, 'betmgm': {'american': -130, 'decimal': 1.77, 'link': 'https://sports.{state}.betmgm.com/en/sports/events/boston-celtics-at-denver-nuggets-16782637'}, 'betrivers': {'american': 107, 'decimal': 2.07, 'link': 'https://{state}.betrivers.com/?page=sportsbook#event/1021436141'}}}, 'under': {'odds': {'draftkings': {'american': -105, 'decimal': 1.95, 'link': 'https://sportsbook.draftkings.com/event/31622236'}, 'caesars': {'american': -133, 'decimal': 1.75, 'link': 'https://sportsbook.caesars.com/us/{state}/bet/basketball/30042c07-9781-4bda-9884-7004eb8db403/boston-celtics-at-denver-nuggets'}, 'fanduel': {'american': -130, 'decimal': 1.77, 'link': 'https://sportsbook.fanduel.com/basketball/nba/boston-celtics-%40-denver-nuggets-33916122'}, 'betmgm': {'american': -105, 'decimal': 1.95, 'link': 'https://sports.{state}.betmgm.com/en/sports/events/boston-celtics-at-denver-nuggets-16782637'}, 'betrivers': {'american': -143, 'decimal': 1.7, 'link': 'https://{state}.betrivers.com/?page=sportsbook#event/1021436141'}}}}",Denver Nuggets vs Boston CelticsRussell Westbrook UnderPlayer Prop - Points15.5BetMGM
NBA,Player Prop - Points,13.5,Denver Nuggets vs Boston Celtics,2025-01-08T03:10:00Z,Christian Braun Under,DraftKings,-105,-112,3.14,https://sportsbook.draftkings.com/event/31622236,"{'over': {'odds': {'draftkings': {'american': -125, 'decimal': 1.8, 'link': 'https://sportsbook.draftkings.com/event/31622236'}, 'fanduel': {'american': 102, 'decimal': 2.02, 'link': 'https://sportsbook.fanduel.com/basketball/nba/boston-celtics-%40-denver-nuggets-33916122'}}}, 'under': {'odds': {'draftkings': {'american': -105, 'decimal': 1.95, 'link': 'https://sportsbook.draftkings.com/event/31622236'}, 'fanduel': {'american': -123, 'decimal': 1.81, 'link': 'https://sportsbook.fanduel.com/basketball/nba/boston-celtics-%40-denver-nuggets-33916122'}}}}",Denver Nuggets vs Boston CelticsChristian Braun UnderPlayer Prop - Points13.5DraftKings
NBA,Player Prop - PRA,33.5,Denver Nuggets vs Boston Celtics,2025-01-08T03:10:00Z,Jaylen Brown Under,Caesars,112,105,3.41,https://sportsbook.caesars.com/us/{state}/bet/basketball/30042c07-9781-4bda-9884-7004eb8db403/boston-celtics-at-denver-nuggets,"{'over': {'odds': {'caesars': {'american': -154, 'decimal': 1.65, 'link': 'https://sportsbook.caesars.com/us/{state}/bet/basketball/30042c07-9781-4bda-9884-7004eb8db403/boston-celtics-at-denver-nuggets'}, 'fanduel': {'american': -118, 'decimal': 1.85, 'link': 'https://sportsbook.fanduel.com/basketball/nba/boston-celtics-%40-denver-nuggets-33916122'}, 'betmgm': {'american': -120, 'decimal': 1.83, 'link': 'https://sports.{state}.betmgm.com/en/sports/events/boston-celtics-at-denver-nuggets-16782637'}, 'betrivers': {'american': -122, 'decimal': 1.82, 'link': 'https://{state}.betrivers.com/?page=sportsbook#event/1021436141'}}}, 'under': {'odds': {'caesars': {'american': 112, 'decimal': 2.12, 'link': 'https://sportsbook.caesars.com/us/{state}/bet/basketball/30042c07-9781-4bda-9884-7004eb8db403/boston-celtics-at-denver-nuggets'}, 'fanduel': {'american': -108, 'decimal': 1.93, 'link': 'https://sportsbook.fanduel.com/basketball/nba/boston-celtics-%40-denver-nuggets-33916122'}, 'betmgm': {'american': -110, 'decimal': 1.91, 'link': 'https://sports.{state}.betmgm.com/en/sports/events/boston-celtics-at-denver-nuggets-16782637'}, 'betrivers': {'american': -109, 'decimal': 1.92, 'link': 'https://{state}.betrivers.com/?page=sportsbook#event/1021436141'}}}}",Denver Nuggets vs Boston CelticsJaylen Brown UnderPlayer Prop - PRA33.5Caesars
NBA,Player Prop - Rebounds,5.5,Denver Nuggets vs Boston Celtics,2025-01-08T03:10:00Z,Al Horford Under,BetMGM,105,-109,6.91,https://sports.{state}.betmgm.com/en/sports/events/boston-celtics-at-denver-nuggets-16782637,"{'over': {'odds': {'draftkings': {'american': -115, 'decimal': 1.87, 'link': 'https://sportsbook.draftkings.com/event/31622236'}, 'caesars': {'american': -120, 'decimal': 1.83, 'link': 'https://sportsbook.caesars.com/us/{state}/bet/basketball/30042c07-9781-4bda-9884-7004eb8db403/boston-celtics-at-denver-nuggets'}, 'fanduel': {'american': -102, 'decimal': 1.98, 'link': 'https://sportsbook.fanduel.com/basketball/nba/boston-celtics-%40-denver-nuggets-33916122'}, 'betmgm': {'american': -141, 'decimal': 1.71, 'link': 'https://sports.{state}.betmgm.com/en/sports/events/boston-celtics-at-denver-nuggets-16782637'}, 'pinnacle': {'american': -106, 'decimal': 1.94, 'link': 'https://www.pinnacle.com/en/basketball/nba/boston-celtics-vs-denver-nuggets/1602665087/'}}}, 'under': {'odds': {'draftkings': {'american': -115, 'decimal': 1.87, 'link': 'https://sportsbook.draftkings.com/event/31622236'}, 'caesars': {'american': -114, 'decimal': 1.88, 'link': 'https://sportsbook.caesars.com/us/{state}/bet/basketball/30042c07-9781-4bda-9884-7004eb8db403/boston-celtics-at-denver-nuggets'}, 'fanduel': {'american': -120, 'decimal': 1.83, 'link': 'https://sportsbook.fanduel.com/basketball/nba/boston-celtics-%40-denver-nuggets-33916122'}, 'betmgm': {'american': 105, 'decimal': 2.05, 'link': 'https://sports.{state}.betmgm.com/en/sports/events/boston-celtics-at-denver-nuggets-16782637'}, 'pinnacle': {'american': -125, 'decimal': 1.8, 'link': 'https://www.pinnacle.com/en/basketball/nba/boston-celtics-vs-denver-nuggets/1602665087/'}}}}",Denver Nuggets vs Boston CelticsAl Horford UnderPlayer Prop - Rebounds5.5BetMGM
NBA,Player Prop - Rebounds,5.5,Denver Nuggets vs Boston Celtics,2025-01-08T03:10:00Z,Christian Braun Under,DraftKings,-125,-136,3.73,https://sportsbook.draftkings.com/event/31622236,"{'over': {'odds': {'draftkings': {'american': -105, 'decimal': 1.95, 'link': 'https://sportsbook.draftkings.com/event/31622236'}, 'fanduel': {'american': 122, 'decimal': 2.22, 'link': 'https://sportsbook.fanduel.com/basketball/nba/boston-celtics-%40-denver-nuggets-33916122'}}}, 'under': {'odds': {'draftkings': {'american': -125, 'decimal': 1.8, 'link': 'https://sportsbook.draftkings.com/event/31622236'}, 'fanduel': {'american': -149, 'decimal': 1.67, 'link': 'https://sportsbook.fanduel.com/basketball/nba/boston-celtics-%40-denver-nuggets-33916122'}}}}",Denver Nuggets vs Boston CelticsChristian Braun UnderPlayer Prop - Rebounds5.5DraftKings
NBA,Player Prop - Rebounds,4.5,Denver Nuggets vs Boston Celtics,2025-01-08T03:10:00Z,Peyton Watson Under,DraftKings,-125,-140,5.0,https://sportsbook.draftkings.com/event/31622236,"{'over': {'odds': {'draftkings': {'american': -105, 'decimal': 1.95, 'link': 'https://sportsbook.draftkings.com/event/31622236'}, 'fanduel': {'american': 126, 'decimal': 2.26, 'link': 'https://sportsbook.fanduel.com/basketball/nba/boston-celtics-%40-denver-nuggets-33916122'}}}, 'under': {'odds': {'draftkings': {'american': -125, 'decimal': 1.8, 'link': 'https://sportsbook.draftkings.com/event/31622236'}, 'fanduel': {'american': -154, 'decimal': 1.65, 'link': 'https://sportsbook.fanduel.com/basketball/nba/boston-celtics-%40-denver-nuggets-33916122'}}}}",Denver Nuggets vs Boston CelticsPeyton Watson UnderPlayer Prop - Rebounds4.5DraftKings
NBA,Player Prop - 3-Pointers Made,2.5,Denver Nuggets vs Boston Celtics,2025-01-08T03:10:00Z,Michael Porter Jr Over,BetMGM,-125,-137,4.05,https://sports.{state}.betmgm.com/en/sports/events/boston-celtics-at-denver-nuggets-16782637,"{'over': {'odds': {'draftkings': {'american': -141, 'decimal': 1.71, 'link': 'https://sportsbook.draftkings.com/event/31622236'}, 'caesars': {'american': -161, 'decimal': 1.62, 'link': 'https://sportsbook.caesars.com/us/{state}/bet/basketball/30042c07-9781-4bda-9884-7004eb8db403/boston-celtics-at-denver-nuggets'}, 'fanduel': {'american': -154, 'decimal': 1.65, 'link': 'https://sportsbook.fanduel.com/basketball/nba/boston-celtics-%40-denver-nuggets-33916122'}, 'betmgm': {'american': -125, 'decimal': 1.8, 'link': 'https://sports.{state}.betmgm.com/en/sports/events/boston-celtics-at-denver-nuggets-16782637'}, 'betrivers': {'american': -154, 'decimal': 1.65, 'link': 'https://{state}.betrivers.com/?page=sportsbook#event/1021436141'}, 'pinnacle': {'american': -133, 'decimal': 1.75, 'link': 'https://www.pinnacle.com/en/basketball/nba/boston-celtics-vs-denver-nuggets/1602665087/'}}}, 'under': {'odds': {'draftkings': {'american': 110, 'decimal': 2.1, 'link': 'https://sportsbook.draftkings.com/event/31622236'}, 'caesars': {'american': 116, 'decimal': 2.16, 'link': 'https://sportsbook.caesars.com/us/{state}/bet/basketball/30042c07-9781-4bda-9884-7004eb8db403/boston-celtics-at-denver-nuggets'}, 'fanduel': {'american': 120, 'decimal': 2.2, 'link': 'https://sportsbook.fanduel.com/basketball/nba/boston-celtics-%40-denver-nuggets-33916122'}, 'betmgm': {'american': -105, 'decimal': 1.95, 'link': 'https://sports.{state}.betmgm.com/en/sports/events/boston-celtics-at-denver-nuggets-16782637'}, 'betrivers': {'american': 116, 'decimal': 2.16, 'link': 'https://{state}.betrivers.com/?page=sportsbook#event/1021436141'}, 'pinnacle': {'american': 101, 'decimal': 2.01, 'link': 'https://www.pinnacle.com/en/basketball/nba/boston-celtics-vs-denver-nuggets/1602665087/'}}}}",Denver Nuggets vs Boston CelticsMichael Porter Jr OverPlayer Prop - 3-Pointers Made2.5BetMGM
NBA,Player Prop - 3-Pointers Made,1.5,Denver Nuggets vs Boston Celtics,2025-01-08T03:10:00Z,Jrue Holiday Over,BetRivers,-149,-159,2.59,https://{state}.betrivers.com/?page=sportsbook#event/1021436141,"{'over': {'odds': {'draftkings': {'american': -179, 'decimal': 1.56, 'link': 'https://sportsbook.draftkings.com/event/31622236'}, 'caesars': {'american': -167, 'decimal': 1.6, 'link': 'https://sportsbook.caesars.com/us/{state}/bet/basketball/30042c07-9781-4bda-9884-7004eb8db403/boston-celtics-at-denver-nuggets'}, 'fanduel': {'american': -179, 'decimal': 1.56, 'link': 'https://sportsbook.fanduel.com/basketball/nba/boston-celtics-%40-denver-nuggets-33916122'}, 'betmgm': {'american': -164, 'decimal': 1.61, 'link': 'https://sports.{state}.betmgm.com/en/sports/events/boston-celtics-at-denver-nuggets-16782637'}, 'betrivers': {'american': -149, 'decimal': 1.67, 'link': 'https://{state}.betrivers.com/?page=sportsbook#event/1021436141'}, 'pinnacle': {'american': -172, 'decimal': 1.58, 'link': 'https://www.pinnacle.com/en/basketball/nba/boston-celtics-vs-denver-nuggets/1602665087/'}}}, 'under': {'odds': {'draftkings': {'american': 140, 'decimal': 2.4, 'link': 'https://sportsbook.draftkings.com/event/31622236'}, 'caesars': {'american': 120, 'decimal': 2.2, 'link': 'https://sportsbook.caesars.com/us/{state}/bet/basketball/30042c07-9781-4bda-9884-7004eb8db403/boston-celtics-at-denver-nuggets'}, 'fanduel': {'american': 138, 'decimal': 2.38, 'link': 'https://sportsbook.fanduel.com/basketball/nba/boston-celtics-%40-denver-nuggets-33916122'}, 'betmgm': {'american': 125, 'decimal': 2.25, 'link': 'https://sports.{state}.betmgm.com/en/sports/events/boston-celtics-at-denver-nuggets-16782637'}, 'betrivers': {'american': 112, 'decimal': 2.12, 'link': 'https://{state}.betrivers.com/?page=sportsbook#event/1021436141'}, 'pinnacle': {'american': 129, 'decimal': 2.29, 'link': 'https://www.pinnacle.com/en/basketball/nba/boston-celtics-vs-denver-nuggets/1602665087/'}}}}",Denver Nuggets vs Boston CelticsJrue Holiday OverPlayer Prop - 3-Pointers Made1.5BetRivers
NBA,Player Prop - 3-Pointers Made,1.5,Denver Nuggets vs Boston Celtics,2025-01-08T03:10:00Z,Julian Strawther Under,Caesars,-118,-137,6.79,https://sportsbook.caesars.com/us/{state}/bet/basketball/30042c07-9781-4bda-9884-7004eb8db403/boston-celtics-at-denver-nuggets,"{'over': {'odds': {'draftkings': {'american': 110, 'decimal': 2.1, 'link': 'https://sportsbook.draftkings.com/event/31622236'}, 'caesars': {'american': -118, 'decimal': 1.85, 'link': 'https://sportsbook.caesars.com/us/{state}/bet/basketball/30042c07-9781-4bda-9884-7004eb8db403/boston-celtics-at-denver-nuggets'}, 'fanduel': {'american': 120, 'decimal': 2.2, 'link': 'https://sportsbook.fanduel.com/basketball/nba/boston-celtics-%40-denver-nuggets-33916122'}, 'pinnacle': {'american': 107, 'decimal': 2.07, 'link': 'https://www.pinnacle.com/en/basketball/nba/boston-celtics-vs-denver-nuggets/1602665087/'}}}, 'under': {'odds': {'draftkings': {'american': -141, 'decimal': 1.71, 'link': 'https://sportsbook.draftkings.com/event/31622236'}, 'caesars': {'american': -118, 'decimal': 1.85, 'link': 'https://sportsbook.caesars.com/us/{state}/bet/basketball/30042c07-9781-4bda-9884-7004eb8db403/boston-celtics-at-denver-nuggets'}, 'fanduel': {'american': -154, 'decimal': 1.65, 'link': 'https://sportsbook.fanduel.com/basketball/nba/boston-celtics-%40-denver-nuggets-33916122'}, 'pinnacle': {'american': -143, 'decimal': 1.7, 'link': 'https://www.pinnacle.com/en/basketball/nba/boston-celtics-vs-denver-nuggets/1602665087/'}}}}",Denver Nuggets vs Boston CelticsJulian Strawther UnderPlayer Prop - 3-Pointers Made1.5Caesars
NBA,Player Prop - Assists,5.5,Golden State Warriors vs Miami Heat,2025-01-08T03:10:00Z,Dennis Schroder Under,Caesars,-120,-132,4.31,https://sportsbook.caesars.com/us/{state}/bet/basketball/b8b4d563-863e-4b81-9de5-655b08ef88c8/miami-heat-at-golden-state-warriors,"{'over': {'odds': {'draftkings': {'american': 114, 'decimal': 2.14, 'link': 'https://sportsbook.draftkings.com/event/31622237'}, 'caesars': {'american': -114, 'decimal': 1.88, 'link': 'https://sportsbook.caesars.com/us/{state}/bet/basketball/b8b4d563-863e-4b81-9de5-655b08ef88c8/miami-heat-at-golden-state-warriors'}, 'fanduel': {'american': 118, 'decimal': 2.18, 'link': 'https://sportsbook.fanduel.com/basketball/nba/miami-heat-%40-golden-state-warriors-33916123'}, 'betmgm': {'american': -105, 'decimal': 1.95, 'link': 'https://sports.{state}.betmgm.com/en/sports/events/miami-heat-at-golden-state-warriors-16782638'}, 'betrivers': {'american': 110, 'decimal': 2.1, 'link': 'https://{state}.betrivers.com/?page=sportsbook#event/1021436137'}, 'pinnacle': {'american': 106, 'decimal': 2.06, 'link': 'https://www.pinnacle.com/en/basketball/nba/miami-heat-vs-golden-state-warriors/1602665088/'}}}, 'under': {'odds': {'draftkings': {'american': -145, 'decimal': 1.69, 'link': 'https://sportsbook.draftkings.com/event/31622237'}, 'caesars': {'american': -120, 'decimal': 1.83, 'link': 'https://sportsbook.caesars.com/us/{state}/bet/basketball/b8b4d563-863e-4b81-9de5-655b08ef88c8/miami-heat-at-golden-state-warriors'}, 'fanduel': {'american': -145, 'decimal': 1.69, 'link': 'https://sportsbook.fanduel.com/basketball/nba/miami-heat-%40-golden-state-warriors-33916123'}, 'betmgm': {'american': -125, 'decimal': 1.8, 'link': 'https://sports.{state}.betmgm.com/en/sports/events/miami-heat-at-golden-state-warriors-16782638'}, 'betrivers': {'american': -147, 'decimal': 1.68, 'link': 'https://{state}.betrivers.com/?page=sportsbook#event/1021436137'}, 'pinnacle': {'american': -141, 'decimal': 1.71, 'link': 'https://www.pinnacle.com/en/basketball/nba/miami-heat-vs-golden-state-warriors/1602665088/'}}}}",Golden State Warriors vs Miami HeatDennis Schroder UnderPlayer Prop - Assists5.5Caesars
NBA,Player Prop - Assists,5.5,Golden State Warriors vs Miami Heat,2025-01-08T03:10:00Z,Dennis Schroder Under,BetMGM,-125,-132,2.41,https://sports.{state}.betmgm.com/en/sports/events/miami-heat-at-golden-state-warriors-16782638,"{'over': {'odds': {'draftkings': {'american': 114, 'decimal': 2.14, 'link': 'https://sportsbook.draftkings.com/event/31622237'}, 'caesars': {'american': -114, 'decimal': 1.88, 'link': 'https://sportsbook.caesars.com/us/{state}/bet/basketball/b8b4d563-863e-4b81-9de5-655b08ef88c8/miami-heat-at-golden-state-warriors'}, 'fanduel': {'american': 118, 'decimal': 2.18, 'link': 'https://sportsbook.fanduel.com/basketball/nba/miami-heat-%40-golden-state-warriors-33916123'}, 'betmgm': {'american': -105, 'decimal': 1.95, 'link': 'https://sports.{state}.betmgm.com/en/sports/events/miami-heat-at-golden-state-warriors-16782638'}, 'betrivers': {'american': 110, 'decimal': 2.1, 'link': 'https://{state}.betrivers.com/?page=sportsbook#event/1021436137'}, 'pinnacle': {'american': 106, 'decimal': 2.06, 'link': 'https://www.pinnacle.com/en/basketball/nba/miami-heat-vs-golden-state-warriors/1602665088/'}}}, 'under': {'odds': {'draftkings': {'american': -145, 'decimal': 1.69, 'link': 'https://sportsbook.draftkings.com/event/31622237'}, 'caesars': {'american': -120, 'decimal': 1.83, 'link': 'https://sportsbook.caesars.com/us/{state}/bet/basketball/b8b4d563-863e-4b81-9de5-655b08ef88c8/miami-heat-at-golden-state-warriors'}, 'fanduel': {'american': -145, 'decimal': 1.69, 'link': 'https://sportsbook.fanduel.com/basketball/nba/miami-heat-%40-golden-state-warriors-33916123'}, 'betmgm': {'american': -125, 'decimal': 1.8, 'link': 'https://sports.{state}.betmgm.com/en/sports/events/miami-heat-at-golden-state-warriors-16782638'}, 'betrivers': {'american': -147, 'decimal': 1.68, 'link': 'https://{state}.betrivers.com/?page=sportsbook#event/1021436137'}, 'pinnacle': {'american': -141, 'decimal': 1.71, 'link': 'https://www.pinnacle.com/en/basketball/nba/miami-heat-vs-golden-state-warriors/1602665088/'}}}}",Golden State Warriors vs Miami HeatDennis Schroder UnderPlayer Prop - Assists5.5BetMGM
NBA,Player Prop - Assists,3.5,Golden State Warriors vs Miami Heat,2025-01-08T03:10:00Z,Jaime Jaquez Jr Under,DraftKings,100,-105,2.44,https://sportsbook.draftkings.com/event/31622237,"{'over': {'odds': {'draftkings': {'american': -130, 'decimal': 1.77, 'link': 'https://sportsbook.draftkings.com/event/31622237'}, 'caesars': {'american': -120, 'decimal': 1.83, 'link': 'https://sportsbook.caesars.com/us/{state}/bet/basketball/b8b4d563-863e-4b81-9de5-655b08ef88c8/miami-heat-at-golden-state-warriors'}, 'fanduel': {'american': -105, 'decimal': 1.95, 'link': 'https://sportsbook.fanduel.com/basketball/nba/miami-heat-%40-golden-state-warriors-33916123'}, 'betmgm': {'american': -120, 'decimal': 1.83, 'link': 'https://sports.{state}.betmgm.com/en/sports/events/miami-heat-at-golden-state-warriors-16782638'}, 'pinnacle': {'american': -114, 'decimal': 1.88, 'link': 'https://www.pinnacle.com/en/basketball/nba/miami-heat-vs-golden-state-warriors/1602665088/'}}}, 'under': {'odds': {'draftkings': {'american': 100, 'decimal': 2.0, 'link': 'https://sportsbook.draftkings.com/event/31622237'}, 'caesars': {'american': -114, 'decimal': 1.88, 'link': 'https://sportsbook.caesars.com/us/{state}/bet/basketball/b8b4d563-863e-4b81-9de5-655b08ef88c8/miami-heat-at-golden-state-warriors'}, 'fanduel': {'american': -115, 'decimal': 1.87, 'link': 'https://sportsbook.fanduel.com/basketball/nba/miami-heat-%40-golden-state-warriors-33916123'}, 'betmgm': {'american': -110, 'decimal': 1.91, 'link': 'https://sports.{state}.betmgm.com/en/sports/events/miami-heat-at-golden-state-warriors-16782638'}, 'pinnacle': {'american': -116, 'decimal': 1.86, 'link': 'https://www.pinnacle.com/en/basketball/nba/miami-heat-vs-golden-state-warriors/1602665088/'}}}}",Golden State Warriors vs Miami HeatJaime Jaquez Jr UnderPlayer Prop - Assists3.5DraftKings
NBA,Player Prop - Rebounds,5.5,Golden State Warriors vs Miami Heat,2025-01-08T03:10:00Z,Tyler Herro Over,Caesars,146,135,4.68,https://sportsbook.caesars.com/us/{state}/bet/basketball/b8b4d563-863e-4b81-9de5-655b08ef88c8/miami-heat-at-golden-state-warriors,"{'over': {'odds': {'draftkings': {'american': 120, 'decimal': 2.2, 'link': 'https://sportsbook.draftkings.com/event/31622237'}, 'caesars': {'american': 146, 'decimal': 2.46, 'link': 'https://sportsbook.caesars.com/us/{state}/bet/basketball/b8b4d563-863e-4b81-9de5-655b08ef88c8/miami-heat-at-golden-state-warriors'}, 'fanduel': {'american': 122, 'decimal': 2.22, 'link': 'https://sportsbook.fanduel.com/basketball/nba/miami-heat-%40-golden-state-warriors-33916123'}, 'betmgm': {'american': 120, 'decimal': 2.2, 'link': 'https://sports.{state}.betmgm.com/en/sports/events/miami-heat-at-golden-state-warriors-16782638'}, 'pinnacle': {'american': 123, 'decimal': 2.23, 'link': 'https://www.pinnacle.com/en/basketball/nba/miami-heat-vs-golden-state-warriors/1602665088/'}}}, 'under': {'odds': {'draftkings': {'american': -154, 'decimal': 1.65, 'link': 'https://sportsbook.draftkings.com/event/31622237'}, 'caesars': {'american': -204, 'decimal': 1.49, 'link': 'https://sportsbook.caesars.com/us/{state}/bet/basketball/b8b4d563-863e-4b81-9de5-655b08ef88c8/miami-heat-at-golden-state-warriors'}, 'fanduel': {'american': -147, 'decimal': 1.68, 'link': 'https://sportsbook.fanduel.com/basketball/nba/miami-heat-%40-golden-state-warriors-33916123'}, 'betmgm': {'american': -161, 'decimal': 1.62, 'link': 'https://sports.{state}.betmgm.com/en/sports/events/miami-heat-at-golden-state-warriors-16782638'}, 'pinnacle': {'american': -164, 'decimal': 1.61, 'link': 'https://www.pinnacle.com/en/basketball/nba/miami-heat-vs-golden-state-warriors/1602665088/'}}}}",Golden State Warriors vs Miami HeatTyler Herro OverPlayer Prop - Rebounds5.5Caesars
NBA,Player Prop - Rebounds,4.5,Golden State Warriors vs Miami Heat,2025-01-08T03:10:00Z,Nikola Jovic Under,Caesars,100,-109,4.31,https://sportsbook.caesars.com/us/{state}/bet/basketball/b8b4d563-863e-4b81-9de5-655b08ef88c8/miami-heat-at-golden-state-warriors,"{'over': {'odds': {'draftkings': {'american': -120, 'decimal': 1.83, 'link': 'https://sportsbook.draftkings.com/event/31622237'}, 'caesars': {'american': -137, 'decimal': 1.73, 'link': 'https://sportsbook.caesars.com/us/{state}/bet/basketball/b8b4d563-863e-4b81-9de5-655b08ef88c8/miami-heat-at-golden-state-warriors'}, 'fanduel': {'american': -102, 'decimal': 1.98, 'link': 'https://sportsbook.fanduel.com/basketball/nba/miami-heat-%40-golden-state-warriors-33916123'}}}, 'under': {'odds': {'draftkings': {'american': -110, 'decimal': 1.91, 'link': 'https://sportsbook.draftkings.com/event/31622237'}, 'caesars': {'american': 100, 'decimal': 2.0, 'link': 'https://sportsbook.caesars.com/us/{state}/bet/basketball/b8b4d563-863e-4b81-9de5-655b08ef88c8/miami-heat-at-golden-state-warriors'}, 'fanduel': {'american': -120, 'decimal': 1.83, 'link': 'https://sportsbook.fanduel.com/basketball/nba/miami-heat-%40-golden-state-warriors-33916123'}}}}",Golden State Warriors vs Miami HeatNikola Jovic UnderPlayer Prop - Rebounds4.5Caesars
NBA,Player Prop - Rebounds,4.5,Golden State Warriors vs Miami Heat,2025-01-08T03:10:00Z,Terry Rozier Under,Caesars,-137,-152,4.34,https://sportsbook.caesars.com/us/{state}/bet/basketball/b8b4d563-863e-4b81-9de5-655b08ef88c8/miami-heat-at-golden-state-warriors,"{'over': {'odds': {'draftkings': {'american': 114, 'decimal': 2.14, 'link': 'https://sportsbook.draftkings.com/event/31622237'}, 'caesars': {'american': 100, 'decimal': 2.0, 'link': 'https://sportsbook.caesars.com/us/{state}/bet/basketball/b8b4d563-863e-4b81-9de5-655b08ef88c8/miami-heat-at-golden-state-warriors'}, 'fanduel': {'american': 136, 'decimal': 2.36, 'link': 'https://sportsbook.fanduel.com/basketball/nba/miami-heat-%40-golden-state-warriors-33916123'}, 'betmgm': {'american': 105, 'decimal': 2.05, 'link': 'https://sports.{state}.betmgm.com/en/sports/events/miami-heat-at-golden-state-warriors-16782638'}, 'betrivers': {'american': 112, 'decimal': 2.12, 'link': 'https://{state}.betrivers.com/?page=sportsbook#event/1021436137'}}}, 'under': {'odds': {'draftkings': {'american': -145, 'decimal': 1.69, 'link': 'https://sportsbook.draftkings.com/event/31622237'}, 'caesars': {'american': -137, 'decimal': 1.73, 'link': 'https://sportsbook.caesars.com/us/{state}/bet/basketball/b8b4d563-863e-4b81-9de5-655b08ef88c8/miami-heat-at-golden-state-warriors'}, 'fanduel': {'american': -167, 'decimal': 1.6, 'link': 'https://sportsbook.fanduel.com/basketball/nba/miami-heat-%40-golden-state-warriors-33916123'}, 'betmgm': {'american': -141, 'decimal': 1.71, 'link': 'https://sports.{state}.betmgm.com/en/sports/events/miami-heat-at-golden-state-warriors-16782638'}, 'betrivers': {'american': -147, 'decimal': 1.68, 'link': 'https://{state}.betrivers.com/?page=sportsbook#event/1021436137'}}}}",Golden State Warriors vs Miami HeatTerry Rozier UnderPlayer Prop - Rebounds4.5Caesars
NBA,Player Prop - Rebounds,4.5,Golden State Warriors vs Miami Heat,2025-01-08T03:10:00Z,Terry Rozier Under,BetMGM,-141,-152,3.1,https://sports.{state}.betmgm.com/en/sports/events/miami-heat-at-golden-state-warriors-16782638,"{'over': {'odds': {'draftkings': {'american': 114, 'decimal': 2.14, 'link': 'https://sportsbook.draftkings.com/event/31622237'}, 'caesars': {'american': 100, 'decimal': 2.0, 'link': 'https://sportsbook.caesars.com/us/{state}/bet/basketball/b8b4d563-863e-4b81-9de5-655b08ef88c8/miami-heat-at-golden-state-warriors'}, 'fanduel': {'american': 136, 'decimal': 2.36, 'link': 'https://sportsbook.fanduel.com/basketball/nba/miami-heat-%40-golden-state-warriors-33916123'}, 'betmgm': {'american': 105, 'decimal': 2.05, 'link': 'https://sports.{state}.betmgm.com/en/sports/events/miami-heat-at-golden-state-warriors-16782638'}, 'betrivers': {'american': 112, 'decimal': 2.12, 'link': 'https://{state}.betrivers.com/?page=sportsbook#event/1021436137'}}}, 'under': {'odds': {'draftkings': {'american': -145, 'decimal': 1.69, 'link': 'https://sportsbook.draftkings.com/event/31622237'}, 'caesars': {'american': -137, 'decimal': 1.73, 'link': 'https://sportsbook.caesars.com/us/{state}/bet/basketball/b8b4d563-863e-4b81-9de5-655b08ef88c8/miami-heat-at-golden-state-warriors'}, 'fanduel': {'american': -167, 'decimal': 1.6, 'link': 'https://sportsbook.fanduel.com/basketball/nba/miami-heat-%40-golden-state-warriors-33916123'}, 'betmgm': {'american': -141, 'decimal': 1.71, 'link': 'https://sports.{state}.betmgm.com/en/sports/events/miami-heat-at-golden-state-warriors-16782638'}, 'betrivers': {'american': -147, 'decimal': 1.68, 'link': 'https://{state}.betrivers.com/?page=sportsbook#event/1021436137'}}}}",Golden State Warriors vs Miami HeatTerry Rozier UnderPlayer Prop - Rebounds4.5BetMGM
NBA,Player Prop - Rebounds,2.5,Golden State Warriors vs Miami Heat,2025-01-08T03:10:00Z,Dennis Schroder Under,DraftKings,130,121,4.07,https://sportsbook.draftkings.com/event/31622237,"{'over': {'odds': {'draftkings': {'american': -167, 'decimal': 1.6, 'link': 'https://sportsbook.draftkings.com/event/31622237'}, 'fanduel': {'american': -133, 'decimal': 1.75, 'link': 'https://sportsbook.fanduel.com/basketball/nba/miami-heat-%40-golden-state-warriors-33916123'}}}, 'under': {'odds': {'draftkings': {'american': 130, 'decimal': 2.3, 'link': 'https://sportsbook.draftkings.com/event/31622237'}, 'fanduel': {'american': 110, 'decimal': 2.1, 'link': 'https://sportsbook.fanduel.com/basketball/nba/miami-heat-%40-golden-state-warriors-33916123'}}}}",Golden State Warriors vs Miami HeatDennis Schroder UnderPlayer Prop - Rebounds2.5DraftKings
NHL,Total 6.5,6.5,Anaheim Ducks vs Calgary Flames,2025-01-08T03:00:00Z,Over,BetRivers,100,-109,4.31,https://{state}.betrivers.com/?page=sportsbook#event/1021141718?coupon={pickType}|3607747032|{wagerAmount},"{'Over_6.5': {'odds': {'betrivers': {'american': 100, 'decimal': 2.0, 'link': 'https://{state}.betrivers.com/?page=sportsbook#event/1021141718?coupon={pickType}|3607747032|{wagerAmount}'}, 'fanduel': {'american': 110, 'decimal': 2.1, 'link': 'https://sportsbook.fanduel.com/addToBetslip?marketId=42.472491825&selectionId=7017911'}, 'draftkings': {'american': 105, 'decimal': 2.05, 'link': 'https://sportsbook.draftkings.com/event/31628800?outcomes=0OU78182953O650_1'}, 'caesars': {'american': 105, 'decimal': 2.05, 'link': 'https://sportsbook.caesars.com/us/{state}/bet/betslip?selectionIds=71cbcc85-83d3-3f6a-aeb6-0c52f71b6561'}, 'betmgm': {'american': -105, 'decimal': 1.95, 'link': 'https://sports.{state}.betmgm.com/en/sports?options=16781531-1218012499--816928365&type=Single'}}}, 'Under_6.5': {'odds': {'betrivers': {'american': -122, 'decimal': 1.82, 'link': 'https://{state}.betrivers.com/?page=sportsbook#event/1021141718?coupon={pickType}|3607747033|{wagerAmount}'}, 'fanduel': {'american': -133, 'decimal': 1.75, 'link': 'https://sportsbook.fanduel.com/addToBetslip?marketId=42.472491825&selectionId=7017912'}, 'draftkings': {'american': -125, 'decimal': 1.8, 'link': 'https://sportsbook.draftkings.com/event/31628800?outcomes=0OU78182953U650_3'}, 'caesars': {'american': -125, 'decimal': 1.8, 'link': 'https://sportsbook.caesars.com/us/{state}/bet/betslip?selectionIds=12bd50c0-70c1-3488-90ea-9b02e31f75c9'}, 'betmgm': {'american': -115, 'decimal': 1.87, 'link': 'https://sports.{state}.betmgm.com/en/sports?options=16781531-1218012499--816928364&type=Single'}}}, 'Over_6.0': {'odds': {'pinnacle': {'american': -115, 'decimal': 1.87, 'link': None}}}, 'Under_6.0': {'odds': {'pinnacle': {'american': 103, 'decimal': 2.03, 'link': None}}}}",Anaheim Ducks vs Calgary FlamesOverTotal 6.56.5BetRivers
NHL,Total 6.5,6.5,Anaheim Ducks vs Calgary Flames,2025-01-08T03:00:00Z,Over,FanDuel,110,-109,9.52,https://sportsbook.fanduel.com/addToBetslip?marketId=42.472491825&selectionId=7017911,"{'Over_6.5': {'odds': {'betrivers': {'american': 100, 'decimal': 2.0, 'link': 'https://{state}.betrivers.com/?page=sportsbook#event/1021141718?coupon={pickType}|3607747032|{wagerAmount}'}, 'fanduel': {'american': 110, 'decimal': 2.1, 'link': 'https://sportsbook.fanduel.com/addToBetslip?marketId=42.472491825&selectionId=7017911'}, 'draftkings': {'american': 105, 'decimal': 2.05, 'link': 'https://sportsbook.draftkings.com/event/31628800?outcomes=0OU78182953O650_1'}, 'caesars': {'american': 105, 'decimal': 2.05, 'link': 'https://sportsbook.caesars.com/us/{state}/bet/betslip?selectionIds=71cbcc85-83d3-3f6a-aeb6-0c52f71b6561'}, 'betmgm': {'american': -105, 'decimal': 1.95, 'link': 'https://sports.{state}.betmgm.com/en/sports?options=16781531-1218012499--816928365&type=Single'}}}, 'Under_6.5': {'odds': {'betrivers': {'american': -122, 'decimal': 1.82, 'link': 'https://{state}.betrivers.com/?page=sportsbook#event/1021141718?coupon={pickType}|3607747033|{wagerAmount}'}, 'fanduel': {'american': -133, 'decimal': 1.75, 'link': 'https://sportsbook.fanduel.com/addToBetslip?marketId=42.472491825&selectionId=7017912'}, 'draftkings': {'american': -125, 'decimal': 1.8, 'link': 'https://sportsbook.draftkings.com/event/31628800?outcomes=0OU78182953U650_3'}, 'caesars': {'american': -125, 'decimal': 1.8, 'link': 'https://sportsbook.caesars.com/us/{state}/bet/betslip?selectionIds=12bd50c0-70c1-3488-90ea-9b02e31f75c9'}, 'betmgm': {'american': -115, 'decimal': 1.87, 'link': 'https://sports.{state}.betmgm.com/en/sports?options=16781531-1218012499--816928364&type=Single'}}}, 'Over_6.0': {'odds': {'pinnacle': {'american': -115, 'decimal': 1.87, 'link': None}}}, 'Under_6.0': {'odds': {'pinnacle': {'american': 103, 'decimal': 2.03, 'link': None}}}}",Anaheim Ducks vs Calgary FlamesOverTotal 6.56.5FanDuel
NHL,Total 6.5,6.5,Anaheim Ducks vs Calgary Flames,2025-01-08T03:00:00Z,Over,DraftKings,105,-109,6.91,https://sportsbook.draftkings.com/event/31628800?outcomes=0OU78182953O650_1,"{'Over_6.5': {'odds': {'betrivers': {'american': 100, 'decimal': 2.0, 'link': 'https://{state}.betrivers.com/?page=sportsbook#event/1021141718?coupon={pickType}|3607747032|{wagerAmount}'}, 'fanduel': {'american': 110, 'decimal': 2.1, 'link': 'https://sportsbook.fanduel.com/addToBetslip?marketId=42.472491825&selectionId=7017911'}, 'draftkings': {'american': 105, 'decimal': 2.05, 'link': 'https://sportsbook.draftkings.com/event/31628800?outcomes=0OU78182953O650_1'}, 'caesars': {'american': 105, 'decimal': 2.05, 'link': 'https://sportsbook.caesars.com/us/{state}/bet/betslip?selectionIds=71cbcc85-83d3-3f6a-aeb6-0c52f71b6561'}, 'betmgm': {'american': -105, 'decimal': 1.95, 'link': 'https://sports.{state}.betmgm.com/en/sports?options=16781531-1218012499--816928365&type=Single'}}}, 'Under_6.5': {'odds': {'betrivers': {'american': -122, 'decimal': 1.82, 'link': 'https://{state}.betrivers.com/?page=sportsbook#event/1021141718?coupon={pickType}|3607747033|{wagerAmount}'}, 'fanduel': {'american': -133, 'decimal': 1.75, 'link': 'https://sportsbook.fanduel.com/addToBetslip?marketId=42.472491825&selectionId=7017912'}, 'draftkings': {'american': -125, 'decimal': 1.8, 'link': 'https://sportsbook.draftkings.com/event/31628800?outcomes=0OU78182953U650_3'}, 'caesars': {'american': -125, 'decimal': 1.8, 'link': 'https://sportsbook.caesars.com/us/{state}/bet/betslip?selectionIds=12bd50c0-70c1-3488-90ea-9b02e31f75c9'}, 'betmgm': {'american': -115, 'decimal': 1.87, 'link': 'https://sports.{state}.betmgm.com/en/sports?options=16781531-1218012499--816928364&type=Single'}}}, 'Over_6.0': {'odds': {'pinnacle': {'american': -115, 'decimal': 1.87, 'link': None}}}, 'Under_6.0': {'odds': {'pinnacle': {'american': 103, 'decimal': 2.03, 'link': None}}}}",Anaheim Ducks vs Calgary FlamesOverTotal 6.56.5DraftKings
NHL,Total 6.5,6.5,Anaheim Ducks vs Calgary Flames,2025-01-08T03:00:00Z,Over,Caesars,105,-109,6.91,https://sportsbook.caesars.com/us/{state}/bet/betslip?selectionIds=71cbcc85-83d3-3f6a-aeb6-0c52f71b6561,"{'Over_6.5': {'odds': {'betrivers': {'american': 100, 'decimal': 2.0, 'link': 'https://{state}.betrivers.com/?page=sportsbook#event/1021141718?coupon={pickType}|3607747032|{wagerAmount}'}, 'fanduel': {'american': 110, 'decimal': 2.1, 'link': 'https://sportsbook.fanduel.com/addToBetslip?marketId=42.472491825&selectionId=7017911'}, 'draftkings': {'american': 105, 'decimal': 2.05, 'link': 'https://sportsbook.draftkings.com/event/31628800?outcomes=0OU78182953O650_1'}, 'caesars': {'american': 105, 'decimal': 2.05, 'link': 'https://sportsbook.caesars.com/us/{state}/bet/betslip?selectionIds=71cbcc85-83d3-3f6a-aeb6-0c52f71b6561'}, 'betmgm': {'american': -105, 'decimal': 1.95, 'link': 'https://sports.{state}.betmgm.com/en/sports?options=16781531-1218012499--816928365&type=Single'}}}, 'Under_6.5': {'odds': {'betrivers': {'american': -122, 'decimal': 1.82, 'link': 'https://{state}.betrivers.com/?page=sportsbook#event/1021141718?coupon={pickType}|3607747033|{wagerAmount}'}, 'fanduel': {'american': -133, 'decimal': 1.75, 'link': 'https://sportsbook.fanduel.com/addToBetslip?marketId=42.472491825&selectionId=7017912'}, 'draftkings': {'american': -125, 'decimal': 1.8, 'link': 'https://sportsbook.draftkings.com/event/31628800?outcomes=0OU78182953U650_3'}, 'caesars': {'american': -125, 'decimal': 1.8, 'link': 'https://sportsbook.caesars.com/us/{state}/bet/betslip?selectionIds=12bd50c0-70c1-3488-90ea-9b02e31f75c9'}, 'betmgm': {'american': -115, 'decimal': 1.87, 'link': 'https://sports.{state}.betmgm.com/en/sports?options=16781531-1218012499--816928364&type=Single'}}}, 'Over_6.0': {'odds': {'pinnacle': {'american': -115, 'decimal': 1.87, 'link': None}}}, 'Under_6.0': {'odds': {'pinnacle': {'american': 103, 'decimal': 2.03, 'link': None}}}}",Anaheim Ducks vs Calgary FlamesOverTotal 6.56.5Caesars
NHL,Player Prop - Shots on Goal,2.5,San Jose Sharks vs Vegas Golden Knights,2025-01-08T03:30:00Z,Macklin Celebrini Under,BetRivers,130,124,2.68,https://{state}.betrivers.com/?page=sportsbook#event/1021141719,"{'over': {'odds': {'betrivers': {'american': -175, 'decimal': 1.57, 'link': 'https://{state}.betrivers.com/?page=sportsbook#event/1021141719'}, 'fanduel': {'american': -141, 'decimal': 1.71, 'link': 'https://sportsbook.fanduel.com/ice-hockey/nhl/vegas-golden-knights-at-san-jose-sharks-33919430'}, 'draftkings': {'american': -143, 'decimal': 1.7, 'link': 'https://sportsbook.draftkings.com/event/31628801'}, 'betmgm': {'american': -141, 'decimal': 1.71, 'link': 'https://sports.{state}.betmgm.com/en/sports/events/vegas-golden-knights-at-san-jose-sharks-16781532'}, 'pinnacle': {'american': -154, 'decimal': 1.65, 'link': 'https://www.pinnacle.com/en/hockey/nhl/vegas-golden-knights-vs-san-jose-sharks/1602764573/'}}}, 'under': {'odds': {'betrivers': {'american': 130, 'decimal': 2.3, 'link': 'https://{state}.betrivers.com/?page=sportsbook#event/1021141719'}, 'fanduel': {'american': 108, 'decimal': 2.08, 'link': 'https://sportsbook.fanduel.com/ice-hockey/nhl/vegas-golden-knights-at-san-jose-sharks-33919430'}, 'draftkings': {'american': 110, 'decimal': 2.1, 'link': 'https://sportsbook.draftkings.com/event/31628801'}, 'betmgm': {'american': 100, 'decimal': 2.0, 'link': 'https://sports.{state}.betmgm.com/en/sports/events/vegas-golden-knights-at-san-jose-sharks-16781532'}, 'pinnacle': {'american': 115, 'decimal': 2.15, 'link': 'https://www.pinnacle.com/en/hockey/nhl/vegas-golden-knights-vs-san-jose-sharks/1602764573/'}}}}",San Jose Sharks vs Vegas Golden KnightsMacklin Celebrini UnderPlayer Prop - Shots on Goal2.5BetRivers
NHL,Player Prop - Points,0.5,San Jose Sharks vs Vegas Golden Knights,2025-01-08T03:30:00Z,Shea Theodore Over,DraftKings,-130,-137,2.27,https://sportsbook.draftkings.com/event/31628801,"{'over': {'odds': {'fanduel': {'american': -154, 'decimal': 1.65, 'link': 'https://sportsbook.fanduel.com/ice-hockey/nhl/vegas-golden-knights-at-san-jose-sharks-33919430'}, 'draftkings': {'american': -130, 'decimal': 1.77, 'link': 'https://sportsbook.draftkings.com/event/31628801'}, 'caesars': {'american': -127, 'decimal': 1.79, 'link': 'https://sportsbook.caesars.com/us/{state}/bet/icehockey/bfc2b75b-58a7-4763-bbe5-fef2f5d7ee82/vegas-golden-knights-at-san-jose-sharks'}, 'betmgm': {'american': -125, 'decimal': 1.8, 'link': 'https://sports.{state}.betmgm.com/en/sports/events/vegas-golden-knights-at-san-jose-sharks-16781532'}, 'pinnacle': {'american': -137, 'decimal': 1.73, 'link': 'https://www.pinnacle.com/en/hockey/nhl/vegas-golden-knights-vs-san-jose-sharks/1602764573/'}}}, 'under': {'odds': {'fanduel': {'american': 120, 'decimal': 2.2, 'link': 'https://sportsbook.fanduel.com/ice-hockey/nhl/vegas-golden-knights-at-san-jose-sharks-33919430'}, 'draftkings': {'american': 100, 'decimal': 2.0, 'link': 'https://sportsbook.draftkings.com/event/31628801'}, 'betmgm': {'american': -105, 'decimal': 1.95, 'link': 'https://sports.{state}.betmgm.com/en/sports/events/vegas-golden-knights-at-san-jose-sharks-16781532'}, 'pinnacle': {'american': 103, 'decimal': 2.03, 'link': 'https://www.pinnacle.com/en/hockey/nhl/vegas-golden-knights-vs-san-jose-sharks/1602764573/'}}}}",San Jose Sharks vs Vegas Golden KnightsShea Theodore OverPlayer Prop - Points0.5DraftKings
NHL,Player Prop - Points,0.5,San Jose Sharks vs Vegas Golden Knights,2025-01-08T03:30:00Z,Shea Theodore Over,Caesars,-127,-137,3.32,https://sportsbook.caesars.com/us/{state}/bet/icehockey/bfc2b75b-58a7-4763-bbe5-fef2f5d7ee82/vegas-golden-knights-at-san-jose-sharks,"{'over': {'odds': {'fanduel': {'american': -154, 'decimal': 1.65, 'link': 'https://sportsbook.fanduel.com/ice-hockey/nhl/vegas-golden-knights-at-san-jose-sharks-33919430'}, 'draftkings': {'american': -130, 'decimal': 1.77, 'link': 'https://sportsbook.draftkings.com/event/31628801'}, 'caesars': {'american': -127, 'decimal': 1.79, 'link': 'https://sportsbook.caesars.com/us/{state}/bet/icehockey/bfc2b75b-58a7-4763-bbe5-fef2f5d7ee82/vegas-golden-knights-at-san-jose-sharks'}, 'betmgm': {'american': -125, 'decimal': 1.8, 'link': 'https://sports.{state}.betmgm.com/en/sports/events/vegas-golden-knights-at-san-jose-sharks-16781532'}, 'pinnacle': {'american': -137, 'decimal': 1.73, 'link': 'https://www.pinnacle.com/en/hockey/nhl/vegas-golden-knights-vs-san-jose-sharks/1602764573/'}}}, 'under': {'odds': {'fanduel': {'american': 120, 'decimal': 2.2, 'link': 'https://sportsbook.fanduel.com/ice-hockey/nhl/vegas-golden-knights-at-san-jose-sharks-33919430'}, 'draftkings': {'american': 100, 'decimal': 2.0, 'link': 'https://sportsbook.draftkings.com/event/31628801'}, 'betmgm': {'american': -105, 'decimal': 1.95, 'link': 'https://sports.{state}.betmgm.com/en/sports/events/vegas-golden-knights-at-san-jose-sharks-16781532'}, 'pinnacle': {'american': 103, 'decimal': 2.03, 'link': 'https://www.pinnacle.com/en/hockey/nhl/vegas-golden-knights-vs-san-jose-sharks/1602764573/'}}}}",San Jose Sharks vs Vegas Golden KnightsShea Theodore OverPlayer Prop - Points0.5Caesars
NHL,Player Prop - Points,0.5,San Jose Sharks vs Vegas Golden Knights,2025-01-08T03:30:00Z,Shea Theodore Over,BetMGM,-125,-137,4.05,https://sports.{state}.betmgm.com/en/sports/events/vegas-golden-knights-at-san-jose-sharks-16781532,"{'over': {'odds': {'fanduel': {'american': -154, 'decimal': 1.65, 'link': 'https://sportsbook.fanduel.com/ice-hockey/nhl/vegas-golden-knights-at-san-jose-sharks-33919430'}, 'draftkings': {'american': -130, 'decimal': 1.77, 'link': 'https://sportsbook.draftkings.com/event/31628801'}, 'caesars': {'american': -127, 'decimal': 1.79, 'link': 'https://sportsbook.caesars.com/us/{state}/bet/icehockey/bfc2b75b-58a7-4763-bbe5-fef2f5d7ee82/vegas-golden-knights-at-san-jose-sharks'}, 'betmgm': {'american': -125, 'decimal': 1.8, 'link': 'https://sports.{state}.betmgm.com/en/sports/events/vegas-golden-knights-at-san-jose-sharks-16781532'}, 'pinnacle': {'american': -137, 'decimal': 1.73, 'link': 'https://www.pinnacle.com/en/hockey/nhl/vegas-golden-knights-vs-san-jose-sharks/1602764573/'}}}, 'under': {'odds': {'fanduel': {'american': 120, 'decimal': 2.2, 'link': 'https://sportsbook.fanduel.com/ice-hockey/nhl/vegas-golden-knights-at-san-jose-sharks-33919430'}, 'draftkings': {'american': 100, 'decimal': 2.0, 'link': 'https://sportsbook.draftkings.com/event/31628801'}, 'betmgm': {'american': -105, 'decimal': 1.95, 'link': 'https://sports.{state}.betmgm.com/en/sports/events/vegas-golden-knights-at-san-jose-sharks-16781532'}, 'pinnacle': {'american': 103, 'decimal': 2.03, 'link': 'https://www.pinnacle.com/en/hockey/nhl/vegas-golden-knights-vs-san-jose-sharks/1602764573/'}}}}",San Jose Sharks vs Vegas Golden KnightsShea Theodore OverPlayer Prop - Points0.5BetMGM
NHL,Player Prop - Shots on Goal,1.5,Chicago Blackhawks vs Colorado Avalanche,2025-01-09T00:30:00Z,Taylor Hall Under,BetMGM,115,106,4.37,https://sports.{state}.betmgm.com/en/sports/events/colorado-avalanche-at-chicago-blackhawks-16781533,"{'over': {'odds': {'fanduel': {'american': -120, 'decimal': 1.83, 'link': 'https://sportsbook.fanduel.com/ice-hockey/nhl/colorado-avalanche-%40-chicago-blackhawks-33922299'}, 'betmgm': {'american': -154, 'decimal': 1.65, 'link': 'https://sports.{state}.betmgm.com/en/sports/events/colorado-avalanche-at-chicago-blackhawks-16781533'}}}, 'under': {'odds': {'fanduel': {'american': -108, 'decimal': 1.93, 'link': 'https://sportsbook.fanduel.com/ice-hockey/nhl/colorado-avalanche-%40-chicago-blackhawks-33922299'}, 'betmgm': {'american': 115, 'decimal': 2.15, 'link': 'https://sports.{state}.betmgm.com/en/sports/events/colorado-avalanche-at-chicago-blackhawks-16781533'}}}}",Chicago Blackhawks vs Colorado AvalancheTaylor Hall UnderPlayer Prop - Shots on Goal1.5BetMGM
NHL,Total 6.0,6.0,Washington Capitals vs Vancouver Canucks,2025-01-09T00:30:00Z,Over,Caesars,-105,-111,2.71,https://sportsbook.caesars.com/us/{state}/bet/betslip?selectionIds=219f4f5d-1770-36d2-ac4a-f63aad574e87,"{'Over_5.5': {'odds': {'betrivers': {'american': -120, 'decimal': 1.83, 'link': 'https://{state}.betrivers.com/?page=sportsbook#event/1021141715?coupon={pickType}|3608558087|{wagerAmount}'}, 'draftkings': {'american': -125, 'decimal': 1.8, 'link': 'https://sportsbook.draftkings.com/event/31633749?outcomes=0OU78194991O550_1'}, 'fanduel': {'american': -128, 'decimal': 1.78, 'link': 'https://sportsbook.fanduel.com/addToBetslip?marketId=42.472659488&selectionId=7017911'}, 'pinnacle': {'american': -119, 'decimal': 1.84, 'link': None}}}, 'Under_5.5': {'odds': {'betrivers': {'american': -103, 'decimal': 1.97, 'link': 'https://{state}.betrivers.com/?page=sportsbook#event/1021141715?coupon={pickType}|3608558091|{wagerAmount}'}, 'draftkings': {'american': 105, 'decimal': 2.05, 'link': 'https://sportsbook.draftkings.com/event/31633749?outcomes=0OU78194991U550_3'}, 'fanduel': {'american': 104, 'decimal': 2.04, 'link': 'https://sportsbook.fanduel.com/addToBetslip?marketId=42.472659488&selectionId=7017912'}, 'pinnacle': {'american': 104, 'decimal': 2.04, 'link': None}}}, 'Over_6.0': {'odds': {'caesars': {'american': -105, 'decimal': 1.95, 'link': 'https://sportsbook.caesars.com/us/{state}/bet/betslip?selectionIds=219f4f5d-1770-36d2-ac4a-f63aad574e87'}, 'betmgm': {'american': -105, 'decimal': 1.95, 'link': 'https://sports.{state}.betmgm.com/en/sports?options=16781534-1218013026--816926751&type=Single'}}}, 'Under_6.0': {'odds': {'caesars': {'american': -115, 'decimal': 1.87, 'link': 'https://sportsbook.caesars.com/us/{state}/bet/betslip?selectionIds=319166d6-18e6-3fb4-bf7d-534542edf6de'}, 'betmgm': {'american': -115, 'decimal': 1.87, 'link': 'https://sports.{state}.betmgm.com/en/sports?options=16781534-1218013026--816926750&type=Single'}}}}",Washington Capitals vs Vancouver CanucksOverTotal 6.06.0Caesars
NHL,Total 6.0,6.0,Washington Capitals vs Vancouver Canucks,2025-01-09T00:30:00Z,Over,BetMGM,-105,-111,2.71,https://sports.{state}.betmgm.com/en/sports?options=16781534-1218013026--816926751&type=Single,"{'Over_5.5': {'odds': {'betrivers': {'american': -120, 'decimal': 1.83, 'link': 'https://{state}.betrivers.com/?page=sportsbook#event/1021141715?coupon={pickType}|3608558087|{wagerAmount}'}, 'draftkings': {'american': -125, 'decimal': 1.8, 'link': 'https://sportsbook.draftkings.com/event/31633749?outcomes=0OU78194991O550_1'}, 'fanduel': {'american': -128, 'decimal': 1.78, 'link': 'https://sportsbook.fanduel.com/addToBetslip?marketId=42.472659488&selectionId=7017911'}, 'pinnacle': {'american': -119, 'decimal': 1.84, 'link': None}}}, 'Under_5.5': {'odds': {'betrivers': {'american': -103, 'decimal': 1.97, 'link': 'https://{state}.betrivers.com/?page=sportsbook#event/1021141715?coupon={pickType}|3608558091|{wagerAmount}'}, 'draftkings': {'american': 105, 'decimal': 2.05, 'link': 'https://sportsbook.draftkings.com/event/31633749?outcomes=0OU78194991U550_3'}, 'fanduel': {'american': 104, 'decimal': 2.04, 'link': 'https://sportsbook.fanduel.com/addToBetslip?marketId=42.472659488&selectionId=7017912'}, 'pinnacle': {'american': 104, 'decimal': 2.04, 'link': None}}}, 'Over_6.0': {'odds': {'caesars': {'american': -105, 'decimal': 1.95, 'link': 'https://sportsbook.caesars.com/us/{state}/bet/betslip?selectionIds=219f4f5d-1770-36d2-ac4a-f63aad574e87'}, 'betmgm': {'american': -105, 'decimal': 1.95, 'link': 'https://sports.{state}.betmgm.com/en/sports?options=16781534-1218013026--816926751&type=Single'}}}, 'Under_6.0': {'odds': {'caesars': {'american': -115, 'decimal': 1.87, 'link': 'https://sportsbook.caesars.com/us/{state}/bet/betslip?selectionIds=319166d6-18e6-3fb4-bf7d-534542edf6de'}, 'betmgm': {'american': -115, 'decimal': 1.87, 'link': 'https://sports.{state}.betmgm.com/en/sports?options=16781534-1218013026--816926750&type=Single'}}}}",Washington Capitals vs Vancouver CanucksOverTotal 6.06.0BetMGM
NHL,Player Prop - Shots on Goal,1.5,Washington Capitals vs Vancouver Canucks,2025-01-09T00:30:00Z,Aliaksei Protas Under,BetMGM,125,114,5.14,https://sports.{state}.betmgm.com/en/sports/events/vancouver-canucks-at-washington-capitals-16781534,"{'over': {'odds': {'fanduel': {'american': -130, 'decimal': 1.77, 'link': 'https://sportsbook.fanduel.com/ice-hockey/nhl/vancouver-canucks-%40-washington-capitals-33922302'}, 'betmgm': {'american': -164, 'decimal': 1.61, 'link': 'https://sports.{state}.betmgm.com/en/sports/events/vancouver-canucks-at-washington-capitals-16781534'}}}, 'under': {'odds': {'fanduel': {'american': 100, 'decimal': 2.0, 'link': 'https://sportsbook.fanduel.com/ice-hockey/nhl/vancouver-canucks-%40-washington-capitals-33922302'}, 'betmgm': {'american': 125, 'decimal': 2.25, 'link': 'https://sports.{state}.betmgm.com/en/sports/events/vancouver-canucks-at-washington-capitals-16781534'}}}}",Washington Capitals vs Vancouver CanucksAliaksei Protas UnderPlayer Prop - Shots on Goal1.5BetMGM
NHL,Player Prop - Shots on Goal,2.5,Washington Capitals vs Vancouver Canucks,2025-01-09T00:30:00Z,Jakob Chychrun Under,BetMGM,-125,-166,12.33,https://sports.{state}.betmgm.com/en/sports/events/vancouver-canucks-at-washington-capitals-16781534,"{'over': {'odds': {'fanduel': {'american': 142, 'decimal': 2.42, 'link': 'https://sportsbook.fanduel.com/ice-hockey/nhl/vancouver-canucks-%40-washington-capitals-33922302'}, 'betmgm': {'american': -110, 'decimal': 1.91, 'link': 'https://sports.{state}.betmgm.com/en/sports/events/vancouver-canucks-at-washington-capitals-16781534'}}}, 'under': {'odds': {'fanduel': {'american': -189, 'decimal': 1.53, 'link': 'https://sportsbook.fanduel.com/ice-hockey/nhl/vancouver-canucks-%40-washington-capitals-33922302'}, 'betmgm': {'american': -125, 'decimal': 1.8, 'link': 'https://sports.{state}.betmgm.com/en/sports/events/vancouver-canucks-at-washington-capitals-16781534'}}}}",Washington Capitals vs Vancouver CanucksJakob Chychrun UnderPlayer Prop - Shots on Goal2.5BetMGM
NHL,Player Prop - Shots on Goal,1.5,Washington Capitals vs Vancouver Canucks,2025-01-09T00:30:00Z,Dylan Strome Under,BetMGM,125,104,10.29,https://sports.{state}.betmgm.com/en/sports/events/vancouver-canucks-at-washington-capitals-16781534,"{'over': {'odds': {'fanduel': {'american': -118, 'decimal': 1.85, 'link': 'https://sportsbook.fanduel.com/ice-hockey/nhl/vancouver-canucks-%40-washington-capitals-33922302'}, 'betmgm': {'american': -164, 'decimal': 1.61, 'link': 'https://sports.{state}.betmgm.com/en/sports/events/vancouver-canucks-at-washington-capitals-16781534'}}}, 'under': {'odds': {'fanduel': {'american': -110, 'decimal': 1.91, 'link': 'https://sportsbook.fanduel.com/ice-hockey/nhl/vancouver-canucks-%40-washington-capitals-33922302'}, 'betmgm': {'american': 125, 'decimal': 2.25, 'link': 'https://sports.{state}.betmgm.com/en/sports/events/vancouver-canucks-at-washington-capitals-16781534'}}}}",Washington Capitals vs Vancouver CanucksDylan Strome UnderPlayer Prop - Shots on Goal1.5BetMGM
NHL,Player Prop - Shots on Goal,1.5,Washington Capitals vs Vancouver Canucks,2025-01-09T00:30:00Z,Pierre-Luc Dubois Under,BetMGM,120,107,6.28,https://sports.{state}.betmgm.com/en/sports/events/vancouver-canucks-at-washington-capitals-16781534,"{'over': {'odds': {'fanduel': {'american': -122, 'decimal': 1.82, 'link': 'https://sportsbook.fanduel.com/ice-hockey/nhl/vancouver-canucks-%40-washington-capitals-33922302'}, 'betmgm': {'american': -161, 'decimal': 1.62, 'link': 'https://sports.{state}.betmgm.com/en/sports/events/vancouver-canucks-at-washington-capitals-16781534'}}}, 'under': {'odds': {'fanduel': {'american': -106, 'decimal': 1.94, 'link': 'https://sportsbook.fanduel.com/ice-hockey/nhl/vancouver-canucks-%40-washington-capitals-33922302'}, 'betmgm': {'american': 120, 'decimal': 2.2, 'link': 'https://sports.{state}.betmgm.com/en/sports/events/vancouver-canucks-at-washington-capitals-16781534'}}}}",Washington Capitals vs Vancouver CanucksPierre-Luc Dubois UnderPlayer Prop - Shots on Goal1.5BetMGM
NHL,Total 5.5,5.5,Utah Hockey Club vs Florida Panthers,2025-01-09T03:00:00Z,Under,DraftKings,110,-102,6.04,https://sportsbook.draftkings.com/event/31633751?outcomes=0OU78194995U550_3,"{'Over_6.0': {'odds': {'betrivers': {'american': -103, 'decimal': 1.97, 'link': 'https://{state}.betrivers.com/?page=sportsbook#event/1021463654?coupon={pickType}|3608567073|{wagerAmount}'}, 'caesars': {'american': -105, 'decimal': 1.95, 'link': 'https://sportsbook.caesars.com/us/{state}/bet/betslip?selectionIds=0e6de25c-6605-3711-bb69-758d372fae6f'}, 'betmgm': {'american': 100, 'decimal': 2.0, 'link': 'https://sports.{state}.betmgm.com/en/sports?options=16781535-1218013184--816926249&type=Single'}, 'pinnacle': {'american': -105, 'decimal': 1.95, 'link': None}}}, 'Under_6.0': {'odds': {'betrivers': {'american': -120, 'decimal': 1.83, 'link': 'https://{state}.betrivers.com/?page=sportsbook#event/1021463654?coupon={pickType}|3608567080|{wagerAmount}'}, 'caesars': {'american': -115, 'decimal': 1.87, 'link': 'https://sportsbook.caesars.com/us/{state}/bet/betslip?selectionIds=66fb2eb1-526a-3868-b179-38d76082c322'}, 'betmgm': {'american': -120, 'decimal': 1.83, 'link': 'https://sports.{state}.betmgm.com/en/sports?options=16781535-1218013184--816926248&type=Single'}, 'pinnacle': {'american': -109, 'decimal': 1.92, 'link': None}}}, 'Over_5.5': {'odds': {'draftkings': {'american': -130, 'decimal': 1.77, 'link': 'https://sportsbook.draftkings.com/event/31633751?outcomes=0OU78194995O550_1'}}}, 'Under_5.5': {'odds': {'draftkings': {'american': 110, 'decimal': 2.1, 'link': 'https://sportsbook.draftkings.com/event/31633751?outcomes=0OU78194995U550_3'}}}, 'Over_6.5': {'odds': {'fanduel': {'american': 108, 'decimal': 2.08, 'link': 'https://sportsbook.fanduel.com/addToBetslip?marketId=42.472659481&selectionId=7017911'}}}, 'Under_6.5': {'odds': {'fanduel': {'american': -132, 'decimal': 1.76, 'link': 'https://sportsbook.fanduel.com/addToBetslip?marketId=42.472659481&selectionId=7017912'}}}}",Utah Hockey Club vs Florida PanthersUnderTotal 5.55.5DraftKings
NHL,Total 6.5,6.5,Utah Hockey Club vs Florida Panthers,2025-01-09T03:00:00Z,Over,FanDuel,108,102,2.97,https://sportsbook.fanduel.com/addToBetslip?marketId=42.472659481&selectionId=7017911,"{'Over_6.0': {'odds': {'betrivers': {'american': -103, 'decimal': 1.97, 'link': 'https://{state}.betrivers.com/?page=sportsbook#event/1021463654?coupon={pickType}|3608567073|{wagerAmount}'}, 'caesars': {'american': -105, 'decimal': 1.95, 'link': 'https://sportsbook.caesars.com/us/{state}/bet/betslip?selectionIds=0e6de25c-6605-3711-bb69-758d372fae6f'}, 'betmgm': {'american': 100, 'decimal': 2.0, 'link': 'https://sports.{state}.betmgm.com/en/sports?options=16781535-1218013184--816926249&type=Single'}, 'pinnacle': {'american': -105, 'decimal': 1.95, 'link': None}}}, 'Under_6.0': {'odds': {'betrivers': {'american': -120, 'decimal': 1.83, 'link': 'https://{state}.betrivers.com/?page=sportsbook#event/1021463654?coupon={pickType}|3608567080|{wagerAmount}'}, 'caesars': {'american': -115, 'decimal': 1.87, 'link': 'https://sportsbook.caesars.com/us/{state}/bet/betslip?selectionIds=66fb2eb1-526a-3868-b179-38d76082c322'}, 'betmgm': {'american': -120, 'decimal': 1.83, 'link': 'https://sports.{state}.betmgm.com/en/sports?options=16781535-1218013184--816926248&type=Single'}, 'pinnacle': {'american': -109, 'decimal': 1.92, 'link': None}}}, 'Over_5.5': {'odds': {'draftkings': {'american': -130, 'decimal': 1.77, 'link': 'https://sportsbook.draftkings.com/event/31633751?outcomes=0OU78194995O550_1'}}}, 'Under_5.5': {'odds': {'draftkings': {'american': 110, 'decimal': 2.1, 'link': 'https://sportsbook.draftkings.com/event/31633751?outcomes=0OU78194995U550_3'}}}, 'Over_6.5': {'odds': {'fanduel': {'american': 108, 'decimal': 2.08, 'link': 'https://sportsbook.fanduel.com/addToBetslip?marketId=42.472659481&selectionId=7017911'}}}, 'Under_6.5': {'odds': {'fanduel': {'american': -132, 'decimal': 1.76, 'link': 'https://sportsbook.fanduel.com/addToBetslip?marketId=42.472659481&selectionId=7017912'}}}}",Utah Hockey Club vs Florida PanthersOverTotal 6.56.5FanDuel
NFL,Player Prop - Completions,21.5,Houston Texans vs Los Angeles Chargers,2025-01-11T21:31:00Z,C.J. Stroud Under,BetRivers,-105,-112,3.14,https://{state}.betrivers.com/?page=sportsbook#event/1022507677,"{'over': {'odds': {'fanduel': {'american': -102, 'decimal': 1.98, 'link': 'https://sportsbook.fanduel.com/american-football/nfl/los-angeles-chargers-%40-houston-texans-33904281'}, 'draftkings': {'american': -105, 'decimal': 1.95, 'link': 'https://sportsbook.draftkings.com/event/31626160'}, 'betrivers': {'american': -123, 'decimal': 1.81, 'link': 'https://{state}.betrivers.com/?page=sportsbook#event/1022507677'}, 'caesars': {'american': -115, 'decimal': 1.87, 'link': 'https://sportsbook.caesars.com/us/{state}/bet/americanfootball/25d40c45-6d66-4f6a-b35a-cff85bdb853b/los-angeles-chargers-at-houston-texans'}, 'betmgm': {'american': -130, 'decimal': 1.77, 'link': 'https://sports.{state}.betmgm.com/en/sports/events/los-angeles-chargers-at-houston-texans-16863523'}, 'pinnacle': {'american': -128, 'decimal': 1.78, 'link': 'https://www.pinnacle.com/en/football/nfl/los-angeles-chargers-vs-houston-texans/1602790430/'}}}, 'under': {'odds': {'fanduel': {'american': -128, 'decimal': 1.78, 'link': 'https://sportsbook.fanduel.com/american-football/nfl/los-angeles-chargers-%40-houston-texans-33904281'}, 'draftkings': {'american': -120, 'decimal': 1.83, 'link': 'https://sportsbook.draftkings.com/event/31626160'}, 'betrivers': {'american': -105, 'decimal': 1.95, 'link': 'https://{state}.betrivers.com/?page=sportsbook#event/1022507677'}, 'caesars': {'american': -115, 'decimal': 1.87, 'link': 'https://sportsbook.caesars.com/us/{state}/bet/americanfootball/25d40c45-6d66-4f6a-b35a-cff85bdb853b/los-angeles-chargers-at-houston-texans'}, 'betmgm': {'american': -105, 'decimal': 1.95, 'link': 'https://sports.{state}.betmgm.com/en/sports/events/los-angeles-chargers-at-houston-texans-16863523'}, 'pinnacle': {'american': -103, 'decimal': 1.97, 'link': 'https://www.pinnacle.com/en/football/nfl/los-angeles-chargers-vs-houston-texans/1602790430/'}}}}",Houston Texans vs Los Angeles ChargersC.J. Stroud UnderPlayer Prop - Completions21.5BetRivers
NFL,Player Prop - Completions,21.5,Houston Texans vs Los Angeles Chargers,2025-01-11T21:31:00Z,C.J. Stroud Under,BetMGM,-105,-112,3.14,https://sports.{state}.betmgm.com/en/sports/events/los-angeles-chargers-at-houston-texans-16863523,"{'over': {'odds': {'fanduel': {'american': -102, 'decimal': 1.98, 'link': 'https://sportsbook.fanduel.com/american-football/nfl/los-angeles-chargers-%40-houston-texans-33904281'}, 'draftkings': {'american': -105, 'decimal': 1.95, 'link': 'https://sportsbook.draftkings.com/event/31626160'}, 'betrivers': {'american': -123, 'decimal': 1.81, 'link': 'https://{state}.betrivers.com/?page=sportsbook#event/1022507677'}, 'caesars': {'american': -115, 'decimal': 1.87, 'link': 'https://sportsbook.caesars.com/us/{state}/bet/americanfootball/25d40c45-6d66-4f6a-b35a-cff85bdb853b/los-angeles-chargers-at-houston-texans'}, 'betmgm': {'american': -130, 'decimal': 1.77, 'link': 'https://sports.{state}.betmgm.com/en/sports/events/los-angeles-chargers-at-houston-texans-16863523'}, 'pinnacle': {'american': -128, 'decimal': 1.78, 'link': 'https://www.pinnacle.com/en/football/nfl/los-angeles-chargers-vs-houston-texans/1602790430/'}}}, 'under': {'odds': {'fanduel': {'american': -128, 'decimal': 1.78, 'link': 'https://sportsbook.fanduel.com/american-football/nfl/los-angeles-chargers-%40-houston-texans-33904281'}, 'draftkings': {'american': -120, 'decimal': 1.83, 'link': 'https://sportsbook.draftkings.com/event/31626160'}, 'betrivers': {'american': -105, 'decimal': 1.95, 'link': 'https://{state}.betrivers.com/?page=sportsbook#event/1022507677'}, 'caesars': {'american': -115, 'decimal': 1.87, 'link': 'https://sportsbook.caesars.com/us/{state}/bet/americanfootball/25d40c45-6d66-4f6a-b35a-cff85bdb853b/los-angeles-chargers-at-houston-texans'}, 'betmgm': {'american': -105, 'decimal': 1.95, 'link': 'https://sports.{state}.betmgm.com/en/sports/events/los-angeles-chargers-at-houston-texans-16863523'}, 'pinnacle': {'american': -103, 'decimal': 1.97, 'link': 'https://www.pinnacle.com/en/football/nfl/los-angeles-chargers-vs-houston-texans/1602790430/'}}}}",Houston Texans vs Los Angeles ChargersC.J. Stroud UnderPlayer Prop - Completions21.5BetMGM
NFL,Spread 9.5,9.5,Baltimore Ravens vs Pittsburgh Steelers,2025-01-12T01:01:00Z,Pittsburgh Steelers,FanDuel,-105,-110,2.27,https://sportsbook.fanduel.com/addToBetslip?marketId=42.471628447&selectionId=50208,"{'Baltimore Ravens_-9.5': {'odds': {'fanduel': {'american': -115, 'decimal': 1.87, 'link': 'https://sportsbook.fanduel.com/addToBetslip?marketId=42.471628447&selectionId=50205'}, 'draftkings': {'american': -112, 'decimal': 1.89, 'link': 'https://sportsbook.draftkings.com/event/31626161?outcomes=0HC78176903N950_1'}, 'betmgm': {'american': -115, 'decimal': 1.87, 'link': 'https://sports.{state}.betmgm.com/en/sports?options=16863524-1226743090--794475780&type=Single'}}}, 'Pittsburgh Steelers_9.5': {'odds': {'fanduel': {'american': -105, 'decimal': 1.95, 'link': 'https://sportsbook.fanduel.com/addToBetslip?marketId=42.471628447&selectionId=50208'}, 'draftkings': {'american': -108, 'decimal': 1.93, 'link': 'https://sportsbook.draftkings.com/event/31626161?outcomes=0HC78176903P950_3'}, 'betmgm': {'american': -105, 'decimal': 1.95, 'link': 'https://sports.{state}.betmgm.com/en/sports?options=16863524-1226743090--794475781&type=Single'}}}, 'Baltimore Ravens_-10.0': {'odds': {'betrivers': {'american': -108, 'decimal': 1.93, 'link': 'https://{state}.betrivers.com/?page=sportsbook#event/1022507676?coupon={pickType}|3607514552|{wagerAmount}'}, 'caesars': {'american': -105, 'decimal': 1.95, 'link': 'https://sportsbook.caesars.com/us/{state}/bet/betslip?selectionIds=2a2e8251-ba37-3d11-8286-c00cc2cbc014'}, 'pinnacle': {'american': 104, 'decimal': 2.04, 'link': None}}}, 'Pittsburgh Steelers_10.0': {'odds': {'betrivers': {'american': -114, 'decimal': 1.88, 'link': 'https://{state}.betrivers.com/?page=sportsbook#event/1022507676?coupon={pickType}|3607514556|{wagerAmount}'}, 'caesars': {'american': -115, 'decimal': 1.87, 'link': 'https://sportsbook.caesars.com/us/{state}/bet/betslip?selectionIds=e05c0062-5efc-345c-a296-e05237382ac8'}, 'pinnacle': {'american': -116, 'decimal': 1.86, 'link': None}}}}",Baltimore Ravens vs Pittsburgh SteelersPittsburgh SteelersSpread 9.59.5FanDuel
NFL,Spread 9.5,9.5,Baltimore Ravens vs Pittsburgh Steelers,2025-01-12T01:01:00Z,Pittsburgh Steelers,BetMGM,-105,-110,2.27,https://sports.{state}.betmgm.com/en/sports?options=16863524-1226743090--794475781&type=Single,"{'Baltimore Ravens_-9.5': {'odds': {'fanduel': {'american': -115, 'decimal': 1.87, 'link': 'https://sportsbook.fanduel.com/addToBetslip?marketId=42.471628447&selectionId=50205'}, 'draftkings': {'american': -112, 'decimal': 1.89, 'link': 'https://sportsbook.draftkings.com/event/31626161?outcomes=0HC78176903N950_1'}, 'betmgm': {'american': -115, 'decimal': 1.87, 'link': 'https://sports.{state}.betmgm.com/en/sports?options=16863524-1226743090--794475780&type=Single'}}}, 'Pittsburgh Steelers_9.5': {'odds': {'fanduel': {'american': -105, 'decimal': 1.95, 'link': 'https://sportsbook.fanduel.com/addToBetslip?marketId=42.471628447&selectionId=50208'}, 'draftkings': {'american': -108, 'decimal': 1.93, 'link': 'https://sportsbook.draftkings.com/event/31626161?outcomes=0HC78176903P950_3'}, 'betmgm': {'american': -105, 'decimal': 1.95, 'link': 'https://sports.{state}.betmgm.com/en/sports?options=16863524-1226743090--794475781&type=Single'}}}, 'Baltimore Ravens_-10.0': {'odds': {'betrivers': {'american': -108, 'decimal': 1.93, 'link': 'https://{state}.betrivers.com/?page=sportsbook#event/1022507676?coupon={pickType}|3607514552|{wagerAmount}'}, 'caesars': {'american': -105, 'decimal': 1.95, 'link': 'https://sportsbook.caesars.com/us/{state}/bet/betslip?selectionIds=2a2e8251-ba37-3d11-8286-c00cc2cbc014'}, 'pinnacle': {'american': 104, 'decimal': 2.04, 'link': None}}}, 'Pittsburgh Steelers_10.0': {'odds': {'betrivers': {'american': -114, 'decimal': 1.88, 'link': 'https://{state}.betrivers.com/?page=sportsbook#event/1022507676?coupon={pickType}|3607514556|{wagerAmount}'}, 'caesars': {'american': -115, 'decimal': 1.87, 'link': 'https://sportsbook.caesars.com/us/{state}/bet/betslip?selectionIds=e05c0062-5efc-345c-a296-e05237382ac8'}, 'pinnacle': {'american': -116, 'decimal': 1.86, 'link': None}}}}",Baltimore Ravens vs Pittsburgh SteelersPittsburgh SteelersSpread 9.59.5BetMGM
NFL,Player Prop - Completions,18.5,Baltimore Ravens vs Pittsburgh Steelers,2025-01-12T01:01:00Z,Russell Wilson Under,DraftKings,105,-106,5.49,https://sportsbook.draftkings.com/event/31626161,"{'over': {'odds': {'fanduel': {'american': -108, 'decimal': 1.93, 'link': 'https://sportsbook.fanduel.com/american-football/nfl/pittsburgh-steelers-%40-baltimore-ravens-33904273'}, 'draftkings': {'american': -135, 'decimal': 1.74, 'link': 'https://sportsbook.draftkings.com/event/31626161'}, 'betrivers': {'american': -112, 'decimal': 1.89, 'link': 'https://{state}.betrivers.com/?page=sportsbook#event/1022507676'}, 'betmgm': {'american': -141, 'decimal': 1.71, 'link': 'https://sports.{state}.betmgm.com/en/sports/events/pittsburgh-steelers-at-baltimore-ravens-16863524'}, 'caesars': {'american': -125, 'decimal': 1.8, 'link': 'https://sportsbook.caesars.com/us/{state}/bet/americanfootball/efc4a72d-b379-4d55-a0a5-8d982ce66914/pittsburgh-steelers-at-baltimore-ravens'}, 'pinnacle': {'american': -135, 'decimal': 1.74, 'link': 'https://www.pinnacle.com/en/football/nfl/pittsburgh-steelers-vs-baltimore-ravens/1602790429/'}}}, 'under': {'odds': {'fanduel': {'american': -120, 'decimal': 1.83, 'link': 'https://sportsbook.fanduel.com/american-football/nfl/pittsburgh-steelers-%40-baltimore-ravens-33904273'}, 'draftkings': {'american': 105, 'decimal': 2.05, 'link': 'https://sportsbook.draftkings.com/event/31626161'}, 'betrivers': {'american': -118, 'decimal': 1.85, 'link': 'https://{state}.betrivers.com/?page=sportsbook#event/1022507676'}, 'betmgm': {'american': 105, 'decimal': 2.05, 'link': 'https://sports.{state}.betmgm.com/en/sports/events/pittsburgh-steelers-at-baltimore-ravens-16863524'}, 'caesars': {'american': -105, 'decimal': 1.95, 'link': 'https://sportsbook.caesars.com/us/{state}/bet/americanfootball/efc4a72d-b379-4d55-a0a5-8d982ce66914/pittsburgh-steelers-at-baltimore-ravens'}, 'pinnacle': {'american': 103, 'decimal': 2.03, 'link': 'https://www.pinnacle.com/en/football/nfl/pittsburgh-steelers-vs-baltimore-ravens/1602790429/'}}}}",Baltimore Ravens vs Pittsburgh SteelersRussell Wilson UnderPlayer Prop - Completions18.5DraftKings
NFL,Player Prop - Completions,18.5,Baltimore Ravens vs Pittsburgh Steelers,2025-01-12T01:01:00Z,Russell Wilson Under,BetMGM,105,-106,5.49,https://sports.{state}.betmgm.com/en/sports/events/pittsburgh-steelers-at-baltimore-ravens-16863524,"{'over': {'odds': {'fanduel': {'american': -108, 'decimal': 1.93, 'link': 'https://sportsbook.fanduel.com/american-football/nfl/pittsburgh-steelers-%40-baltimore-ravens-33904273'}, 'draftkings': {'american': -135, 'decimal': 1.74, 'link': 'https://sportsbook.draftkings.com/event/31626161'}, 'betrivers': {'american': -112, 'decimal': 1.89, 'link': 'https://{state}.betrivers.com/?page=sportsbook#event/1022507676'}, 'betmgm': {'american': -141, 'decimal': 1.71, 'link': 'https://sports.{state}.betmgm.com/en/sports/events/pittsburgh-steelers-at-baltimore-ravens-16863524'}, 'caesars': {'american': -125, 'decimal': 1.8, 'link': 'https://sportsbook.caesars.com/us/{state}/bet/americanfootball/efc4a72d-b379-4d55-a0a5-8d982ce66914/pittsburgh-steelers-at-baltimore-ravens'}, 'pinnacle': {'american': -135, 'decimal': 1.74, 'link': 'https://www.pinnacle.com/en/football/nfl/pittsburgh-steelers-vs-baltimore-ravens/1602790429/'}}}, 'under': {'odds': {'fanduel': {'american': -120, 'decimal': 1.83, 'link': 'https://sportsbook.fanduel.com/american-football/nfl/pittsburgh-steelers-%40-baltimore-ravens-33904273'}, 'draftkings': {'american': 105, 'decimal': 2.05, 'link': 'https://sportsbook.draftkings.com/event/31626161'}, 'betrivers': {'american': -118, 'decimal': 1.85, 'link': 'https://{state}.betrivers.com/?page=sportsbook#event/1022507676'}, 'betmgm': {'american': 105, 'decimal': 2.05, 'link': 'https://sports.{state}.betmgm.com/en/sports/events/pittsburgh-steelers-at-baltimore-ravens-16863524'}, 'caesars': {'american': -105, 'decimal': 1.95, 'link': 'https://sportsbook.caesars.com/us/{state}/bet/americanfootball/efc4a72d-b379-4d55-a0a5-8d982ce66914/pittsburgh-steelers-at-baltimore-ravens'}, 'pinnacle': {'american': 103, 'decimal': 2.03, 'link': 'https://www.pinnacle.com/en/football/nfl/pittsburgh-steelers-vs-baltimore-ravens/1602790429/'}}}}",Baltimore Ravens vs Pittsburgh SteelersRussell Wilson UnderPlayer Prop - Completions18.5BetMGM
NFL,Player Prop - Rush Attempts,8.5,Baltimore Ravens vs Pittsburgh Steelers,2025-01-12T01:01:00Z,Lamar Jackson Under,BetMGM,100,-106,2.91,https://sports.{state}.betmgm.com/en/sports/events/pittsburgh-steelers-at-baltimore-ravens-16863524,"{'over': {'odds': {'fanduel': {'american': -108, 'decimal': 1.93, 'link': 'https://sportsbook.fanduel.com/american-football/nfl/pittsburgh-steelers-%40-baltimore-ravens-33904273'}, 'draftkings': {'american': -115, 'decimal': 1.87, 'link': 'https://sportsbook.draftkings.com/event/31626161'}, 'betrivers': {'american': -122, 'decimal': 1.82, 'link': 'https://{state}.betrivers.com/?page=sportsbook#event/1022507676'}, 'betmgm': {'american': -135, 'decimal': 1.74, 'link': 'https://sports.{state}.betmgm.com/en/sports/events/pittsburgh-steelers-at-baltimore-ravens-16863524'}, 'caesars': {'american': -120, 'decimal': 1.83, 'link': 'https://sportsbook.caesars.com/us/{state}/bet/americanfootball/efc4a72d-b379-4d55-a0a5-8d982ce66914/pittsburgh-steelers-at-baltimore-ravens'}}}, 'under': {'odds': {'fanduel': {'american': -120, 'decimal': 1.83, 'link': 'https://sportsbook.fanduel.com/american-football/nfl/pittsburgh-steelers-%40-baltimore-ravens-33904273'}, 'draftkings': {'american': -115, 'decimal': 1.87, 'link': 'https://sportsbook.draftkings.com/event/31626161'}, 'betrivers': {'american': -106, 'decimal': 1.94, 'link': 'https://{state}.betrivers.com/?page=sportsbook#event/1022507676'}, 'betmgm': {'american': 100, 'decimal': 2.0, 'link': 'https://sports.{state}.betmgm.com/en/sports/events/pittsburgh-steelers-at-baltimore-ravens-16863524'}, 'caesars': {'american': -110, 'decimal': 1.91, 'link': 'https://sportsbook.caesars.com/us/{state}/bet/americanfootball/efc4a72d-b379-4d55-a0a5-8d982ce66914/pittsburgh-steelers-at-baltimore-ravens'}}}}",Baltimore Ravens vs Pittsburgh SteelersLamar Jackson UnderPlayer Prop - Rush Attempts8.5BetMGM
NFL,Player Prop - Rush Attempts,20.5,Baltimore Ravens vs Pittsburgh Steelers,2025-01-12T01:01:00Z,Derrick Henry Under,BetMGM,105,-100,2.5,https://sports.{state}.betmgm.com/en/sports/events/pittsburgh-steelers-at-baltimore-ravens-16863524,"{'over': {'odds': {'fanduel': {'american': -114, 'decimal': 1.88, 'link': 'https://sportsbook.fanduel.com/american-football/nfl/pittsburgh-steelers-%40-baltimore-ravens-33904273'}, 'draftkings': {'american': -125, 'decimal': 1.8, 'link': 'https://sportsbook.draftkings.com/event/31626161'}, 'betrivers': {'american': -115, 'decimal': 1.87, 'link': 'https://{state}.betrivers.com/?page=sportsbook#event/1022507676'}, 'betmgm': {'american': -141, 'decimal': 1.71, 'link': 'https://sports.{state}.betmgm.com/en/sports/events/pittsburgh-steelers-at-baltimore-ravens-16863524'}, 'caesars': {'american': -120, 'decimal': 1.83, 'link': 'https://sportsbook.caesars.com/us/{state}/bet/americanfootball/efc4a72d-b379-4d55-a0a5-8d982ce66914/pittsburgh-steelers-at-baltimore-ravens'}}}, 'under': {'odds': {'fanduel': {'american': -114, 'decimal': 1.88, 'link': 'https://sportsbook.fanduel.com/american-football/nfl/pittsburgh-steelers-%40-baltimore-ravens-33904273'}, 'draftkings': {'american': -105, 'decimal': 1.95, 'link': 'https://sportsbook.draftkings.com/event/31626161'}, 'betrivers': {'american': -114, 'decimal': 1.88, 'link': 'https://{state}.betrivers.com/?page=sportsbook#event/1022507676'}, 'betmgm': {'american': 105, 'decimal': 2.05, 'link': 'https://sports.{state}.betmgm.com/en/sports/events/pittsburgh-steelers-at-baltimore-ravens-16863524'}, 'caesars': {'american': -110, 'decimal': 1.91, 'link': 'https://sportsbook.caesars.com/us/{state}/bet/americanfootball/efc4a72d-b379-4d55-a0a5-8d982ce66914/pittsburgh-steelers-at-baltimore-ravens'}}}}",Baltimore Ravens vs Pittsburgh SteelersDerrick Henry UnderPlayer Prop - Rush Attempts20.5BetMGM
NFL,Player Prop - Receptions,5.5,Buffalo Bills vs Denver Broncos,2025-01-12T18:01:00Z,Khalil Shakir Under,BetMGM,-145,-155,2.7,https://sports.{state}.betmgm.com/en/sports/events/denver-broncos-at-buffalo-bills-16863475,"{'over': {'odds': {'fanduel': {'american': 134, 'decimal': 2.34, 'link': 'https://sportsbook.fanduel.com/american-football/nfl/denver-broncos-%40-buffalo-bills-33904153'}, 'betrivers': {'american': 115, 'decimal': 2.15, 'link': 'https://{state}.betrivers.com/?page=sportsbook#event/1022507667'}, 'betmgm': {'american': 110, 'decimal': 2.1, 'link': 'https://sports.{state}.betmgm.com/en/sports/events/denver-broncos-at-buffalo-bills-16863475'}, 'caesars': {'american': 115, 'decimal': 2.15, 'link': 'https://sportsbook.caesars.com/us/{state}/bet/americanfootball/a60744bb-edac-4913-9935-f29b41c4f13e/denver-broncos-at-buffalo-bills'}, 'pinnacle': {'american': 111, 'decimal': 2.11, 'link': 'https://www.pinnacle.com/en/football/nfl/denver-broncos-vs-buffalo-bills/1602789589/'}}}, 'under': {'odds': {'fanduel': {'american': -175, 'decimal': 1.57, 'link': 'https://sportsbook.fanduel.com/american-football/nfl/denver-broncos-%40-buffalo-bills-33904153'}, 'betrivers': {'american': -149, 'decimal': 1.67, 'link': 'https://{state}.betrivers.com/?page=sportsbook#event/1022507667'}, 'betmgm': {'american': -145, 'decimal': 1.69, 'link': 'https://sports.{state}.betmgm.com/en/sports/events/denver-broncos-at-buffalo-bills-16863475'}, 'caesars': {'american': -145, 'decimal': 1.69, 'link': 'https://sportsbook.caesars.com/us/{state}/bet/americanfootball/a60744bb-edac-4913-9935-f29b41c4f13e/denver-broncos-at-buffalo-bills'}, 'pinnacle': {'american': -147, 'decimal': 1.68, 'link': 'https://www.pinnacle.com/en/football/nfl/denver-broncos-vs-buffalo-bills/1602789589/'}}}}",Buffalo Bills vs Denver BroncosKhalil Shakir UnderPlayer Prop - Receptions5.5BetMGM
NFL,Player Prop - Receptions,5.5,Buffalo Bills vs Denver Broncos,2025-01-12T18:01:00Z,Khalil Shakir Under,Caesars,-145,-155,2.7,https://sportsbook.caesars.com/us/{state}/bet/americanfootball/a60744bb-edac-4913-9935-f29b41c4f13e/denver-broncos-at-buffalo-bills,"{'over': {'odds': {'fanduel': {'american': 134, 'decimal': 2.34, 'link': 'https://sportsbook.fanduel.com/american-football/nfl/denver-broncos-%40-buffalo-bills-33904153'}, 'betrivers': {'american': 115, 'decimal': 2.15, 'link': 'https://{state}.betrivers.com/?page=sportsbook#event/1022507667'}, 'betmgm': {'american': 110, 'decimal': 2.1, 'link': 'https://sports.{state}.betmgm.com/en/sports/events/denver-broncos-at-buffalo-bills-16863475'}, 'caesars': {'american': 115, 'decimal': 2.15, 'link': 'https://sportsbook.caesars.com/us/{state}/bet/americanfootball/a60744bb-edac-4913-9935-f29b41c4f13e/denver-broncos-at-buffalo-bills'}, 'pinnacle': {'american': 111, 'decimal': 2.11, 'link': 'https://www.pinnacle.com/en/football/nfl/denver-broncos-vs-buffalo-bills/1602789589/'}}}, 'under': {'odds': {'fanduel': {'american': -175, 'decimal': 1.57, 'link': 'https://sportsbook.fanduel.com/american-football/nfl/denver-broncos-%40-buffalo-bills-33904153'}, 'betrivers': {'american': -149, 'decimal': 1.67, 'link': 'https://{state}.betrivers.com/?page=sportsbook#event/1022507667'}, 'betmgm': {'american': -145, 'decimal': 1.69, 'link': 'https://sports.{state}.betmgm.com/en/sports/events/denver-broncos-at-buffalo-bills-16863475'}, 'caesars': {'american': -145, 'decimal': 1.69, 'link': 'https://sportsbook.caesars.com/us/{state}/bet/americanfootball/a60744bb-edac-4913-9935-f29b41c4f13e/denver-broncos-at-buffalo-bills'}, 'pinnacle': {'american': -147, 'decimal': 1.68, 'link': 'https://www.pinnacle.com/en/football/nfl/denver-broncos-vs-buffalo-bills/1602789589/'}}}}",Buffalo Bills vs Denver BroncosKhalil Shakir UnderPlayer Prop - Receptions5.5Caesars
NFL,Player Prop - Rush Attempts,7.5,Buffalo Bills vs Denver Broncos,2025-01-12T18:01:00Z,Jaleel McLaughlin Over,BetRivers,-125,-134,3.08,https://{state}.betrivers.com/?page=sportsbook#event/1022507667,"{'over': {'odds': {'fanduel': {'american': -152, 'decimal': 1.66, 'link': 'https://sportsbook.fanduel.com/american-football/nfl/denver-broncos-%40-buffalo-bills-33904153'}, 'draftkings': {'american': -141, 'decimal': 1.71, 'link': 'https://sportsbook.draftkings.com/event/31626096'}, 'betrivers': {'american': -125, 'decimal': 1.8, 'link': 'https://{state}.betrivers.com/?page=sportsbook#event/1022507667'}, 'betmgm': {'american': -120, 'decimal': 1.83, 'link': 'https://sports.{state}.betmgm.com/en/sports/events/denver-broncos-at-buffalo-bills-16863475'}, 'caesars': {'american': -145, 'decimal': 1.69, 'link': 'https://sportsbook.caesars.com/us/{state}/bet/americanfootball/a60744bb-edac-4913-9935-f29b41c4f13e/denver-broncos-at-buffalo-bills'}}}, 'under': {'odds': {'fanduel': {'american': 116, 'decimal': 2.16, 'link': 'https://sportsbook.fanduel.com/american-football/nfl/denver-broncos-%40-buffalo-bills-33904153'}, 'draftkings': {'american': 110, 'decimal': 2.1, 'link': 'https://sportsbook.draftkings.com/event/31626096'}, 'betrivers': {'american': -104, 'decimal': 1.96, 'link': 'https://{state}.betrivers.com/?page=sportsbook#event/1022507667'}, 'betmgm': {'american': -110, 'decimal': 1.91, 'link': 'https://sports.{state}.betmgm.com/en/sports/events/denver-broncos-at-buffalo-bills-16863475'}, 'caesars': {'american': 115, 'decimal': 2.15, 'link': 'https://sportsbook.caesars.com/us/{state}/bet/americanfootball/a60744bb-edac-4913-9935-f29b41c4f13e/denver-broncos-at-buffalo-bills'}}}}",Buffalo Bills vs Denver BroncosJaleel McLaughlin OverPlayer Prop - Rush Attempts7.5BetRivers
NFL,Player Prop - Rush Attempts,7.5,Buffalo Bills vs Denver Broncos,2025-01-12T18:01:00Z,Jaleel McLaughlin Over,BetMGM,-120,-134,4.99,https://sports.{state}.betmgm.com/en/sports/events/denver-broncos-at-buffalo-bills-16863475,"{'over': {'odds': {'fanduel': {'american': -152, 'decimal': 1.66, 'link': 'https://sportsbook.fanduel.com/american-football/nfl/denver-broncos-%40-buffalo-bills-33904153'}, 'draftkings': {'american': -141, 'decimal': 1.71, 'link': 'https://sportsbook.draftkings.com/event/31626096'}, 'betrivers': {'american': -125, 'decimal': 1.8, 'link': 'https://{state}.betrivers.com/?page=sportsbook#event/1022507667'}, 'betmgm': {'american': -120, 'decimal': 1.83, 'link': 'https://sports.{state}.betmgm.com/en/sports/events/denver-broncos-at-buffalo-bills-16863475'}, 'caesars': {'american': -145, 'decimal': 1.69, 'link': 'https://sportsbook.caesars.com/us/{state}/bet/americanfootball/a60744bb-edac-4913-9935-f29b41c4f13e/denver-broncos-at-buffalo-bills'}}}, 'under': {'odds': {'fanduel': {'american': 116, 'decimal': 2.16, 'link': 'https://sportsbook.fanduel.com/american-football/nfl/denver-broncos-%40-buffalo-bills-33904153'}, 'draftkings': {'american': 110, 'decimal': 2.1, 'link': 'https://sportsbook.draftkings.com/event/31626096'}, 'betrivers': {'american': -104, 'decimal': 1.96, 'link': 'https://{state}.betrivers.com/?page=sportsbook#event/1022507667'}, 'betmgm': {'american': -110, 'decimal': 1.91, 'link': 'https://sports.{state}.betmgm.com/en/sports/events/denver-broncos-at-buffalo-bills-16863475'}, 'caesars': {'american': 115, 'decimal': 2.15, 'link': 'https://sportsbook.caesars.com/us/{state}/bet/americanfootball/a60744bb-edac-4913-9935-f29b41c4f13e/denver-broncos-at-buffalo-bills'}}}}",Buffalo Bills vs Denver BroncosJaleel McLaughlin OverPlayer Prop - Rush Attempts7.5BetMGM
NFL,Spread -4.5,-4.5,Philadelphia Eagles vs Green Bay Packers,2025-01-12T21:31:00Z,Philadelphia Eagles,FanDuel,-105,-116,4.85,https://sportsbook.fanduel.com/addToBetslip?marketId=42.471626061&selectionId=50186,"{'Green Bay Packers_4.5': {'odds': {'fanduel': {'american': -115, 'decimal': 1.87, 'link': 'https://sportsbook.fanduel.com/addToBetslip?marketId=42.471626061&selectionId=50192'}, 'draftkings': {'american': -110, 'decimal': 1.91, 'link': 'https://sportsbook.draftkings.com/event/31625602?outcomes=0HC78175516P450_3'}, 'betrivers': {'american': -110, 'decimal': 1.91, 'link': 'https://{state}.betrivers.com/?page=sportsbook#event/1022506930?coupon={pickType}|3607360272|{wagerAmount}'}, 'betmgm': {'american': -110, 'decimal': 1.91, 'link': 'https://sports.{state}.betmgm.com/en/sports?options=16863365-1226677650--794630503&type=Single'}, 'caesars': {'american': -110, 'decimal': 1.91, 'link': 'https://sportsbook.caesars.com/us/{state}/bet/betslip?selectionIds=a86d4c09-eb51-354d-bae2-092e0466e7e6'}}}, 'Philadelphia Eagles_-4.5': {'odds': {'fanduel': {'american': -105, 'decimal': 1.95, 'link': 'https://sportsbook.fanduel.com/addToBetslip?marketId=42.471626061&selectionId=50186'}, 'draftkings': {'american': -110, 'decimal': 1.91, 'link': 'https://sportsbook.draftkings.com/event/31625602?outcomes=0HC78175516N450_1'}, 'betrivers': {'american': -110, 'decimal': 1.91, 'link': 'https://{state}.betrivers.com/?page=sportsbook#event/1022506930?coupon={pickType}|3607360271|{wagerAmount}'}, 'betmgm': {'american': -110, 'decimal': 1.91, 'link': 'https://sports.{state}.betmgm.com/en/sports?options=16863365-1226677650--794630502&type=Single'}, 'caesars': {'american': -110, 'decimal': 1.91, 'link': 'https://sportsbook.caesars.com/us/{state}/bet/betslip?selectionIds=60abeb49-6b78-32fe-8f64-0d3d8c18a3b0'}}}, 'Green Bay Packers_4.0': {'odds': {'pinnacle': {'american': 109, 'decimal': 2.09, 'link': None}}}, 'Philadelphia Eagles_-4.0': {'odds': {'pinnacle': {'american': -122, 'decimal': 1.82, 'link': None}}}}",Philadelphia Eagles vs Green Bay PackersPhiladelphia EaglesSpread -4.5-4.5FanDuel
NFL,Spread -4.5,-4.5,Philadelphia Eagles vs Green Bay Packers,2025-01-12T21:31:00Z,Philadelphia Eagles,DraftKings,-110,-116,2.53,https://sportsbook.draftkings.com/event/31625602?outcomes=0HC78175516N450_1,"{'Green Bay Packers_4.5': {'odds': {'fanduel': {'american': -115, 'decimal': 1.87, 'link': 'https://sportsbook.fanduel.com/addToBetslip?marketId=42.471626061&selectionId=50192'}, 'draftkings': {'american': -110, 'decimal': 1.91, 'link': 'https://sportsbook.draftkings.com/event/31625602?outcomes=0HC78175516P450_3'}, 'betrivers': {'american': -110, 'decimal': 1.91, 'link': 'https://{state}.betrivers.com/?page=sportsbook#event/1022506930?coupon={pickType}|3607360272|{wagerAmount}'}, 'betmgm': {'american': -110, 'decimal': 1.91, 'link': 'https://sports.{state}.betmgm.com/en/sports?options=16863365-1226677650--794630503&type=Single'}, 'caesars': {'american': -110, 'decimal': 1.91, 'link': 'https://sportsbook.caesars.com/us/{state}/bet/betslip?selectionIds=a86d4c09-eb51-354d-bae2-092e0466e7e6'}}}, 'Philadelphia Eagles_-4.5': {'odds': {'fanduel': {'american': -105, 'decimal': 1.95, 'link': 'https://sportsbook.fanduel.com/addToBetslip?marketId=42.471626061&selectionId=50186'}, 'draftkings': {'american': -110, 'decimal': 1.91, 'link': 'https://sportsbook.draftkings.com/event/31625602?outcomes=0HC78175516N450_1'}, 'betrivers': {'american': -110, 'decimal': 1.91, 'link': 'https://{state}.betrivers.com/?page=sportsbook#event/1022506930?coupon={pickType}|3607360271|{wagerAmount}'}, 'betmgm': {'american': -110, 'decimal': 1.91, 'link': 'https://sports.{state}.betmgm.com/en/sports?options=16863365-1226677650--794630502&type=Single'}, 'caesars': {'american': -110, 'decimal': 1.91, 'link': 'https://sportsbook.caesars.com/us/{state}/bet/betslip?selectionIds=60abeb49-6b78-32fe-8f64-0d3d8c18a3b0'}}}, 'Green Bay Packers_4.0': {'odds': {'pinnacle': {'american': 109, 'decimal': 2.09, 'link': None}}}, 'Philadelphia Eagles_-4.0': {'odds': {'pinnacle': {'american': -122, 'decimal': 1.82, 'link': None}}}}",Philadelphia Eagles vs Green Bay PackersPhiladelphia EaglesSpread -4.5-4.5DraftKings
NFL,Spread -4.5,-4.5,Philadelphia Eagles vs Green Bay Packers,2025-01-12T21:31:00Z,Philadelphia Eagles,BetRivers,-110,-116,2.53,https://{state}.betrivers.com/?page=sportsbook#event/1022506930?coupon={pickType}|3607360271|{wagerAmount},"{'Green Bay Packers_4.5': {'odds': {'fanduel': {'american': -115, 'decimal': 1.87, 'link': 'https://sportsbook.fanduel.com/addToBetslip?marketId=42.471626061&selectionId=50192'}, 'draftkings': {'american': -110, 'decimal': 1.91, 'link': 'https://sportsbook.draftkings.com/event/31625602?outcomes=0HC78175516P450_3'}, 'betrivers': {'american': -110, 'decimal': 1.91, 'link': 'https://{state}.betrivers.com/?page=sportsbook#event/1022506930?coupon={pickType}|3607360272|{wagerAmount}'}, 'betmgm': {'american': -110, 'decimal': 1.91, 'link': 'https://sports.{state}.betmgm.com/en/sports?options=16863365-1226677650--794630503&type=Single'}, 'caesars': {'american': -110, 'decimal': 1.91, 'link': 'https://sportsbook.caesars.com/us/{state}/bet/betslip?selectionIds=a86d4c09-eb51-354d-bae2-092e0466e7e6'}}}, 'Philadelphia Eagles_-4.5': {'odds': {'fanduel': {'american': -105, 'decimal': 1.95, 'link': 'https://sportsbook.fanduel.com/addToBetslip?marketId=42.471626061&selectionId=50186'}, 'draftkings': {'american': -110, 'decimal': 1.91, 'link': 'https://sportsbook.draftkings.com/event/31625602?outcomes=0HC78175516N450_1'}, 'betrivers': {'american': -110, 'decimal': 1.91, 'link': 'https://{state}.betrivers.com/?page=sportsbook#event/1022506930?coupon={pickType}|3607360271|{wagerAmount}'}, 'betmgm': {'american': -110, 'decimal': 1.91, 'link': 'https://sports.{state}.betmgm.com/en/sports?options=16863365-1226677650--794630502&type=Single'}, 'caesars': {'american': -110, 'decimal': 1.91, 'link': 'https://sportsbook.caesars.com/us/{state}/bet/betslip?selectionIds=60abeb49-6b78-32fe-8f64-0d3d8c18a3b0'}}}, 'Green Bay Packers_4.0': {'odds': {'pinnacle': {'american': 109, 'decimal': 2.09, 'link': None}}}, 'Philadelphia Eagles_-4.0': {'odds': {'pinnacle': {'american': -122, 'decimal': 1.82, 'link': None}}}}",Philadelphia Eagles vs Green Bay PackersPhiladelphia EaglesSpread -4.5-4.5BetRivers
NFL,Spread -4.5,-4.5,Philadelphia Eagles vs Green Bay Packers,2025-01-12T21:31:00Z,Philadelphia Eagles,BetMGM,-110,-116,2.53,https://sports.{state}.betmgm.com/en/sports?options=16863365-1226677650--794630502&type=Single,"{'Green Bay Packers_4.5': {'odds': {'fanduel': {'american': -115, 'decimal': 1.87, 'link': 'https://sportsbook.fanduel.com/addToBetslip?marketId=42.471626061&selectionId=50192'}, 'draftkings': {'american': -110, 'decimal': 1.91, 'link': 'https://sportsbook.draftkings.com/event/31625602?outcomes=0HC78175516P450_3'}, 'betrivers': {'american': -110, 'decimal': 1.91, 'link': 'https://{state}.betrivers.com/?page=sportsbook#event/1022506930?coupon={pickType}|3607360272|{wagerAmount}'}, 'betmgm': {'american': -110, 'decimal': 1.91, 'link': 'https://sports.{state}.betmgm.com/en/sports?options=16863365-1226677650--794630503&type=Single'}, 'caesars': {'american': -110, 'decimal': 1.91, 'link': 'https://sportsbook.caesars.com/us/{state}/bet/betslip?selectionIds=a86d4c09-eb51-354d-bae2-092e0466e7e6'}}}, 'Philadelphia Eagles_-4.5': {'odds': {'fanduel': {'american': -105, 'decimal': 1.95, 'link': 'https://sportsbook.fanduel.com/addToBetslip?marketId=42.471626061&selectionId=50186'}, 'draftkings': {'american': -110, 'decimal': 1.91, 'link': 'https://sportsbook.draftkings.com/event/31625602?outcomes=0HC78175516N450_1'}, 'betrivers': {'american': -110, 'decimal': 1.91, 'link': 'https://{state}.betrivers.com/?page=sportsbook#event/1022506930?coupon={pickType}|3607360271|{wagerAmount}'}, 'betmgm': {'american': -110, 'decimal': 1.91, 'link': 'https://sports.{state}.betmgm.com/en/sports?options=16863365-1226677650--794630502&type=Single'}, 'caesars': {'american': -110, 'decimal': 1.91, 'link': 'https://sportsbook.caesars.com/us/{state}/bet/betslip?selectionIds=60abeb49-6b78-32fe-8f64-0d3d8c18a3b0'}}}, 'Green Bay Packers_4.0': {'odds': {'pinnacle': {'american': 109, 'decimal': 2.09, 'link': None}}}, 'Philadelphia Eagles_-4.0': {'odds': {'pinnacle': {'american': -122, 'decimal': 1.82, 'link': None}}}}",Philadelphia Eagles vs Green Bay PackersPhiladelphia EaglesSpread -4.5-4.5BetMGM
NFL,Spread -4.5,-4.5,Philadelphia Eagles vs Green Bay Packers,2025-01-12T21:31:00Z,Philadelphia Eagles,Caesars,-110,-116,2.53,https://sportsbook.caesars.com/us/{state}/bet/betslip?selectionIds=60abeb49-6b78-32fe-8f64-0d3d8c18a3b0,"{'Green Bay Packers_4.5': {'odds': {'fanduel': {'american': -115, 'decimal': 1.87, 'link': 'https://sportsbook.fanduel.com/addToBetslip?marketId=42.471626061&selectionId=50192'}, 'draftkings': {'american': -110, 'decimal': 1.91, 'link': 'https://sportsbook.draftkings.com/event/31625602?outcomes=0HC78175516P450_3'}, 'betrivers': {'american': -110, 'decimal': 1.91, 'link': 'https://{state}.betrivers.com/?page=sportsbook#event/1022506930?coupon={pickType}|3607360272|{wagerAmount}'}, 'betmgm': {'american': -110, 'decimal': 1.91, 'link': 'https://sports.{state}.betmgm.com/en/sports?options=16863365-1226677650--794630503&type=Single'}, 'caesars': {'american': -110, 'decimal': 1.91, 'link': 'https://sportsbook.caesars.com/us/{state}/bet/betslip?selectionIds=a86d4c09-eb51-354d-bae2-092e0466e7e6'}}}, 'Philadelphia Eagles_-4.5': {'odds': {'fanduel': {'american': -105, 'decimal': 1.95, 'link': 'https://sportsbook.fanduel.com/addToBetslip?marketId=42.471626061&selectionId=50186'}, 'draftkings': {'american': -110, 'decimal': 1.91, 'link': 'https://sportsbook.draftkings.com/event/31625602?outcomes=0HC78175516N450_1'}, 'betrivers': {'american': -110, 'decimal': 1.91, 'link': 'https://{state}.betrivers.com/?page=sportsbook#event/1022506930?coupon={pickType}|3607360271|{wagerAmount}'}, 'betmgm': {'american': -110, 'decimal': 1.91, 'link': 'https://sports.{state}.betmgm.com/en/sports?options=16863365-1226677650--794630502&type=Single'}, 'caesars': {'american': -110, 'decimal': 1.91, 'link': 'https://sportsbook.caesars.com/us/{state}/bet/betslip?selectionIds=60abeb49-6b78-32fe-8f64-0d3d8c18a3b0'}}}, 'Green Bay Packers_4.0': {'odds': {'pinnacle': {'american': 109, 'decimal': 2.09, 'link': None}}}, 'Philadelphia Eagles_-4.0': {'odds': {'pinnacle': {'american': -122, 'decimal': 1.82, 'link': None}}}}",Philadelphia Eagles vs Green Bay PackersPhiladelphia EaglesSpread -4.5-4.5Caesars
NFL,Player Prop - Receptions,3.5,Philadelphia Eagles vs Green Bay Packers,2025-01-12T21:31:00Z,Dontayvion Wicks Under,DraftKings,100,-106,2.91,https://sportsbook.draftkings.com/event/31625602,"{'over': {'odds': {'fanduel': {'american': -108, 'decimal': 1.93, 'link': 'https://sportsbook.fanduel.com/american-football/nfl/green-bay-packers-%40-philadelphia-eagles-33904186'}, 'draftkings': {'american': -125, 'decimal': 1.8, 'link': 'https://sportsbook.draftkings.com/event/31625602'}, 'betrivers': {'american': -118, 'decimal': 1.85, 'link': 'https://{state}.betrivers.com/?page=sportsbook#event/1022506930'}, 'betmgm': {'american': -120, 'decimal': 1.83, 'link': 'https://sports.{state}.betmgm.com/en/sports/events/green-bay-packers-at-philadelphia-eagles-16863365'}, 'caesars': {'american': -115, 'decimal': 1.87, 'link': 'https://sportsbook.caesars.com/us/{state}/bet/americanfootball/a878ca31-3a43-4d4f-a56a-6c8e6dd459dd/green-bay-packers-at-philadelphia-eagles'}, 'pinnacle': {'american': -108, 'decimal': 1.93, 'link': 'https://www.pinnacle.com/en/football/nfl/green-bay-packers-vs-philadelphia-eagles/1602789623/'}}}, 'under': {'odds': {'fanduel': {'american': -120, 'decimal': 1.83, 'link': 'https://sportsbook.fanduel.com/american-football/nfl/green-bay-packers-%40-philadelphia-eagles-33904186'}, 'draftkings': {'american': 100, 'decimal': 2.0, 'link': 'https://sportsbook.draftkings.com/event/31625602'}, 'betrivers': {'american': -112, 'decimal': 1.89, 'link': 'https://{state}.betrivers.com/?page=sportsbook#event/1022506930'}, 'betmgm': {'american': -110, 'decimal': 1.91, 'link': 'https://sports.{state}.betmgm.com/en/sports/events/green-bay-packers-at-philadelphia-eagles-16863365'}, 'caesars': {'american': -115, 'decimal': 1.87, 'link': 'https://sportsbook.caesars.com/us/{state}/bet/americanfootball/a878ca31-3a43-4d4f-a56a-6c8e6dd459dd/green-bay-packers-at-philadelphia-eagles'}, 'pinnacle': {'american': -123, 'decimal': 1.81, 'link': 'https://www.pinnacle.com/en/football/nfl/green-bay-packers-vs-philadelphia-eagles/1602789623/'}}}}",Philadelphia Eagles vs Green Bay PackersDontayvion Wicks UnderPlayer Prop - Receptions3.5DraftKings
NFL,Player Prop - Rush Attempts,20.5,Philadelphia Eagles vs Green Bay Packers,2025-01-12T21:31:00Z,Saquon Barkley Under,DraftKings,100,-106,2.91,https://sportsbook.draftkings.com/event/31625602,"{'over': {'odds': {'fanduel': {'american': -108, 'decimal': 1.93, 'link': 'https://sportsbook.fanduel.com/american-football/nfl/green-bay-packers-%40-philadelphia-eagles-33904186'}, 'draftkings': {'american': -130, 'decimal': 1.77, 'link': 'https://sportsbook.draftkings.com/event/31625602'}, 'betrivers': {'american': -118, 'decimal': 1.85, 'link': 'https://{state}.betrivers.com/?page=sportsbook#event/1022506930'}, 'caesars': {'american': -120, 'decimal': 1.83, 'link': 'https://sportsbook.caesars.com/us/{state}/bet/americanfootball/a878ca31-3a43-4d4f-a56a-6c8e6dd459dd/green-bay-packers-at-philadelphia-eagles'}}}, 'under': {'odds': {'fanduel': {'american': -120, 'decimal': 1.83, 'link': 'https://sportsbook.fanduel.com/american-football/nfl/green-bay-packers-%40-philadelphia-eagles-33904186'}, 'draftkings': {'american': 100, 'decimal': 2.0, 'link': 'https://sportsbook.draftkings.com/event/31625602'}, 'betrivers': {'american': -110, 'decimal': 1.91, 'link': 'https://{state}.betrivers.com/?page=sportsbook#event/1022506930'}, 'caesars': {'american': -110, 'decimal': 1.91, 'link': 'https://sportsbook.caesars.com/us/{state}/bet/americanfootball/a878ca31-3a43-4d4f-a56a-6c8e6dd459dd/green-bay-packers-at-philadelphia-eagles'}}}}",Philadelphia Eagles vs Green Bay PackersSaquon Barkley UnderPlayer Prop - Rush Attempts20.5DraftKings
NFL,Player Prop - Completions,21.5,Los Angeles Rams vs Minnesota Vikings,2025-01-14T01:00:00Z,Matthew Stafford Under,BetMGM,105,-100,2.5,https://sports.{state}.betmgm.com/en/sports/events/minnesota-vikings-at-los-angeles-rams-16863706,"{'over': {'odds': {'draftkings': {'american': -130, 'decimal': 1.77, 'link': 'https://sportsbook.draftkings.com/event/31626716'}, 'betmgm': {'american': -135, 'decimal': 1.74, 'link': 'https://sports.{state}.betmgm.com/en/sports/events/minnesota-vikings-at-los-angeles-rams-16863706'}, 'betrivers': {'american': -132, 'decimal': 1.76, 'link': 'https://{state}.betrivers.com/?page=sportsbook#event/1022508641'}, 'fanduel': {'american': -114, 'decimal': 1.88, 'link': 'https://sportsbook.fanduel.com/american-football/nfl/minnesota-vikings-%40-los-angeles-rams-33904283'}, 'caesars': {'american': -125, 'decimal': 1.8, 'link': 'https://sportsbook.caesars.com/us/{state}/bet/americanfootball/9d880c02-e5ee-47b6-b6e5-9be8965576f6/minnesota-vikings-at-los-angeles-rams'}, 'pinnacle': {'american': -135, 'decimal': 1.74, 'link': 'https://www.pinnacle.com/en/football/nfl/minnesota-vikings-vs-los-angeles-rams/1602789634/'}}}, 'under': {'odds': {'draftkings': {'american': 100, 'decimal': 2.0, 'link': 'https://sportsbook.draftkings.com/event/31626716'}, 'betmgm': {'american': 105, 'decimal': 2.05, 'link': 'https://sports.{state}.betmgm.com/en/sports/events/minnesota-vikings-at-los-angeles-rams-16863706'}, 'betrivers': {'american': 102, 'decimal': 2.02, 'link': 'https://{state}.betrivers.com/?page=sportsbook#event/1022508641'}, 'fanduel': {'american': -114, 'decimal': 1.88, 'link': 'https://sportsbook.fanduel.com/american-football/nfl/minnesota-vikings-%40-los-angeles-rams-33904283'}, 'caesars': {'american': -105, 'decimal': 1.95, 'link': 'https://sportsbook.caesars.com/us/{state}/bet/americanfootball/9d880c02-e5ee-47b6-b6e5-9be8965576f6/minnesota-vikings-at-los-angeles-rams'}, 'pinnacle': {'american': 103, 'decimal': 2.03, 'link': 'https://www.pinnacle.com/en/football/nfl/minnesota-vikings-vs-los-angeles-rams/1602789634/'}}}}",Los Angeles Rams vs Minnesota VikingsMatthew Stafford UnderPlayer Prop - Completions21.5BetMGM
NFL,Player Prop - Receptions,4.5,Los Angeles Rams vs Minnesota Vikings,2025-01-14T01:00:00Z,Cooper Kupp Under,BetMGM,100,-106,2.91,https://sports.{state}.betmgm.com/en/sports/events/minnesota-vikings-at-los-angeles-rams-16863706,"{'over': {'odds': {'draftkings': {'american': -125, 'decimal': 1.8, 'link': 'https://sportsbook.draftkings.com/event/31626716'}, 'betmgm': {'american': -130, 'decimal': 1.77, 'link': 'https://sports.{state}.betmgm.com/en/sports/events/minnesota-vikings-at-los-angeles-rams-16863706'}, 'betrivers': {'american': -108, 'decimal': 1.93, 'link': 'https://{state}.betrivers.com/?page=sportsbook#event/1022508641'}, 'fanduel': {'american': -108, 'decimal': 1.93, 'link': 'https://sportsbook.fanduel.com/american-football/nfl/minnesota-vikings-%40-los-angeles-rams-33904283'}, 'caesars': {'american': -120, 'decimal': 1.83, 'link': 'https://sportsbook.caesars.com/us/{state}/bet/americanfootball/9d880c02-e5ee-47b6-b6e5-9be8965576f6/minnesota-vikings-at-los-angeles-rams'}, 'pinnacle': {'american': -132, 'decimal': 1.76, 'link': 'https://www.pinnacle.com/en/football/nfl/minnesota-vikings-vs-los-angeles-rams/1602789634/'}}}, 'under': {'odds': {'draftkings': {'american': -105, 'decimal': 1.95, 'link': 'https://sportsbook.draftkings.com/event/31626716'}, 'betmgm': {'american': 100, 'decimal': 2.0, 'link': 'https://sports.{state}.betmgm.com/en/sports/events/minnesota-vikings-at-los-angeles-rams-16863706'}, 'betrivers': {'american': -120, 'decimal': 1.83, 'link': 'https://{state}.betrivers.com/?page=sportsbook#event/1022508641'}, 'fanduel': {'american': -120, 'decimal': 1.83, 'link': 'https://sportsbook.fanduel.com/american-football/nfl/minnesota-vikings-%40-los-angeles-rams-33904283'}, 'caesars': {'american': -110, 'decimal': 1.91, 'link': 'https://sportsbook.caesars.com/us/{state}/bet/americanfootball/9d880c02-e5ee-47b6-b6e5-9be8965576f6/minnesota-vikings-at-los-angeles-rams'}, 'pinnacle': {'american': -101, 'decimal': 1.99, 'link': 'https://www.pinnacle.com/en/football/nfl/minnesota-vikings-vs-los-angeles-rams/1602789634/'}}}}",Los Angeles Rams vs Minnesota VikingsCooper Kupp UnderPlayer Prop - Receptions4.5BetMGM
NFL,Player Prop - Rush Attempts,14.5,Los Angeles Rams vs Minnesota Vikings,2025-01-14T01:00:00Z,Aaron Jones Over,DraftKings,100,-106,2.91,https://sportsbook.draftkings.com/event/31626716,"{'over': {'odds': {'draftkings': {'american': 100, 'decimal': 2.0, 'link': 'https://sportsbook.draftkings.com/event/31626716'}, 'betmgm': {'american': 100, 'decimal': 2.0, 'link': 'https://sports.{state}.betmgm.com/en/sports/events/minnesota-vikings-at-los-angeles-rams-16863706'}, 'fanduel': {'american': -120, 'decimal': 1.83, 'link': 'https://sportsbook.fanduel.com/american-football/nfl/minnesota-vikings-%40-los-angeles-rams-33904283'}, 'caesars': {'american': -105, 'decimal': 1.95, 'link': 'https://sportsbook.caesars.com/us/{state}/bet/americanfootball/9d880c02-e5ee-47b6-b6e5-9be8965576f6/minnesota-vikings-at-los-angeles-rams'}}}, 'under': {'odds': {'draftkings': {'american': -130, 'decimal': 1.77, 'link': 'https://sportsbook.draftkings.com/event/31626716'}, 'betmgm': {'american': -135, 'decimal': 1.74, 'link': 'https://sports.{state}.betmgm.com/en/sports/events/minnesota-vikings-at-los-angeles-rams-16863706'}, 'fanduel': {'american': -108, 'decimal': 1.93, 'link': 'https://sportsbook.fanduel.com/american-football/nfl/minnesota-vikings-%40-los-angeles-rams-33904283'}, 'caesars': {'american': -125, 'decimal': 1.8, 'link': 'https://sportsbook.caesars.com/us/{state}/bet/americanfootball/9d880c02-e5ee-47b6-b6e5-9be8965576f6/minnesota-vikings-at-los-angeles-rams'}}}}",Los Angeles Rams vs Minnesota VikingsAaron Jones OverPlayer Prop - Rush Attempts14.5DraftKings
NFL,Player Prop - Rush Attempts,14.5,Los Angeles Rams vs Minnesota Vikings,2025-01-14T01:00:00Z,Aaron Jones Over,BetMGM,100,-106,2.91,https://sports.{state}.betmgm.com/en/sports/events/minnesota-vikings-at-los-angeles-rams-16863706,"{'over': {'odds': {'draftkings': {'american': 100, 'decimal': 2.0, 'link': 'https://sportsbook.draftkings.com/event/31626716'}, 'betmgm': {'american': 100, 'decimal': 2.0, 'link': 'https://sports.{state}.betmgm.com/en/sports/events/minnesota-vikings-at-los-angeles-rams-16863706'}, 'fanduel': {'american': -120, 'decimal': 1.83, 'link': 'https://sportsbook.fanduel.com/american-football/nfl/minnesota-vikings-%40-los-angeles-rams-33904283'}, 'caesars': {'american': -105, 'decimal': 1.95, 'link': 'https://sportsbook.caesars.com/us/{state}/bet/americanfootball/9d880c02-e5ee-47b6-b6e5-9be8965576f6/minnesota-vikings-at-los-angeles-rams'}}}, 'under': {'odds': {'draftkings': {'american': -130, 'decimal': 1.77, 'link': 'https://sportsbook.draftkings.com/event/31626716'}, 'betmgm': {'american': -135, 'decimal': 1.74, 'link': 'https://sports.{state}.betmgm.com/en/sports/events/minnesota-vikings-at-los-angeles-rams-16863706'}, 'fanduel': {'american': -108, 'decimal': 1.93, 'link': 'https://sportsbook.fanduel.com/american-football/nfl/minnesota-vikings-%40-los-angeles-rams-33904283'}, 'caesars': {'american': -125, 'decimal': 1.8, 'link': 'https://sportsbook.caesars.com/us/{state}/bet/americanfootball/9d880c02-e5ee-47b6-b6e5-9be8965576f6/minnesota-vikings-at-los-angeles-rams'}}}}",Los Angeles Rams vs Minnesota VikingsAaron Jones OverPlayer Prop - Rush Attempts14.5BetMGM
NFL,Player Prop - Rush Attempts,5.5,Los Angeles Rams vs Minnesota Vikings,2025-01-14T01:00:00Z,Cam Akers Over,BetRivers,110,-100,5.0,https://{state}.betrivers.com/?page=sportsbook#event/1022508641,"{'over': {'odds': {'draftkings': {'american': -105, 'decimal': 1.95, 'link': 'https://sportsbook.draftkings.com/event/31626716'}, 'betmgm': {'american': 100, 'decimal': 2.0, 'link': 'https://sports.{state}.betmgm.com/en/sports/events/minnesota-vikings-at-los-angeles-rams-16863706'}, 'betrivers': {'american': 110, 'decimal': 2.1, 'link': 'https://{state}.betrivers.com/?page=sportsbook#event/1022508641'}, 'fanduel': {'american': -114, 'decimal': 1.88, 'link': 'https://sportsbook.fanduel.com/american-football/nfl/minnesota-vikings-%40-los-angeles-rams-33904283'}, 'caesars': {'american': -105, 'decimal': 1.95, 'link': 'https://sportsbook.caesars.com/us/{state}/bet/americanfootball/9d880c02-e5ee-47b6-b6e5-9be8965576f6/minnesota-vikings-at-los-angeles-rams'}}}, 'under': {'odds': {'draftkings': {'american': -125, 'decimal': 1.8, 'link': 'https://sportsbook.draftkings.com/event/31626716'}, 'betmgm': {'american': -130, 'decimal': 1.77, 'link': 'https://sports.{state}.betmgm.com/en/sports/events/minnesota-vikings-at-los-angeles-rams-16863706'}, 'betrivers': {'american': -143, 'decimal': 1.7, 'link': 'https://{state}.betrivers.com/?page=sportsbook#event/1022508641'}, 'fanduel': {'american': -114, 'decimal': 1.88, 'link': 'https://sportsbook.fanduel.com/american-football/nfl/minnesota-vikings-%40-los-angeles-rams-33904283'}, 'caesars': {'american': -125, 'decimal': 1.8, 'link': 'https://sportsbook.caesars.com/us/{state}/bet/americanfootball/9d880c02-e5ee-47b6-b6e5-9be8965576f6/minnesota-vikings-at-los-angeles-rams'}}}}",Los Angeles Rams vs Minnesota VikingsCam Akers OverPlayer Prop - Rush Attempts5.5BetRivers
